global_order,step_no,step_title,sub_step_no,sub_step_title,position,sl_no,id,title,difficulty,difficulty_code,tags,leetcode,coding_ninjas,gfg,youtube,article,tuf_plus,tuf_plus_editorial,leetcode_original,coding_ninjas_original,gfg_original,youtube_original,article_original,tuf_plus_original,tuf_plus_editorial_original,flags_and_link_issues
1,1,Learn the basics,1,Things to Know in C++/Java/Python or any language,1,1,srinpttpt,User Input / Output,Easy,0,Introduction to DSA,,https://www.codingninjas.com/studio/problems/find-character-case_58513,https://practice.geeksforgeeks.org/problems/search-query-auto-complete/0,https://www.youtube.com/watch?v=EAR7De6Goz4&t=250,https://takeuforward.org/c/c-basic-input-output/,https://takeuforward.org/plus/dsa/problems/input-output,https://takeuforward.org/plus/dsa/problems/input-output?tab=editorial,,https://www.codingninjas.com/studio/problems/find-character-case_58513?utm_source=striver&utm_medium=website&utm_campaign=a_zcoursetuf,https://practice.geeksforgeeks.org/problems/search-query-auto-complete/0?category%5B%5D=Strings&category%5B%5D=Strings&problemStatus=unsolved&difficulty%5B%5D=2&page=1&query=category%5B%5DStringsproblemStatusunsolveddifficulty%5B%5D2page1category%5B%5DStr,https://youtu.be/EAR7De6Goz4?t=250,,,,
2,1,Learn the basics,1,Things to Know in C++/Java/Python or any language,2,2,dttyps,Data Types,Easy,0,Introduction to DSA,,https://www.codingninjas.com/studio/problems/data-type_8357232,https://www.geeksforgeeks.org/problems/data-type-1666706751/1,https://www.youtube.com/watch?v=EAR7De6Goz4&t=755,,https://takeuforward.org/plus/dsa/problems/cpp,https://takeuforward.org/plus/dsa/problems/cpp,,https://www.codingninjas.com/studio/problems/data-type_8357232?utm_source=striver&utm_medium=website&utm_campaign=a_zcoursetuf,https://bit.ly/3Dqmgvx,https://youtu.be/EAR7De6Goz4?t=755,,,,gfg:bitly_expanded_destination_unverified
3,1,Learn the basics,1,Things to Know in C++/Java/Python or any language,3,3,iflssttmnts,If Else statements,Easy,0,Introduction to DSA,,https://www.codingninjas.com/studio/problems/if-else-decision-making_8357235,https://practice.geeksforgeeks.org/problems/java-if-else-decision-making0924/0,https://www.youtube.com/watch?v=EAR7De6Goz4&t=1259,https://takeuforward.org/if-else/if-else-statements/,https://takeuforward.org/plus/dsa/problems/if-elseif,https://takeuforward.org/plus/dsa/problems/if-elseif?tab=editorial,,https://www.codingninjas.com/studio/problems/if-else-decision-making_8357235?utm_source=striver&utm_medium=website&utm_campaign=a_zcoursetuf,https://practice.geeksforgeeks.org/problems/java-if-else-decision-making0924/0?category%5B%5D=Java&category%5B%5D=Java&difficulty%5B%5D=-2&page=1&query=category%5B%5DJavadifficulty%5B%5D-2page1category%5B%5DJava,https://youtu.be/EAR7De6Goz4?t=1259,,,,
4,1,Learn the basics,1,Things to Know in C++/Java/Python or any language,4,4,switchsttmnt,Switch Statement,Easy,0,Introduction to DSA,,https://www.codingninjas.com/studio/problems/switch-case-statement_8357244,https://practice.geeksforgeeks.org/problems/java-switch-case-statement3529/1,https://www.youtube.com/watch?v=EAR7De6Goz4,https://takeuforward.org/switch-case/switch-case-statements/,https://takeuforward.org/plus/dsa/problems/switch-case,https://takeuforward.org/plus/dsa/problems/switch-case?tab=editorial,,https://www.codingninjas.com/studio/problems/switch-case-statement_8357244?utm_source=striver&utm_medium=website&utm_campaign=a_zcoursetuf,,https://youtu.be/EAR7De6Goz4,,,,
5,1,Learn the basics,1,Things to Know in C++/Java/Python or any language,5,5,whtrrrysstrings,"What are arrays, strings?",Easy,0,Introduction to DSA,,,,https://www.youtube.com/watch?v=EAR7De6Goz4&t=2415,,https://takeuforward.org/plus/dsa/problems/cpp,https://takeuforward.org/plus/dsa/problems/cpp,,,,https://youtu.be/EAR7De6Goz4?t=2415,,,,
6,1,Learn the basics,1,Things to Know in C++/Java/Python or any language,6,6,frlps,For loops,Easy,0,Introduction to DSA,,https://www.codingninjas.com/studio/problems/nth-fibonacci-number_74156,,https://www.youtube.com/watch?v=EAR7De6Goz4&t=3096,https://takeuforward.org/for-loop/understanding-for-loop/,https://takeuforward.org/plus/dsa/problems/cpp,https://takeuforward.org/plus/dsa/problems/cpp,,https://www.codingninjas.com/studio/problems/nth-fibonacci-number_74156?utm_source=striver&utm_medium=website&utm_campaign=a_zcoursetuf,,https://youtu.be/EAR7De6Goz4?t=3096,,,,
7,1,Learn the basics,1,Things to Know in C++/Java/Python or any language,7,7,whillps,While loops,Easy,0,Introduction to DSA,,https://www.codingninjas.com/studio/problems/sum-of-even-odd_624650,https://practice.geeksforgeeks.org/problems/while-loop-printtable-java/1,https://www.youtube.com/watch?v=EAR7De6Goz4&t=3459,https://takeuforward.org/while-loop/while-loops-in-programming/,https://takeuforward.org/plus/dsa/problems/cpp,https://takeuforward.org/plus/dsa/problems/cpp,,https://www.codingninjas.com/studio/problems/sum-of-even-odd_624650?utm_source=striver&utm_medium=website&utm_campaign=a_zcoursetuf,,https://youtu.be/EAR7De6Goz4?t=3459,,,,
8,1,Learn the basics,1,Things to Know in C++/Java/Python or any language,8,8,fnctinspssbyrfrncndvl,Functions (Pass by Reference and Value),Easy,0,Introduction to DSA,,https://www.codingninjas.com/codestudio/problems/fa-1-ece_4606261,https://www.geeksforgeeks.org/problems/pass-by-reference-and-value/1,https://www.youtube.com/watch?v=EAR7De6Goz4&t=3677,,https://takeuforward.org/plus/dsa/problems/cpp,https://takeuforward.org/plus/dsa/problems/cpp,,https://www.codingninjas.com/codestudio/problems/fa-1-ece_4606261?utm_source=striver&utm_medium=website&utm_campaign=a_zcoursetuf,https://bit.ly/3DqE0ac,https://youtu.be/EAR7De6Goz4?t=3677,,,,gfg:bitly_expanded_destination_unverified
9,1,Learn the basics,1,Things to Know in C++/Java/Python or any language,9,9,timcmplxitylrnbsicsndthnnlysinnxtstps,"Time Complexity [Learn Basics, and then analyse in next Steps]",Easy,0,Introduction to DSA,,,,https://www.youtube.com/watch?v=FPu9Uld7W-E,https://takeuforward.org/time-complexity/time-and-space-complexity-strivers-a2z-dsa-course/,,https://takeuforward.org/plus/dsa/problems/theory-with-examples,,,,https://youtu.be/FPu9Uld7W-E,,,,
10,1,Learn the basics,2,Build-up Logical Thinking,1,1,pttrns,Patterns,Easy,0,Maths | Data Structures,,,,https://www.youtube.com/watch?v=tNm_NNSB3_w,https://takeuforward.org/strivers-a2z-dsa-course/must-do-pattern-problems-before-starting-dsa/,https://takeuforward.org/plus/dsa/problems/easy-and-medium,https://takeuforward.org/plus/dsa/problems/easy-and-medium?tab=editorial,,,,https://www.youtube.com/watch?v=tNm_NNSB3_w&list=PLgUwDviBIf0oF6QL8m22w1hIDC1vJ_BHz&index=3,,,,
11,1,Learn the basics,3,Learn STL/Java-Collections or similar thing in your language,1,1,cstl,C++ STL,Medium,1,C++ | Introduction to DSA,,,https://www.youtube.com/watch?v=RRVYpIET_RU,https://www.youtube.com/watch?v=RRVYpIET_RU,https://takeuforward.org/c/c-stl-tutorial-most-frequent-used-stl-containers/,,https://takeuforward.org/plus/dsa/problems/stl,,,,,,,,gfg:domain_mismatch:youtube
12,1,Learn the basics,3,Learn STL/Java-Collections or similar thing in your language,2,2,jvcllctins,Java Collections,Easy,0,Java | Introduction to DSA,,,,,,,https://takeuforward.org/plus/dsa/problems/java-collections,,,,,,,,
13,1,Learn the basics,4,Know Basic Maths,1,1,cntdigits,Count Digits,Easy,0,Maths | Data Structures,,https://www.codingninjas.com/codestudio/problems/count-digits_8416387,https://practice.geeksforgeeks.org/problems/count-digits5716/1,https://www.youtube.com/watch?v=1xNbjMdbjug,https://takeuforward.org/data-structure/count-digits-in-a-number/,https://takeuforward.org/plus/dsa/problems/count-all-digits-of-a-number,https://takeuforward.org/plus/dsa/problems/count-all-digits-of-a-number?tab=editorial,,https://www.codingninjas.com/codestudio/problems/count-digits_8416387?utm_source=striver&utm_medium=website&utm_campaign=a_zcoursetuf,,https://youtu.be/1xNbjMdbjug,,,,
14,1,Learn the basics,4,Know Basic Maths,2,2,rvrsnmbr,Reverse a Number,Easy,0,Maths | Data Structures,https://leetcode.com/problems/reverse-integer/,https://www.codingninjas.com/studio/problems/reverse-bits_2181102,https://practice.geeksforgeeks.org/problems/reverse-bits3556/1,https://www.youtube.com/watch?v=1xNbjMdbjug&t=930,https://takeuforward.org/maths/reverse-digits-of-a-number,https://takeuforward.org/plus/dsa/problems/reverse-a-number,https://takeuforward.org/plus/dsa/problems/reverse-a-number?tab=editorial,,https://www.codingninjas.com/studio/problems/reverse-bits_2181102?utm_source=striver&utm_medium=website&utm_campaign=a_zcoursetuf,,https://youtu.be/1xNbjMdbjug?t=930,,,,
15,1,Learn the basics,4,Know Basic Maths,3,3,chckplindrm,Check Palindrome,Easy,0,Maths | Data Structures,https://leetcode.com/problems/palindrome-number/,https://www.codingninjas.com/studio/problems/palindrome-number_624662,https://practice.geeksforgeeks.org/problems/palindrome0746/1,https://www.youtube.com/watch?v=1xNbjMdbjug&t=1230,https://takeuforward.org/data-structure/check-if-a-number-is-palindrome-or-not/,https://takeuforward.org/plus/dsa/problems/palindrome-number,https://takeuforward.org/plus/dsa/problems/palindrome-number?tab=editorial,,https://www.codingninjas.com/studio/problems/palindrome-number_624662?utm_source=striver&utm_medium=website&utm_campaign=a_zcoursetuf,,https://youtu.be/1xNbjMdbjug?t=1230,,,,
16,1,Learn the basics,4,Know Basic Maths,4,4,gcdrhcf,GCD Or HCF,Easy,0,Maths | Data Structures,,https://www.codingninjas.com/codestudio/problems/hcf-and-lcm_840448,https://practice.geeksforgeeks.org/problems/lcm-and-gcd4516/1,https://www.youtube.com/watch?v=1xNbjMdbjug&t=2684,https://takeuforward.org/data-structure/find-gcd-of-two-numbers/,https://takeuforward.org/plus/dsa/problems/gcd-of-two-numbers,https://takeuforward.org/plus/dsa/problems/gcd-of-two-numbers?tab=editorial,,https://www.codingninjas.com/codestudio/problems/hcf-and-lcm_840448?utm_source=striver&utm_medium=website&utm_campaign=a_zcoursetuf,,https://youtu.be/1xNbjMdbjug?t=2684,,,,
17,1,Learn the basics,4,Know Basic Maths,5,5,rmstrngnmbrs,Armstrong Numbers,Easy,0,Maths | Data Structures,https://leetcode.com/problems/armstrong-number/,https://www.codingninjas.com/studio/problems/check-armstrong_589,https://practice.geeksforgeeks.org/problems/armstrong-numbers2727/1,https://www.youtube.com/watch?v=1xNbjMdbjug&t=1418,https://takeuforward.org/maths/check-if-a-number-is-armstrong-number-or-not/,https://takeuforward.org/plus/dsa/problems/check-if-the-number-if-armstrong,https://takeuforward.org/plus/dsa/problems/check-if-the-number-if-armstrong?tab=editorial,,https://www.codingninjas.com/studio/problems/check-armstrong_589?utm_source=striver&utm_medium=website&utm_campaign=a_zcoursetuf,,https://youtu.be/1xNbjMdbjug?t=1418,,,,
18,1,Learn the basics,4,Know Basic Maths,6,6,printlldivisrs,Print all Divisors,Easy,0,Maths | Data Structures,,https://www.codingninjas.com/studio/problems/sum-of-all-divisors_8360720,https://practice.geeksforgeeks.org/problems/sum-of-all-divisors-from-1-to-n4738/1,https://www.youtube.com/watch?v=1xNbjMdbjug&t=1580,https://takeuforward.org/data-structure/print-all-divisors-of-a-given-number/,https://takeuforward.org/plus/dsa/problems/divisors-of-a-number,https://takeuforward.org/plus/dsa/problems/divisors-of-a-number?tab=editorial,,https://www.codingninjas.com/studio/problems/sum-of-all-divisors_8360720?utm_source=striver&utm_medium=website&utm_campaign=a_zcoursetuf,,https://youtu.be/1xNbjMdbjug?t=1580,,,,
19,1,Learn the basics,4,Know Basic Maths,7,7,chckfrprim,Check for Prime,Easy,0,Maths | Data Structures,,https://www.codingninjas.com/studio/problems/check-prime_624934,https://practice.geeksforgeeks.org/problems/minimum-number-of-jumps-1587115620/1,https://www.youtube.com/watch?v=1xNbjMdbjug&t=2381,https://takeuforward.org/data-structure/check-if-a-number-is-prime-or-not/,https://takeuforward.org/plus/dsa/problems/check-for-prime-number,https://takeuforward.org/plus/dsa/problems/check-for-prime-number?tab=editorial,,https://www.codingninjas.com/studio/problems/check-prime_624934?utm_source=striver&utm_medium=website&utm_campaign=a_zcoursetuf,,https://youtu.be/1xNbjMdbjug?t=2381,,,,
20,1,Learn the basics,5,Learn Basic Recursion,1,1,ndrstndrcrsinbyprintsmthingntims,Understand recursion by print something N times,Easy,0,Recursion | Data Structures,,https://www.codingninjas.com/codestudio/problems/print-1-to-n_628290,https://www.geeksforgeeks.org/problems/print-1-to-n-without-using-loops-1587115620/1,https://www.youtube.com/watch?v=yVdKa8dnKiE,https://takeuforward.org/recursion/introduction-to-recursion-understand-recursion-by-printing-something-n-times/,,https://takeuforward.org/plus/dsa/problems/recursion-theory,,https://www.codingninjas.com/codestudio/problems/print-1-to-n_628290?utm_source=striver&utm_medium=website&utm_campaign=a_zcoursetuf,https://bit.ly/3K2epHv,https://www.youtube.com/watch?v=yVdKa8dnKiE&list=PLgUwDviBIf0rGlzIn_7rsaR2FQ5e6ZOL9,,,,gfg:bitly_expanded_destination_unverified
21,1,Learn the basics,5,Learn Basic Recursion,2,2,printnmntimssingrcrsin,Print name N times using recursion,Easy,0,Recursion | Data Structures,,https://www.codingninjas.com/studio/problems/-print-n-times_8380707,https://www.geeksforgeeks.org/problems/print-gfg-n-times/1,https://www.youtube.com/watch?v=un6PLygfXrA,https://takeuforward.org/recursion/print-name-n-times-using-recursion/,,https://takeuforward.org/plus/dsa/problems/recursion-theory,,https://www.codingninjas.com/studio/problems/-print-n-times_8380707?utm_source=striver&utm_medium=website&utm_campaign=a_zcoursetuf,https://bit.ly/3y2BiWz,https://www.youtube.com/watch?v=un6PLygfXrA&list=PLgUwDviBIf0rGlzIn_7rsaR2FQ5e6ZOL9&index=2,,,,gfg:bitly_expanded_destination_unverified
22,1,Learn the basics,5,Learn Basic Recursion,3,3,print1tnsingrcrsin,Print 1 to N using recursion,Easy,0,Recursion | Data Structures,,https://www.codingninjas.com/codestudio/problems/print-1-to-n_628290,https://practice.geeksforgeeks.org/problems/print-1-to-n-without-using-loops-1587115620/1,https://www.youtube.com/watch?v=un6PLygfXrA,https://takeuforward.org/recursion/print-1-to-n-using-recursion/,,https://takeuforward.org/plus/dsa/problems/recursion-theory,,https://www.codingninjas.com/codestudio/problems/print-1-to-n_628290?utm_source=striver&utm_medium=website&utm_campaign=a_zcoursetuf,,https://www.youtube.com/watch?v=un6PLygfXrA&list=PLgUwDviBIf0rGlzIn_7rsaR2FQ5e6ZOL9&index=2,,,,
23,1,Learn the basics,5,Learn Basic Recursion,4,4,printnt1singrcrsin,Print N to 1 using recursion,Easy,0,Recursion | Data Structures,,https://www.codingninjas.com/studio/problems/n-to-1-without-loop_8357243,https://www.geeksforgeeks.org/problems/print-n-to-1-without-loop/1,https://www.youtube.com/watch?v=un6PLygfXrA,https://takeuforward.org/recursion/print-n-to-1-using-recursion/,,https://takeuforward.org/plus/dsa/problems/recursion-theory,,https://www.codingninjas.com/studio/problems/n-to-1-without-loop_8357243?utm_source=striver&utm_medium=website&utm_campaign=a_zcoursetuf,https://bit.ly/3LOkcBn,https://www.youtube.com/watch?v=un6PLygfXrA&list=PLgUwDviBIf0rGlzIn_7rsaR2FQ5e6ZOL9&index=2,,,,gfg:bitly_expanded_destination_unverified
24,1,Learn the basics,5,Learn Basic Recursion,5,5,smffirstnnmbrs,Sum of first N numbers,Easy,0,Maths | Data Structures,,https://www.codingninjas.com/studio/problems/sum-of-first-n-numbers_8876068,https://practice.geeksforgeeks.org/problems/sum-of-first-n-terms5843/1,https://www.youtube.com/watch?v=69ZCDFy-OUo,https://takeuforward.org/data-structure/sum-of-first-n-natural-numbers/,https://takeuforward.org/plus/dsa/problems/sum-of-first-n-numbers,https://takeuforward.org/plus/dsa/problems/sum-of-first-n-numbers?tab=editorial,,https://www.codingninjas.com/studio/problems/sum-of-first-n-numbers_8876068?utm_source=striver&utm_medium=website&utm_campaign=a_zcoursetuf,,https://www.youtube.com/watch?v=69ZCDFy-OUo&list=PLgUwDviBIf0rGlzIn_7rsaR2FQ5e6ZOL9&index=3,,,,
25,1,Learn the basics,5,Learn Basic Recursion,6,6,fctrilfnnmbrs,Factorial of N numbers,Easy,0,Maths | Data Structures,,https://www.codingninjas.com/studio/problems/factorial-numbers-not-greater-than-n_8365435,https://practice.geeksforgeeks.org/problems/find-all-factorial-numbers-less-than-or-equal-to-n3548/0,https://www.youtube.com/watch?v=69ZCDFy-OUo,https://takeuforward.org/data-structure/factorial-of-a-number-iterative-and-recursive/,https://takeuforward.org/plus/dsa/problems/factorial-of-a-given-number,https://takeuforward.org/plus/dsa/problems/factorial-of-a-given-number?tab=editorial,,https://www.codingninjas.com/studio/problems/factorial-numbers-not-greater-than-n_8365435?utm_source=striver&utm_medium=website&utm_campaign=a_zcoursetuf,https://practice.geeksforgeeks.org/problems/find-all-factorial-numbers-less-than-or-equal-to-n3548/0?problemType=functional&difficulty%5B%5D=-1&page=1&query=problemTypefunctionaldifficulty%5B%5D-1page1,https://www.youtube.com/watch?v=69ZCDFy-OUo&list=PLgUwDviBIf0rGlzIn_7rsaR2FQ5e6ZOL9&index=3,,,,
26,1,Learn the basics,5,Learn Basic Recursion,7,7,rvrsnrry,Reverse an array,Easy,0,Arrays | Data Structures,,https://www.codingninjas.com/studio/problems/reverse-an-array_8365444,https://practice.geeksforgeeks.org/problems/reverse-an-array/0,https://www.youtube.com/watch?v=twuC1F6gLI8,https://takeuforward.org/data-structure/reverse-a-given-array/,https://takeuforward.org/plus/dsa/problems/reverse-an-array,https://takeuforward.org/plus/dsa/problems/reverse-an-array?tab=editorial,,https://www.codingninjas.com/studio/problems/reverse-an-array_8365444?utm_source=striver&utm_medium=website&utm_campaign=a_zcoursetuf,,https://www.youtube.com/watch?v=twuC1F6gLI8&list=PLgUwDviBIf0rGlzIn_7rsaR2FQ5e6ZOL9&index=4,,,,
27,1,Learn the basics,5,Learn Basic Recursion,8,8,chckifstringisplindrmrnt,Check if a string is palindrome or not,Medium,1,String | Data Structures,https://leetcode.com/problems/valid-palindrome/,https://www.codingninjas.com/studio/problems/check-palindrome-recursive_624386,https://practice.geeksforgeeks.org/problems/palindrome-string0817/1,https://www.youtube.com/watch?v=twuC1F6gLI8,https://takeuforward.org/data-structure/check-if-the-given-string-is-palindrome-or-not/,https://takeuforward.org/plus/dsa/problems/check-if-string-is-palindrome-or-not-,https://takeuforward.org/plus/dsa/problems/check-if-string-is-palindrome-or-not-?tab=editorial,,https://www.codingninjas.com/studio/problems/check-palindrome-recursive_624386?utm_source=striver&utm_medium=website&utm_campaign=a_zcoursetuf,,https://www.youtube.com/watch?v=twuC1F6gLI8&list=PLgUwDviBIf0rGlzIn_7rsaR2FQ5e6ZOL9&index=4,,,,
28,1,Learn the basics,5,Learn Basic Recursion,9,9,fibnccinmbr,Fibonacci Number,Easy,0,Maths | Data Structures,https://leetcode.com/problems/fibonacci-number/,https://www.codingninjas.com/studio/problems/print-fibonacci-series_7421617,https://www.geeksforgeeks.org/problems/print-first-n-fibonacci-numbers1002/1,https://www.youtube.com/watch?v=kvRjNm4rVBE,https://takeuforward.org/arrays/print-fibonacci-series-up-to-nth-term/,https://takeuforward.org/plus/dsa/problems/fibonacci-number,https://takeuforward.org/plus/dsa/problems/fibonacci-number?tab=editorial,,https://www.codingninjas.com/studio/problems/print-fibonacci-series_7421617?utm_source=striver&utm_medium=website&utm_campaign=a_zcoursetuf,https://bit.ly/3QUkkk2,https://www.youtube.com/watch?v=kvRjNm4rVBE&list=PLgUwDviBIf0rGlzIn_7rsaR2FQ5e6ZOL9&index=5,,,,gfg:bitly_expanded_destination_unverified
29,1,Learn the basics,6,Learn Basic Hashing,1,1,hshingthry,Hashing Theory,Medium,1,Hashing | Data Structures,,,,https://www.youtube.com/watch?v=KEs5UyBJ39g,https://takeuforward.org/hashing/hashing-maps-time-complexity-collisions-division-rule-of-hashing-strivers-a2z-dsa-course/,,https://takeuforward.org/plus/dsa/problems/basic-hashing,,,,,,,,
30,1,Learn the basics,6,Learn Basic Hashing,2,2,cntingfrqncisfrrylmnts,Counting frequencies of array elements,Easy,0,Arrays | Hashing | Sorting | Data Structures,,https://www.codingninjas.com/studio/problems/count-frequency-in-a-range_8365446,https://practice.geeksforgeeks.org/problems/frequency-of-array-elements-1587115620/0,,https://takeuforward.org/data-structure/count-frequency-of-each-element-in-the-array/,,https://takeuforward.org/plus/dsa/problems/basic-hashing,,https://www.codingninjas.com/studio/problems/count-frequency-in-a-range_8365446?utm_source=striver&utm_medium=website&utm_campaign=a_zcoursetuf,,,,,,
31,1,Learn the basics,6,Learn Basic Hashing,3,3,findthhighstlwstfrqncylmnt,Find the highest/lowest frequency element,Easy,0,Arrays | Hashing | Data Structures,https://leetcode.com/problems/frequency-of-the-most-frequent-element/,https://www.codingninjas.com/studio/problems/k-most-occurrent-numbers_625382,https://www.geeksforgeeks.org/problems/top-k-frequent-elements-in-array/1,,https://takeuforward.org/arrays/find-the-highest-lowest-frequency-element/,https://takeuforward.org/plus/dsa/problems/highest-occurring-element-in-an-array,https://takeuforward.org/plus/dsa/problems/highest-occurring-element-in-an-array?tab=editorial,,https://www.codingninjas.com/studio/problems/k-most-occurrent-numbers_625382?utm_source=striver&utm_medium=website&utm_campaign=a_zcoursetuf,https://bit.ly/3wcIHla,,,,,gfg:bitly_expanded_destination_unverified
32,2,Learn Important Sorting Techniques,1,Sorting-I,1,1,slctinsrt,Selection Sort,Easy,0,Sorting | Arrays | Data Structures,,https://www.codingninjas.com/studio/problems/selection-sort_624469,https://www.geeksforgeeks.org/problems/selection-sort/1,https://www.youtube.com/watch?v=HGk_ypEuS24&t=167,https://takeuforward.org/sorting/selection-sort-algorithm/,https://takeuforward.org/plus/dsa/problems/selection-sort,https://takeuforward.org/plus/dsa/problems/selection-sort?tab=editorial,,https://www.codingninjas.com/studio/problems/selection-sort_624469?utm_source=striver&utm_medium=website&utm_campaign=a_zcoursetuf,https://bit.ly/3ppA6YJ,https://youtu.be/HGk_ypEuS24?t=167,,,,gfg:bitly_expanded_destination_unverified
33,2,Learn Important Sorting Techniques,1,Sorting-I,2,2,bbblsrt,Bubble Sort,Easy,0,Sorting | Arrays | Data Structures,,https://www.codingninjas.com/studio/problems/bubble-sort_624380,https://www.geeksforgeeks.org/problems/bubble-sort/1,https://www.youtube.com/watch?v=HGk_ypEuS24&t=1061,https://takeuforward.org/data-structure/bubble-sort-algorithm/,https://takeuforward.org/plus/dsa/problems/bubble-sort,https://takeuforward.org/plus/dsa/problems/bubble-sort?tab=editorial,,https://www.codingninjas.com/studio/problems/bubble-sort_624380?utm_source=striver&utm_medium=website&utm_campaign=a_zcoursetuf,https://bit.ly/3w6yQx8,https://youtu.be/HGk_ypEuS24?t=1061,,,,gfg:bitly_expanded_destination_unverified
34,2,Learn Important Sorting Techniques,1,Sorting-I,3,3,insrtinsrt,Insertion Sort,Easy,0,Sorting | Data Structures,,https://www.codingninjas.com/studio/problems/insertion-sort_624381,https://www.geeksforgeeks.org/problems/insertion-sort/0,https://www.youtube.com/watch?v=HGk_ypEuS24&t=1900,https://takeuforward.org/data-structure/insertion-sort-algorithm/,https://takeuforward.org/plus/dsa/problems/insertion-sorting,https://takeuforward.org/plus/dsa/problems/insertion-sorting?tab=editorial,,https://www.codingninjas.com/studio/problems/insertion-sort_624381?utm_source=striver&utm_medium=website&utm_campaign=a_zcoursetuf,https://bit.ly/3JVcqot,https://youtu.be/HGk_ypEuS24?t=1900,,,,gfg:bitly_expanded_destination_unverified
35,2,Learn Important Sorting Techniques,2,Sorting-II,1,1,mrgsrt,Merge Sort,Medium,1,Arrays | Sorting | Data Structures,,https://www.codingninjas.com/studio/problems/merge-sort_5846,https://www.geeksforgeeks.org/problems/merge-sort/1,https://www.youtube.com/watch?v=ogjf7ORKfd8,https://takeuforward.org/data-structure/merge-sort-algorithm/,https://takeuforward.org/plus/dsa/problems/merge-sorting,https://takeuforward.org/plus/dsa/problems/merge-sorting?tab=editorial,,https://www.codingninjas.com/studio/problems/merge-sort_5846?utm_source=striver&utm_medium=website&utm_campaign=a_zcoursetuf,https://bit.ly/3A30Anw,https://youtu.be/ogjf7ORKfd8,,,,gfg:bitly_expanded_destination_unverified
36,2,Learn Important Sorting Techniques,2,Sorting-II,2,2,rcrsivbbblsrt,Recursive Bubble Sort,Easy,0,Sorting | Data Structures,,https://www.codingninjas.com/studio/problems/bubble-sort_624380,https://www.geeksforgeeks.org/problems/bubble-sort/1,,https://takeuforward.org/arrays/recursive-bubble-sort-algorithm/,,,,https://www.codingninjas.com/studio/problems/bubble-sort_624380?utm_source=striver&utm_medium=website&utm_campaign=a_zcoursetuf,https://bit.ly/3QV65vI,,,,,gfg:bitly_expanded_destination_unverified
37,2,Learn Important Sorting Techniques,2,Sorting-II,3,3,rcrsivinsrtinsrt,Recursive Insertion Sort,Easy,0,Recursion | Sorting | Data Structures,,https://www.codingninjas.com/studio/problems/insertion-sort_624381,https://www.geeksforgeeks.org/problems/insertion-sort/1,,https://takeuforward.org/arrays/recursive-insertion-sort-algorithm/,,,,https://www.codingninjas.com/studio/problems/insertion-sort_624381?utm_source=striver&utm_medium=website&utm_campaign=a_zcoursetuf,https://bit.ly/3PxAWx1,,,,,gfg:bitly_expanded_destination_unverified
38,2,Learn Important Sorting Techniques,2,Sorting-II,4,4,qicksrt,Quick Sort,Easy,0,Arrays | Sorting | Data Structures,,https://www.codingninjas.com/studio/problems/quick-sort_5844,https://www.geeksforgeeks.org/problems/quick-sort/1,https://www.youtube.com/watch?v=WIrA4YexLRQ,https://takeuforward.org/data-structure/quick-sort-algorithm/,https://takeuforward.org/plus/dsa/problems/quick-sorting,https://takeuforward.org/plus/dsa/problems/quick-sorting?tab=editorial,,https://www.codingninjas.com/studio/problems/quick-sort_5844?utm_source=striver&utm_medium=website&utm_campaign=a_zcoursetuf,https://bit.ly/3dsEbIK,https://youtu.be/WIrA4YexLRQ,,,,gfg:bitly_expanded_destination_unverified
39,3,Solve Problems on Arrays [Easy -> Medium -> Hard],1,Easy,1,1,lrgstlmntinnrry,Largest Element in an Array,Easy,0,Arrays | Data Structures,,https://www.codingninjas.com/codestudio/problems/largest-element-in-the-array-largest-element-in-the-array_5026279,https://www.geeksforgeeks.org/problems/largest-element-in-array4009/0,https://www.youtube.com/watch?v=37E9ckMDdTk&t=526,https://takeuforward.org/data-structure/find-the-largest-element-in-an-array/,https://takeuforward.org/plus/dsa/problems/largest-element,https://takeuforward.org/plus/dsa/problems/largest-element?tab=editorial,,https://www.codingninjas.com/codestudio/problems/largest-element-in-the-array-largest-element-in-the-array_5026279?utm_source=striver&utm_medium=website&utm_campaign=a_zcoursetuf,https://bit.ly/3Pld280,https://youtu.be/37E9ckMDdTk?t=526,,,,gfg:bitly_expanded_destination_unverified
40,3,Solve Problems on Arrays [Easy -> Medium -> Hard],1,Easy,2,2,scndlrgstlmntinnrrywithtsrting,Second Largest Element in an Array without sorting,Easy,0,Arrays | Data Structures,,https://www.codingninjas.com/codestudio/problems/ninja-and-the-second-order-elements_6581960,https://www.geeksforgeeks.org/problems/second-largest3735/1,https://www.youtube.com/watch?v=37E9ckMDdTk&t=810,https://takeuforward.org/data-structure/find-second-smallest-and-second-largest-element-in-an-array/,https://takeuforward.org/plus/dsa/problems/second-largest-element,https://takeuforward.org/plus/dsa/problems/second-largest-element?tab=editorial,,https://www.codingninjas.com/codestudio/problems/ninja-and-the-second-order-elements_6581960?utm_source=striver&utm_medium=website&utm_campaign=a_zcoursetuf,https://bit.ly/3pFvBcN,https://youtu.be/37E9ckMDdTk?t=810,,,,gfg:bitly_expanded_destination_unverified
41,3,Solve Problems on Arrays [Easy -> Medium -> Hard],1,Easy,3,3,chckifthrryissrtd,Check if the array is sorted,Easy,0,Arrays | Data Structures,https://leetcode.com/problems/check-if-array-is-sorted-and-rotated/,https://www.codingninjas.com/codestudio/problems/ninja-and-the-sorted-check_6581957,https://www.geeksforgeeks.org/problems/check-if-an-array-is-sorted0701/1,https://www.youtube.com/watch?v=37E9ckMDdTk&t=17224,https://takeuforward.org/data-structure/check-if-an-array-is-sorted/,https://takeuforward.org/plus/dsa/problems/check-if-the-array-is-sorted,https://takeuforward.org/plus/dsa/problems/check-if-the-array-is-sorted?tab=editorial,"https://leetcode.com/problems/check-if-array-is-sorted-and-rotated/#:~:text=Input%3A%20nums%20%3D%20%5B2%2C,no%20rotation)%20to%20make%20nums.",https://www.codingninjas.com/codestudio/problems/ninja-and-the-sorted-check_6581957?utm_source=striver&utm_medium=website&utm_campaign=a_zcoursetuf,https://bit.ly/3Ap9U6F,https://youtu.be/37E9ckMDdTk?t=17224,,,,gfg:bitly_expanded_destination_unverified; tuf_plus_editorial:whitespace_trimmed
42,3,Solve Problems on Arrays [Easy -> Medium -> Hard],1,Easy,4,4,rmvdplictsfrmsrtdrry,Remove duplicates from Sorted array,Easy,0,Arrays | Data Structures,https://leetcode.com/problems/remove-duplicates-from-sorted-array/,https://www.codingninjas.com/codestudio/problems/remove-duplicates-from-sorted-array_1102307,https://www.geeksforgeeks.org/problems/remove-duplicate-elements-from-sorted-array/1,https://www.youtube.com/watch?v=37E9ckMDdTk&t=1887,https://takeuforward.org/data-structure/remove-duplicates-in-place-from-sorted-array/,https://takeuforward.org/plus/dsa/problems/remove-duplicates-from-sorted-array,https://takeuforward.org/plus/dsa/problems/remove-duplicates-from-sorted-array?tab=editorial,"https://leetcode.com/problems/remove-duplicates-from-sorted-array/#:~:text=Input%3A%20nums%20%3D%20%5B0%2C,%2C%203%2C%20and%204%20respectively.",https://www.codingninjas.com/codestudio/problems/remove-duplicates-from-sorted-array_1102307?utm_source=striver&utm_medium=website&utm_campaign=a_zcoursetuf,https://bit.ly/3w7b6ck,https://youtu.be/37E9ckMDdTk?t=1887,,,,gfg:bitly_expanded_destination_unverified
43,3,Solve Problems on Arrays [Easy -> Medium -> Hard],1,Easy,5,5,lftrttnrrybynplc,Left Rotate an array by one place,Easy,0,Arrays | Data Structures,https://leetcode.com/problems/rotate-array/,https://www.codingninjas.com/codestudio/problems/left-rotate-an-array-by-one_5026278,https://www.geeksforgeeks.org/problems/quick-left-rotation3806/1,https://www.youtube.com/watch?v=wvcQg43_V8U&t=61,https://takeuforward.org/data-structure/left-rotate-the-array-by-one/,https://takeuforward.org/plus/dsa/problems/left-rotate-array-by-one,https://takeuforward.org/plus/dsa/problems/left-rotate-array-by-one?tab=editorial,,https://www.codingninjas.com/codestudio/problems/left-rotate-an-array-by-one_5026278?utm_source=striver&utm_medium=website&utm_campaign=a_zcoursetuf,https://bit.ly/3dnn9vC,https://youtu.be/wvcQg43_V8U?t=61,,,,gfg:bitly_expanded_destination_unverified
44,3,Solve Problems on Arrays [Easy -> Medium -> Hard],1,Easy,6,6,lftrttnrrybydplcs,Left rotate an array by D places,Easy,0,Arrays | Data Structures,https://leetcode.com/problems/rotate-array/,https://www.codingninjas.com/codestudio/problems/rotate-array_1230543,https://www.geeksforgeeks.org/problems/reversal-algorithm5340/1,https://www.youtube.com/watch?v=wvcQg43_V8U&t=485,https://takeuforward.org/data-structure/rotate-array-by-k-elements/,https://takeuforward.org/plus/dsa/problems/left-rotate-array,https://takeuforward.org/plus/dsa/problems/left-rotate-array?tab=editorial,,https://www.codingninjas.com/codestudio/problems/rotate-array_1230543?utm_source=striver&utm_medium=website&utm_campaign=a_zcoursetuf,https://bit.ly/3dyCKZg,https://youtu.be/wvcQg43_V8U?t=485,,,,gfg:bitly_expanded_destination_unverified
45,3,Solve Problems on Arrays [Easy -> Medium -> Hard],1,Easy,7,7,mvzrstnd,Move Zeros to end,Easy,0,Arrays | Data Structures | Two Pointer,https://leetcode.com/problems/move-zeroes/,https://www.codingninjas.com/codestudio/problems/ninja-and-the-zero-s_6581958,https://www.geeksforgeeks.org/problems/move-all-zeroes-to-end-of-array0751/1,https://www.youtube.com/watch?v=wvcQg43_V8U&t=1633,https://takeuforward.org/data-structure/move-all-zeros-to-the-end-of-the-array/,https://takeuforward.org/plus/dsa/problems/move-zeros-to-end,https://takeuforward.org/plus/dsa/problems/move-zeros-to-end?tab=editorial,,https://www.codingninjas.com/codestudio/problems/ninja-and-the-zero-s_6581958?utm_source=striver&utm_medium=website&utm_campaign=a_zcoursetuf,https://bit.ly/3PrGIjT,https://youtu.be/wvcQg43_V8U?t=1633,,,,gfg:bitly_expanded_destination_unverified
46,3,Solve Problems on Arrays [Easy -> Medium -> Hard],1,Easy,8,8,linrsrch,Linear Search,Easy,0,Arrays | Data Structures,,https://www.codingninjas.com/codestudio/problems/linear-search_6922070,https://www.geeksforgeeks.org/problems/who-will-win-1587115621/1,https://www.youtube.com/watch?v=wvcQg43_V8U&t=2465,https://takeuforward.org/data-structure/linear-search-in-c/,https://takeuforward.org/plus/dsa/problems/linear-search,https://takeuforward.org/plus/dsa/problems/linear-search?tab=editorial,,https://www.codingninjas.com/codestudio/problems/linear-search_6922070?utm_source=striver&utm_medium=website&utm_campaign=a_zcoursetuf,https://bit.ly/3KcpHcB,https://youtu.be/wvcQg43_V8U?t=2465,,,,gfg:bitly_expanded_destination_unverified
47,3,Solve Problems on Arrays [Easy -> Medium -> Hard],1,Easy,9,9,findthnin,Find the Union,Medium,1,Arrays | Hashing | Sorting | Data Structures,,https://www.codingninjas.com/codestudio/problems/sorted-array_6613259,https://www.geeksforgeeks.org/problems/union-of-two-sorted-arrays-1587115621/1,https://www.youtube.com/watch?v=wvcQg43_V8U&t=2584,https://takeuforward.org/data-structure/union-of-two-sorted-arrays/,https://takeuforward.org/plus/dsa/problems/union-of-two-sorted-arrays,https://takeuforward.org/plus/dsa/problems/union-of-two-sorted-arrays?tab=editorial,,https://www.codingninjas.com/codestudio/problems/sorted-array_6613259?utm_source=striver&utm_medium=website&utm_campaign=a_zcoursetuf,https://bit.ly/3Ap7Onp,https://youtu.be/wvcQg43_V8U?t=2584,,,,gfg:bitly_expanded_destination_unverified
48,3,Solve Problems on Arrays [Easy -> Medium -> Hard],1,Easy,10,10,findmissingnmbrinnrry,Find missing number in an array,Easy,0,Arrays | Data Structures | Binary Search | Hashing,https://leetcode.com/problems/missing-number/,,https://www.geeksforgeeks.org/problems/missing-number4257/1,https://www.youtube.com/watch?v=bYWLJb3vCWY&t=57,https://takeuforward.org/arrays/find-the-missing-number-in-an-array/,https://takeuforward.org/plus/dsa/problems/find-missing-number,https://takeuforward.org/plus/dsa/problems/find-missing-number?tab=editorial,,,https://bit.ly/3A2pKTh,https://youtu.be/bYWLJb3vCWY?t=57,,,,gfg:bitly_expanded_destination_unverified
49,3,Solve Problems on Arrays [Easy -> Medium -> Hard],1,Easy,11,11,mximmcnsctivns,Maximum Consecutive Ones,Easy,0,Arrays | Data Structures,https://leetcode.com/problems/max-consecutive-ones/,https://www.codingninjas.com/codestudio/problems/traffic_6682625,https://www.geeksforgeeks.org/problems/maximize-number-of-1s0905/1,https://www.youtube.com/watch?v=bYWLJb3vCWY&t=1124,https://takeuforward.org/data-structure/count-maximum-consecutive-ones-in-the-array/,https://takeuforward.org/plus/dsa/problems/maximum-consecutive-ones,https://takeuforward.org/plus/dsa/problems/maximum-consecutive-ones?tab=editorial,,https://www.codingninjas.com/codestudio/problems/traffic_6682625?utm_source=striver&utm_medium=website&utm_campaign=a_zcoursetuf,https://bit.ly/3piuaAN,https://youtu.be/bYWLJb3vCWY?t=1124,,,,gfg:bitly_expanded_destination_unverified
50,3,Solve Problems on Arrays [Easy -> Medium -> Hard],1,Easy,12,12,findthnmbrthtpprsncndthrnmbrstwic,"Find the number that appears once, and other numbers twice.",Medium,1,Arrays | Hashing | Data Structures,https://leetcode.com/problems/single-number/,https://www.codingninjas.com/codestudio/problems/find-the-single-element_6680465,https://www.geeksforgeeks.org/problems/element-appearing-once2552/0,https://www.youtube.com/watch?v=bYWLJb3vCWY&t=1369,https://takeuforward.org/arrays/find-the-number-that-appears-once-and-the-other-numbers-twice/,https://takeuforward.org/plus/dsa/problems/single-number---i,https://takeuforward.org/plus/dsa/problems/single-number---i?tab=editorial,,https://www.codingninjas.com/codestudio/problems/find-the-single-element_6680465?utm_source=striver&utm_medium=website&utm_campaign=a_zcoursetuf,https://bit.ly/3dudCD8,https://youtu.be/bYWLJb3vCWY?t=1369,,,,gfg:bitly_expanded_destination_unverified
51,3,Solve Problems on Arrays [Easy -> Medium -> Hard],1,Easy,13,13,longestsubarraywithsumpositives,Longest subarray with given sum K(positives),Medium,1,Arrays | Data Structures | Hashing,,https://www.codingninjas.com/codestudio/problems/longest-subarray-with-sum-k_6682399,https://practice.geeksforgeeks.org/problems/longest-sub-array-with-sum-k0809/1,https://www.youtube.com/watch?v=frf7qxiN2qU,https://takeuforward.org/data-structure/longest-subarray-with-given-sum-k/,https://takeuforward.org/plus/dsa/problems/longest-subarray-with-sum-k,https://takeuforward.org/plus/dsa/problems/longest-subarray-with-sum-k?tab=editorial,,https://www.codingninjas.com/codestudio/problems/longest-subarray-with-sum-k_6682399?utm_source=striver&utm_medium=website&utm_campaign=a_zcoursetuf,https://practice.geeksforgeeks.org/problems/longest-sub-array-with-sum-k0809/1?utm_source=youtube&utm_medium=collab_striver_ytdescription&utm_campaign=longest-sub-array-with-sum-k,https://www.youtube.com/watch?v=frf7qxiN2qU&feature=youtu.be,,,,
52,3,Solve Problems on Arrays [Easy -> Medium -> Hard],1,Easy,14,14,longestsubarraywithsumkposneg,Longest subarray with sum K (Positives + Negatives),Medium,1,Arrays | Data Structures | Hashing,,https://www.codingninjas.com/studio/problems/longest-subarray-with-sum-k_5713505,https://practice.geeksforgeeks.org/problems/longest-sub-array-with-sum-k0809/1,https://www.youtube.com/watch?v=frf7qxiN2qU,https://takeuforward.org/arrays/longest-subarray-with-sum-k-postives-and-negatives/,https://takeuforward.org/plus/dsa/problems/longest-subarray-with-sum-k,https://takeuforward.org/plus/dsa/problems/longest-subarray-with-sum-k?tab=editorial,,https://www.codingninjas.com/studio/problems/longest-subarray-with-sum-k_5713505?utm_source=striver&utm_medium=website&utm_campaign=a_zcoursetuf,https://practice.geeksforgeeks.org/problems/longest-sub-array-with-sum-k0809/1?utm_source=youtube&utm_medium=collab_striver_ytdescription&utm_campaign=longest-sub-array-with-sum-k,,,,,
53,3,Solve Problems on Arrays [Easy -> Medium -> Hard],2,Medium,1,1,2smprblm,2Sum Problem,Medium,1,Arrays | Sorting | Data Structures | Two Pointer,https://leetcode.com/problems/two-sum/,https://www.codingninjas.com/codestudio/problems/reading_6845742,https://www.geeksforgeeks.org/problems/find-all-pairs-whose-sum-is-x5808/1,https://www.youtube.com/watch?v=UXDSeD9mN-k,https://takeuforward.org/data-structure/two-sum-check-if-a-pair-with-given-sum-exists-in-array/,https://takeuforward.org/plus/dsa/problems/two-sum,https://takeuforward.org/plus/dsa/problems/two-sum?tab=editorial,,https://www.codingninjas.com/codestudio/problems/reading_6845742?utm_source=striver&utm_medium=website&utm_campaign=a_zcoursetuf,https://bit.ly/3SVYU8f,https://youtu.be/UXDSeD9mN-k,,,,gfg:bitly_expanded_destination_unverified
54,3,Solve Problems on Arrays [Easy -> Medium -> Hard],2,Medium,2,2,srtnrryf0s1snd2s,Sort an array of 0's 1's and 2's,Medium,1,Arrays | Two Pointer | Data Structures,https://leetcode.com/problems/sort-colors/,https://www.codingninjas.com/codestudio/problems/sort-an-array-of-0s-1s-and-2s_892977,https://www.geeksforgeeks.org/problems/sort-an-array-of-0s-1s-and-2s4231/1,https://www.youtube.com/watch?v=tp8JIuCXBaU,https://takeuforward.org/data-structure/sort-an-array-of-0s-1s-and-2s/,https://takeuforward.org/plus/dsa/problems/sort-an-array-of-0's-1's-and-2's,https://takeuforward.org/plus/dsa/problems/sort-an-array-of-0's-1's-and-2's?tab=editorial,,https://www.codingninjas.com/codestudio/problems/sort-an-array-of-0s-1s-and-2s_892977?utm_source=striver&utm_medium=website&utm_campaign=a_zcoursetuf,https://bit.ly/3dsROaZ,https://youtu.be/tp8JIuCXBaU,,,,gfg:bitly_expanded_destination_unverified
55,3,Solve Problems on Arrays [Easy -> Medium -> Hard],2,Medium,3,3,mjritylmntn2tims,Majority Element (>n/2 times),Easy,0,Arrays | Hashing | Data Structures,https://leetcode.com/problems/majority-element/,https://www.codingninjas.com/codestudio/problems/majority-element_6783241,https://www.geeksforgeeks.org/problems/majority-element-1587115620/1,https://www.youtube.com/watch?v=nP_ns3uSh80,https://takeuforward.org/data-structure/find-the-majority-element-that-occurs-more-than-n-2-times/,https://takeuforward.org/plus/dsa/problems/majority-element-i,https://takeuforward.org/plus/dsa/problems/majority-element-i?tab=editorial,,https://www.codingninjas.com/codestudio/problems/majority-element_6783241?utm_source=striver&utm_medium=website&utm_campaign=a_zcoursetuf,https://bit.ly/3SSpeA3,https://youtu.be/nP_ns3uSh80,,,,gfg:bitly_expanded_destination_unverified
56,3,Solve Problems on Arrays [Easy -> Medium -> Hard],2,Medium,4,4,kdnslgrithmmximmsbrrysm,"Kadane's Algorithm, maximum subarray sum",Easy,0,Arrays | Data Structures,https://leetcode.com/problems/maximum-subarray/,https://www.codingninjas.com/codestudio/problems/maximum-subarray-sum_630526,https://www.geeksforgeeks.org/problems/kadanes-algorithm-1587115620/0,https://www.youtube.com/watch?v=AHZpyENo7k4,https://takeuforward.org/data-structure/kadanes-algorithm-maximum-subarray-sum-in-an-array/,https://takeuforward.org/plus/dsa/problems/kadane's-algorithm,https://takeuforward.org/plus/dsa/problems/kadane's-algorithm?tab=editorial,,https://www.codingninjas.com/codestudio/problems/maximum-subarray-sum_630526?utm_source=striver&utm_medium=website&utm_campaign=a_zcoursetuf,https://bit.ly/3dzyloY,https://youtu.be/AHZpyENo7k4?si=QJpof4R1hHokm1hw,,,,gfg:bitly_expanded_destination_unverified
57,3,Solve Problems on Arrays [Easy -> Medium -> Hard],2,Medium,5,5,printsbrrywithmximmsbrrysmxtnddvrsinfbvprblm,Print subarray with maximum subarray sum (extended version of above problem),Medium,1,Arrays | Hashing | Data Structures,,https://www.codingninjas.com/codestudio/problems/longest-subarray-with-sum-k_6682399,https://www.geeksforgeeks.org/problems/max-sum-in-sub-arrays0824/0,https://www.youtube.com/watch?v=AHZpyENo7k4,https://takeuforward.org/data-structure/kadanes-algorithm-maximum-subarray-sum-in-an-array/,https://takeuforward.org/plus/dsa/problems/kadane's-algorithm,https://takeuforward.org/plus/dsa/problems/kadane's-algorithm?tab=editorial,,https://www.codingninjas.com/codestudio/problems/longest-subarray-with-sum-k_6682399?utm_source=striver&utm_medium=website&utm_campaign=a_zcoursetuf,https://bit.ly/3SLFFhs,https://youtu.be/AHZpyENo7k4,,,,gfg:bitly_expanded_destination_unverified
58,3,Solve Problems on Arrays [Easy -> Medium -> Hard],2,Medium,6,6,stckbyndsll,Stock Buy and Sell,Easy,0,Arrays | Data Structures,https://leetcode.com/problems/best-time-to-buy-and-sell-stock/,https://www.codingninjas.com/codestudio/problems/best-time-to-buy-and-sell-stock_6194560,https://www.geeksforgeeks.org/problems/stock-buy-and-sell2615/0,https://www.youtube.com/watch?v=excAOvwF_Wk,https://takeuforward.org/data-structure/stock-buy-and-sell/,https://takeuforward.org/plus/dsa/problems/best-time-to-buy-and-sell-stock,https://takeuforward.org/plus/dsa/problems/best-time-to-buy-and-sell-stock?tab=editorial,,https://www.codingninjas.com/codestudio/problems/best-time-to-buy-and-sell-stock_6194560?utm_source=striver&utm_medium=website&utm_campaign=a_zcoursetuf,https://bit.ly/3Qrx6H9,https://youtu.be/excAOvwF_Wk,,,,gfg:bitly_expanded_destination_unverified
59,3,Solve Problems on Arrays [Easy -> Medium -> Hard],2,Medium,7,7,rrrngthrryinltrntingpsitivndngtivitms,Rearrange the array in alternating positive and negative items,Medium,1,Arrays | Data Structures,https://leetcode.com/problems/rearrange-array-elements-by-sign/,https://www.codingninjas.com/codestudio/problems/alternate-numbers_6783445,https://www.geeksforgeeks.org/problems/array-of-alternate-ve-and-ve-nos1401/1,https://www.youtube.com/watch?v=h4aBagy4Uok,https://takeuforward.org/arrays/rearrange-array-elements-by-sign/,https://takeuforward.org/plus/dsa/problems/rearrange-array-elements-by-sign,https://takeuforward.org/plus/dsa/problems/rearrange-array-elements-by-sign?tab=editorial,,https://www.codingninjas.com/codestudio/problems/alternate-numbers_6783445?utm_source=striver&utm_medium=website&utm_campaign=a_zcoursetuf,https://bit.ly/3Qr3sSs,https://youtu.be/h4aBagy4Uok,,,,gfg:bitly_expanded_destination_unverified
60,3,Solve Problems on Arrays [Easy -> Medium -> Hard],2,Medium,8,8,nxtprmttin,Next Permutation,Medium,1,Arrays | Data Structures | Two Pointer,https://leetcode.com/problems/next-permutation/,https://www.codingninjas.com/codestudio/problems/next-greater-permutation_6929564,https://www.geeksforgeeks.org/problems/next-permutation5226/1,https://www.youtube.com/watch?v=JDOXKqF60RQ,https://takeuforward.org/data-structure/next_permutation-find-next-lexicographically-greater-permutation/,,,,https://www.codingninjas.com/codestudio/problems/next-greater-permutation_6929564?utm_source=striver&utm_medium=website&utm_campaign=a_zcoursetuf,https://bit.ly/3dug78u,https://youtu.be/JDOXKqF60RQ,,,,gfg:bitly_expanded_destination_unverified
61,3,Solve Problems on Arrays [Easy -> Medium -> Hard],2,Medium,9,9,ldrsinnrryprblm,Leaders in an Array problem,Easy,0,Arrays | Data Structures,,https://www.codingninjas.com/codestudio/problems/superior-elements_6783446,https://www.geeksforgeeks.org/problems/leaders-in-an-array-1587115620/1,https://www.youtube.com/watch?v=cHrH9CQ8pmY,https://takeuforward.org/data-structure/leaders-in-an-array/,https://takeuforward.org/plus/dsa/problems/leaders-in-an-array,https://takeuforward.org/plus/dsa/problems/leaders-in-an-array?tab=editorial,,https://www.codingninjas.com/codestudio/problems/superior-elements_6783446?utm_source=striver&utm_medium=website&utm_campaign=a_zcoursetuf,https://bit.ly/3bZqbGc,https://youtu.be/cHrH9CQ8pmY,,,,gfg:bitly_expanded_destination_unverified
62,3,Solve Problems on Arrays [Easy -> Medium -> Hard],2,Medium,10,10,lngstcnsctivsqncinnrry,Longest Consecutive Sequence in an Array,Medium,1,Arrays | Hashing | Data Structures,https://leetcode.com/problems/longest-consecutive-sequence/solution/,https://www.codingninjas.com/codestudio/problems/longest-successive-elements_6811740,https://www.geeksforgeeks.org/problems/longest-consecutive-subsequence2449/0,https://www.youtube.com/watch?v=oO5uLE7EUlM,https://takeuforward.org/data-structure/longest-consecutive-sequence-in-an-array/,https://takeuforward.org/plus/dsa/problems/longest-consecutive-sequence-in-an-array,https://takeuforward.org/plus/dsa/problems/longest-consecutive-sequence-in-an-array?tab=editorial,,https://www.codingninjas.com/codestudio/problems/longest-successive-elements_6811740?utm_source=striver&utm_medium=website&utm_campaign=a_zcoursetuf,https://bit.ly/3ApytAD,https://youtu.be/oO5uLE7EUlM,,,,gfg:bitly_expanded_destination_unverified
63,3,Solve Problems on Arrays [Easy -> Medium -> Hard],2,Medium,11,11,stmtrixzrs,Set Matrix Zeros,Medium,1,Arrays | Data Structures,https://leetcode.com/problems/set-matrix-zeroes/,https://www.codingninjas.com/codestudio/problems/zero-matrix_1171153,https://www.geeksforgeeks.org/problems/make-zeroes4042/1,https://www.youtube.com/watch?v=N0MgLvceX7M,https://takeuforward.org/data-structure/set-matrix-zero/,,,,https://www.codingninjas.com/codestudio/problems/zero-matrix_1171153?utm_source=striver&utm_medium=website&utm_campaign=a_zcoursetuf,https://bit.ly/3SVaSig,https://youtu.be/N0MgLvceX7M,,,,gfg:bitly_expanded_destination_unverified
64,3,Solve Problems on Arrays [Easy -> Medium -> Hard],2,Medium,12,12,rttmtrixby90dgrs,Rotate Matrix by 90 degrees,Medium,1,Arrays | Data Structures,https://leetcode.com/problems/rotate-image/,https://www.codingninjas.com/codestudio/problems/rotate-the-matrix_6825090,https://www.geeksforgeeks.org/problems/rotate-by-90-degree-1587115621/1,https://www.youtube.com/watch?v=Z0R2u6gd3GU,https://takeuforward.org/data-structure/rotate-image-by-90-degree/,https://takeuforward.org/plus/dsa/problems/rotate-matrix-by-90-degrees,https://takeuforward.org/plus/dsa/problems/rotate-matrix-by-90-degrees?tab=editorial,,https://www.codingninjas.com/codestudio/problems/rotate-the-matrix_6825090?utm_source=striver&utm_medium=website&utm_campaign=a_zcoursetuf,https://bit.ly/3PqpeV8,https://youtu.be/Z0R2u6gd3GU,,,,gfg:bitly_expanded_destination_unverified
65,3,Solve Problems on Arrays [Easy -> Medium -> Hard],2,Medium,13,13,printthmtrixinspirlmnnr,Print the matrix in spiral manner,Medium,1,Arrays | Data Structures,https://leetcode.com/problems/spiral-matrix/,https://www.codingninjas.com/codestudio/problems/spiral-matrix_6922069,https://www.geeksforgeeks.org/problems/spiral-matrix--141631/1,https://www.youtube.com/watch?v=3Zv-s9UUrFM,https://takeuforward.org/data-structure/spiral-traversal-of-matrix/,https://takeuforward.org/plus/dsa/problems/print-the-matrix-in-spiral-manner,https://takeuforward.org/plus/dsa/problems/print-the-matrix-in-spiral-manner?tab=editorial,,https://www.codingninjas.com/codestudio/problems/spiral-matrix_6922069?utm_source=striver&utm_medium=website&utm_campaign=a_zcoursetuf,https://bit.ly/3ppEJ53,https://youtu.be/3Zv-s9UUrFM,,,,gfg:bitly_expanded_destination_unverified
66,3,Solve Problems on Arrays [Easy -> Medium -> Hard],2,Medium,14,14,sbrrywithgivnsm,Count subarrays with given sum,Easy,0,Arrays | Hashing | Data Structures,https://leetcode.com/problems/subarray-sum-equals-k/,https://www.codingninjas.com/studio/problems/subarray-sums-i_1467103,https://www.codingninjas.com/codestudio/problems/subarray-sums-i_1467103,https://www.youtube.com/watch?v=xvNwoz-ufXA,https://takeuforward.org/arrays/count-subarray-sum-equals-k/,https://takeuforward.org/plus/dsa/problems/count-subarrays-with-given-sum,https://takeuforward.org/plus/dsa/problems/count-subarrays-with-given-sum?tab=editorial,,https://www.codingninjas.com/studio/problems/subarray-sums-i_1467103?utm_source=striver&utm_medium=website&utm_campaign=a_zcoursetuf,https://www.codingninjas.com/codestudio/problems/subarray-sums-i_1467103?utm_source=youtube&utm_medium=affiliate&utm_campaign=striver_Arrayproblems,https://www.youtube.com/watch?v=xvNwoz-ufXA&list=PLgUwDviBIf0oF6QL8m22w1hIDC1vJ_BHz&index=32,,,,gfg:domain_mismatch:coding_ninjas
67,3,Solve Problems on Arrays [Easy -> Medium -> Hard],3,Hard,1,1,psclstringl,Pascal's Triangle,Medium,1,Arrays | Data Structures | Maths,https://leetcode.com/problems/pascals-triangle/,https://www.codingninjas.com/codestudio/problems/print-pascal-s-triangle_6917910,https://www.geeksforgeeks.org/problems/pascal-triangle0652/1,https://www.youtube.com/watch?v=bR7mQgwQ_o8,https://takeuforward.org/data-structure/program-to-generate-pascals-triangle/,https://takeuforward.org/plus/dsa/problems/pascal's-triangle,https://takeuforward.org/plus/dsa/problems/pascal's-triangle?tab=editorial,,https://www.codingninjas.com/codestudio/problems/print-pascal-s-triangle_6917910?utm_source=striver&utm_medium=website&utm_campaign=a_zcoursetuf,https://bit.ly/3C95qlR,https://youtu.be/bR7mQgwQ_o8,,,,gfg:bitly_expanded_destination_unverified
68,3,Solve Problems on Arrays [Easy -> Medium -> Hard],3,Hard,2,2,mjritylmntn3tims,Majority Element (n/3 times),Medium,1,Arrays | Hashing | Data Structures,https://leetcode.com/problems/majority-element-ii/,https://www.codingninjas.com/codestudio/problems/majority-element_6915220,,https://www.youtube.com/watch?v=vwZj1K0e9U8,https://takeuforward.org/data-structure/majority-elementsn-3-times-find-the-elements-that-appears-more-than-n-3-times-in-the-array/,https://takeuforward.org/plus/dsa/problems/majority-element-ii,https://takeuforward.org/plus/dsa/problems/majority-element-ii?tab=editorial,,https://www.codingninjas.com/codestudio/problems/majority-element_6915220?utm_source=striver&utm_medium=website&utm_campaign=a_zcoursetuf,,https://youtu.be/vwZj1K0e9U8,,,,
69,3,Solve Problems on Arrays [Easy -> Medium -> Hard],3,Hard,3,3,3smprblm,3-Sum Problem,Medium,1,Arrays | Sorting | Two Pointer | Data Structures | Hashing,https://leetcode.com/problems/3sum/,https://www.codingninjas.com/codestudio/problems/three-sum_6922132,https://www.geeksforgeeks.org/problems/3-sum-closest/1,https://www.youtube.com/watch?v=DhFh8Kw7ymk,https://takeuforward.org/data-structure/3-sum-find-triplets-that-add-up-to-a-zero/,https://takeuforward.org/plus/dsa/problems/3-sum,https://takeuforward.org/plus/dsa/problems/3-sum?tab=editorial,,https://www.codingninjas.com/codestudio/problems/three-sum_6922132?utm_source=striver&utm_medium=website&utm_campaign=a_zcoursetuf,https://bit.ly/3C9uTvQ,https://youtu.be/DhFh8Kw7ymk,,,,gfg:bitly_expanded_destination_unverified
70,3,Solve Problems on Arrays [Easy -> Medium -> Hard],3,Hard,4,4,4smprblm,4-Sum Problem,Hard,2,Arrays | Sorting | Data Structures | Two Pointer | Hashing,https://leetcode.com/problems/4sum/,https://www.codingninjas.com/codestudio/problems/4sum_5713771,https://www.geeksforgeeks.org/problems/find-all-four-sum-numbers1732/1,https://www.youtube.com/watch?v=eD95WRfh81c,https://takeuforward.org/data-structure/4-sum-find-quads-that-add-up-to-a-target-value/,https://takeuforward.org/plus/dsa/problems/4-sum,https://takeuforward.org/plus/dsa/problems/4-sum?tab=editorial,,https://www.codingninjas.com/codestudio/problems/4sum_5713771?utm_source=striver&utm_medium=website&utm_campaign=a_zcoursetuf,https://bit.ly/3psQR53,https://youtu.be/eD95WRfh81c,,,,gfg:bitly_expanded_destination_unverified
71,3,Solve Problems on Arrays [Easy -> Medium -> Hard],3,Hard,5,5,lrgstsbrrywith0sm,Largest Subarray with 0 Sum,Medium,1,Arrays | Hashing | Data Structures,,https://www.codingninjas.com/codestudio/problems/longest-subarray-with-zero-sum_6783450,https://www.geeksforgeeks.org/problems/largest-subarray-with-0-sum/1,https://www.youtube.com/watch?v=xmguZ6GbatA,https://takeuforward.org/data-structure/length-of-the-longest-subarray-with-zero-sum/,,,,https://www.codingninjas.com/codestudio/problems/longest-subarray-with-zero-sum_6783450?utm_source=striver&utm_medium=website&utm_campaign=a_zcoursetuf,https://bit.ly/3w5QSzC,https://www.youtube.com/watch?v=xmguZ6GbatA&list=PLgUwDviBIf0p4ozDR_kJJkONnb1wdx2Ma&index=23,,,,gfg:bitly_expanded_destination_unverified
72,3,Solve Problems on Arrays [Easy -> Medium -> Hard],3,Hard,6,6,cntnmbrfsbrryswithgivnxrk,Count number of subarrays with given xor K,Hard,2,Arrays | Hashing | Data Structures,https://www.interviewbit.com/problems/subarray-with-given-xor/,https://www.codingninjas.com/codestudio/problems/subarrays-with-xor-k_6826258,https://www.geeksforgeeks.org/problems/subsets-with-xor-value2023/1,https://www.youtube.com/watch?v=eZr-6p0B7ME,https://takeuforward.org/data-structure/count-the-number-of-subarrays-with-given-xor-k/,https://takeuforward.org/plus/dsa/problems/count-subarrays-with-given-xor-k,https://takeuforward.org/plus/dsa/problems/count-subarrays-with-given-xor-k?tab=editorial,,https://www.codingninjas.com/codestudio/problems/subarrays-with-xor-k_6826258?utm_source=striver&utm_medium=website&utm_campaign=a_zcoursetuf,https://bit.ly/3PrvhZs,https://youtu.be/eZr-6p0B7ME,,,,leetcode:domain_mismatch:interviewbit; gfg:bitly_expanded_destination_unverified
73,3,Solve Problems on Arrays [Easy -> Medium -> Hard],3,Hard,7,7,mrgvrlppingsbintrvls,Merge Overlapping Subintervals,Medium,1,Arrays | Data Structures | Sorting,https://leetcode.com/problems/merge-intervals/,https://www.codingninjas.com/codestudio/problems/merge-all-overlapping-intervals_6783452,https://www.geeksforgeeks.org/problems/overlapping-intervals--170633/1,https://www.youtube.com/watch?v=IexN60k62jo,https://takeuforward.org/data-structure/merge-overlapping-sub-intervals/,,,,https://www.codingninjas.com/codestudio/problems/merge-all-overlapping-intervals_6783452?utm_source=striver&utm_medium=website&utm_campaign=a_zcoursetuf,https://bit.ly/3zRz904,https://youtu.be/IexN60k62jo,,,,gfg:bitly_expanded_destination_unverified
74,3,Solve Problems on Arrays [Easy -> Medium -> Hard],3,Hard,8,8,mrgtwsrtdrryswithtxtrspc,Merge two sorted arrays without extra space,Medium,1,Arrays | Sorting | Data Structures,https://leetcode.com/problems/merge-sorted-array/,https://www.codingninjas.com/codestudio/problems/merge-two-sorted-arrays-without-extra-space_6898839,https://www.geeksforgeeks.org/problems/merge-two-sorted-arrays-1587115620/1,https://www.youtube.com/watch?v=n7uwj04E0I4,https://takeuforward.org/data-structure/merge-two-sorted-arrays-without-extra-space/,https://takeuforward.org/plus/dsa/problems/merge-two-sorted-arrays-without-extra-space,https://takeuforward.org/plus/dsa/problems/merge-two-sorted-arrays-without-extra-space?tab=editorial,,https://www.codingninjas.com/codestudio/problems/merge-two-sorted-arrays-without-extra-space_6898839?utm_source=striver&utm_medium=website&utm_campaign=a_zcoursetuf,https://bit.ly/3zRzmAo,https://youtu.be/n7uwj04E0I4,,,,gfg:bitly_expanded_destination_unverified
75,3,Solve Problems on Arrays [Easy -> Medium -> Hard],3,Hard,9,9,findthrptingndmissingnmbr-i,Find the repeating and missing number,Hard,2,Arrays | Maths | Hashing | Data Structures,,https://www.codingninjas.com/codestudio/problems/missing-and-repeating-numbers_6828164,https://www.geeksforgeeks.org/problems/find-missing-and-repeating2512/1,https://www.youtube.com/watch?v=2D0D8HE6uak,https://takeuforward.org/data-structure/find-the-repeating-and-missing-numbers/,https://takeuforward.org/plus/dsa/problems/find-the-repeating-and-missing-number,https://takeuforward.org/plus/dsa/problems/find-the-repeating-and-missing-number?tab=editorial,,https://www.codingninjas.com/codestudio/problems/missing-and-repeating-numbers_6828164?utm_source=striver&utm_medium=website&utm_campaign=a_zcoursetuf,https://bit.ly/3zWZoCs,https://youtu.be/2D0D8HE6uak,,,,gfg:bitly_expanded_destination_unverified
76,3,Solve Problems on Arrays [Easy -> Medium -> Hard],3,Hard,10,10,cntinvrsins,Count Inversions,Hard,2,Sorting | Arrays | Data Structures,,https://www.codingninjas.com/codestudio/problems/number-of-inversions_6840276,https://www.geeksforgeeks.org/problems/inversion-of-array-1587115620/1,https://www.youtube.com/watch?v=AseUmwVNaoY,https://takeuforward.org/data-structure/count-inversions-in-an-array/,https://takeuforward.org/plus/dsa/problems/count-inversions,https://takeuforward.org/plus/dsa/problems/count-inversions?tab=editorial,,https://www.codingninjas.com/codestudio/problems/number-of-inversions_6840276?utm_source=striver&utm_medium=website&utm_campaign=a_zcoursetuf,https://bit.ly/3PtLWLM,https://youtu.be/AseUmwVNaoY,,,,gfg:bitly_expanded_destination_unverified
77,3,Solve Problems on Arrays [Easy -> Medium -> Hard],3,Hard,11,11,rvrspirs,Reverse Pairs,Hard,2,Arrays | Sorting | Data Structures,https://leetcode.com/problems/reverse-pairs/,https://www.codingninjas.com/codestudio/problems/team-contest_6840309,https://www.geeksforgeeks.org/problems/pairwise-swap-elements-of-a-linked-list-by-swapping-data/1,https://www.youtube.com/watch?v=0e4bZaP3MDI,https://takeuforward.org/data-structure/count-reverse-pairs/,https://takeuforward.org/plus/dsa/problems/reverse-pairs,https://takeuforward.org/plus/dsa/problems/reverse-pairs?tab=editorial,,https://www.codingninjas.com/codestudio/problems/team-contest_6840309?utm_source=striver&utm_medium=website&utm_campaign=a_zcoursetuf,https://bit.ly/3SVIpJ6,https://youtu.be/0e4bZaP3MDI,,,,gfg:bitly_expanded_destination_unverified
78,3,Solve Problems on Arrays [Easy -> Medium -> Hard],3,Hard,12,12,mximmprdctsbrry,Maximum Product Subarray,Easy,0,Arrays | Data Structures,https://leetcode.com/problems/maximum-product-subarray/,https://www.codingninjas.com/codestudio/problems/subarray-with-maximum-product_6890008,https://www.geeksforgeeks.org/problems/maximum-product-subarray3604/0,https://www.youtube.com/watch?v=hnswaLJvr6g,https://takeuforward.org/data-structure/maximum-product-subarray-in-an-array/,https://takeuforward.org/plus/dsa/problems/maximum-product-subarray-in-an-array,https://takeuforward.org/plus/dsa/problems/maximum-product-subarray-in-an-array?tab=editorial,,https://www.codingninjas.com/codestudio/problems/subarray-with-maximum-product_6890008?utm_source=striver&utm_medium=website&utm_campaign=a_zcoursetuf,https://bit.ly/3PrlQsU,https://youtu.be/hnswaLJvr6g,,,,gfg:bitly_expanded_destination_unverified
79,4,"Binary Search [1D, 2D Arrays, Search Space]",1,BS on 1D Arrays,1,1,binrysrchtfindxinsrtdrry,Binary Search to find X in sorted array,Easy,0,Arrays | Binary Search | Data Structures,https://leetcode.com/problems/binary-search/,https://www.codingninjas.com/codestudio/problems/binary-search_972,https://www.geeksforgeeks.org/problems/binary-search-1587115620/1,https://www.youtube.com/watch?v=MHf6awe89xw,https://takeuforward.org/data-structure/binary-search-explained/,https://takeuforward.org/plus/dsa/problems/search-x-in-sorted-array,https://takeuforward.org/plus/dsa/problems/search-x-in-sorted-array?tab=editorial,,https://www.codingninjas.com/codestudio/problems/binary-search_972?utm_source=striver&utm_medium=website&utm_campaign=a_zcoursetuf,https://bit.ly/3QtKBpO,https://youtu.be/MHf6awe89xw,,,,gfg:bitly_expanded_destination_unverified
80,4,"Binary Search [1D, 2D Arrays, Search Space]",1,BS on 1D Arrays,2,2,implmntlwrbnd,Implement Lower Bound,Easy,0,Binary Search | Arrays | Data Structures,,https://www.codingninjas.com/codestudio/problems/lower-bound_8165382,https://www.geeksforgeeks.org/problems/floor-in-a-sorted-array-1587115620/1,https://www.youtube.com/watch?v=6zhGS79oQ4k,https://takeuforward.org/arrays/implement-lower-bound-bs-2/,https://takeuforward.org/plus/dsa/problems/lower-bound-,https://takeuforward.org/plus/dsa/problems/lower-bound-?tab=editorial,,https://www.codingninjas.com/codestudio/problems/lower-bound_8165382?utm_source=striver&utm_medium=website&utm_campaign=a_zcoursetuf,https://bit.ly/3Cf398N,https://youtu.be/6zhGS79oQ4k,,,,gfg:bitly_expanded_destination_unverified
81,4,"Binary Search [1D, 2D Arrays, Search Space]",1,BS on 1D Arrays,3,3,implmntpprbnd,Implement Upper Bound,Easy,0,Arrays | Binary Search | Data Structures,,https://www.codingninjas.com/studio/problems/implement-upper-bound_8165383,https://www.geeksforgeeks.org/problems/ceil-the-floor2802/1,https://www.youtube.com/watch?v=6zhGS79oQ4k,https://takeuforward.org/arrays/implement-upper-bound/,https://takeuforward.org/plus/dsa/problems/upper-bound,https://takeuforward.org/plus/dsa/problems/upper-bound?tab=editorial,,https://www.codingninjas.com/studio/problems/implement-upper-bound_8165383?utm_source=striver&utm_medium=website&utm_campaign=a_zcoursetuf,https://bit.ly/3CgDDjE,https://youtu.be/6zhGS79oQ4k,,,,gfg:bitly_expanded_destination_unverified
82,4,"Binary Search [1D, 2D Arrays, Search Space]",1,BS on 1D Arrays,4,4,srchinsrtpsitin,Search Insert Position,Easy,0,Arrays | Binary Search | Data Structures,https://leetcode.com/problems/search-insert-position/,https://www.codingninjas.com/codestudio/problems/algorithm-to-find-best-insert-position-in-sorted-array_839813,https://www.geeksforgeeks.org/problems/search-insert-position-of-k-in-a-sorted-array/1,https://www.youtube.com/watch?v=6zhGS79oQ4k,https://takeuforward.org/arrays/search-insert-position/,https://takeuforward.org/plus/dsa/problems/search-insert-position,https://takeuforward.org/plus/dsa/problems/search-insert-position?tab=editorial,"https://leetcode.com/problems/search-insert-position/#:~:text=Search%20Insert%20Position%20%2D%20LeetCode&text=Given%20a%20sorted%20array%20of,(log%20n)%20runtime%20complexity.",https://www.codingninjas.com/codestudio/problems/algorithm-to-find-best-insert-position-in-sorted-array_839813?utm_source=striver&utm_medium=website&utm_campaign=a_zcoursetuf,https://bit.ly/3pFDbUN,https://youtu.be/6zhGS79oQ4k,,,,gfg:bitly_expanded_destination_unverified
83,4,"Binary Search [1D, 2D Arrays, Search Space]",1,BS on 1D Arrays,5,5,chckifinptrryissrtd,Floor/Ceil in Sorted Array,Medium,1,Arrays | Data Structures,,https://www.codingninjas.com/studio/problems/ceiling-in-a-sorted-array_1825401,https://www.codingninjas.com/codestudio/problems/ceiling-in-a-sorted-array_1825401,https://www.youtube.com/watch?v=6zhGS79oQ4k,https://takeuforward.org/arrays/floor-and-ceil-in-sorted-array/,https://takeuforward.org/plus/dsa/problems/floor-and-ceil-in-sorted-array,https://takeuforward.org/plus/dsa/problems/floor-and-ceil-in-sorted-array?tab=editorial,,https://www.codingninjas.com/studio/problems/ceiling-in-a-sorted-array_1825401?utm_source=striver&utm_medium=website&utm_campaign=a_zcoursetuf,,https://www.youtube.com/watch?v=6zhGS79oQ4k&list=PLgUwDviBIf0pMFMWuuvDNMAkoQFi-h0ZF&index=3,,,,review:id_does_not_match_title; gfg:domain_mismatch:coding_ninjas
84,4,"Binary Search [1D, 2D Arrays, Search Space]",1,BS on 1D Arrays,6,6,findthfirstrlstccrrncfgivnnmbrinsrtdrry,Find the first or last occurrence of a given number in a sorted array,Easy,0,Binary Search | Arrays | Data Structures,https://leetcode.com/problems/find-first-and-last-position-of-element-in-sorted-array/,https://www.codingninjas.com/codestudio/problems/first-and-last-position-of-an-element-in-sorted-array_1082549,https://www.geeksforgeeks.org/problems/first-and-last-occurrences-of-x3116/1,https://www.youtube.com/watch?v=hjR1IYVx9lY,https://takeuforward.org/data-structure/last-occurrence-in-a-sorted-array/,https://takeuforward.org/plus/dsa/problems/first-and-last-occurrence,https://takeuforward.org/plus/dsa/problems/first-and-last-occurrence?tab=editorial,,https://www.codingninjas.com/codestudio/problems/first-and-last-position-of-an-element-in-sorted-array_1082549?utm_source=striver&utm_medium=website&utm_campaign=a_zcoursetuf,https://bit.ly/3QuCFEP,https://youtu.be/hjR1IYVx9lY,,,,gfg:bitly_expanded_destination_unverified
85,4,"Binary Search [1D, 2D Arrays, Search Space]",1,BS on 1D Arrays,7,7,cntccrrncsfnmbrinsrtdrrywithdplicts,Count occurrences of a number in a sorted array with duplicates,Easy,0,Hashing | Arrays | Data Structures,,https://www.codingninjas.com/codestudio/problems/occurrence-of-x-in-a-sorted-array_630456,https://www.geeksforgeeks.org/problems/number-of-occurrence2259/1,https://www.youtube.com/watch?v=hjR1IYVx9lY,https://takeuforward.org/data-structure/count-occurrences-in-sorted-array/,,,,https://www.codingninjas.com/codestudio/problems/occurrence-of-x-in-a-sorted-array_630456?utm_source=striver&utm_medium=website&utm_campaign=a_zcoursetuf,https://bit.ly/3SVcOqW,https://youtu.be/hjR1IYVx9lY,,,,gfg:bitly_expanded_destination_unverified
86,4,"Binary Search [1D, 2D Arrays, Search Space]",1,BS on 1D Arrays,8,8,srchinrttdsrtdrryi,Search in Rotated Sorted Array I,Medium,1,Arrays | Binary Search,https://leetcode.com/problems/search-in-rotated-sorted-array/,https://www.codingninjas.com/codestudio/problems/search-in-rotated-sorted-array_1082554,https://www.geeksforgeeks.org/problems/search-in-a-rotated-array4618/1,https://www.youtube.com/watch?v=5qGrJbHhqFs,https://takeuforward.org/data-structure/search-element-in-a-rotated-sorted-array/,https://takeuforward.org/plus/dsa/problems/search-in-rotated-sorted-array-i,https://takeuforward.org/plus/dsa/problems/search-in-rotated-sorted-array-i?tab=editorial,,https://www.codingninjas.com/codestudio/problems/search-in-rotated-sorted-array_1082554?utm_source=striver&utm_medium=website&utm_campaign=a_zcoursetuf,https://bit.ly/3QH471y,https://youtu.be/5qGrJbHhqFs,,,,gfg:bitly_expanded_destination_unverified
87,4,"Binary Search [1D, 2D Arrays, Search Space]",1,BS on 1D Arrays,9,9,srchinrttdsrtdrryii,Search in Rotated Sorted Array II,Medium,1,Arrays | Binary Search,https://leetcode.com/problems/search-in-rotated-sorted-array-ii/,https://www.codingninjas.com/codestudio/problems/search-in-a-rotated-sorted-array-ii_7449547,https://www.geeksforgeeks.org/problems/search-in-rotated-array-2/1,https://www.youtube.com/watch?v=w2G2W8l__pc,https://takeuforward.org/arrays/search-element-in-rotated-sorted-array-ii/,https://takeuforward.org/plus/dsa/problems/search-in-rotated-sorted-array-ii,https://takeuforward.org/plus/dsa/problems/search-in-rotated-sorted-array-ii?tab=editorial,,https://www.codingninjas.com/codestudio/problems/search-in-a-rotated-sorted-array-ii_7449547?utm_source=striver&utm_medium=website&utm_campaign=a_zcoursetuf,https://bit.ly/3Rm85Nb,https://youtu.be/w2G2W8l__pc,,,,gfg:bitly_expanded_destination_unverified
88,4,"Binary Search [1D, 2D Arrays, Search Space]",1,BS on 1D Arrays,10,10,findminimminrttdsrtdrry,Find minimum in Rotated Sorted Array,Medium,1,Arrays | Data Structures,https://leetcode.com/problems/find-minimum-in-rotated-sorted-array/,https://www.codingninjas.com/codestudio/problems/rotated-array_1093219,https://www.geeksforgeeks.org/problems/minimum-element-in-a-sorted-and-rotated-array3611/1,https://www.youtube.com/watch?v=nhEMDKMB44g,https://takeuforward.org/data-structure/minimum-in-rotated-sorted-array/,https://takeuforward.org/plus/dsa/problems/find-minimum-in-rotated-sorted-array,https://takeuforward.org/plus/dsa/problems/find-minimum-in-rotated-sorted-array?tab=editorial,,https://www.codingninjas.com/codestudio/problems/rotated-array_1093219?utm_source=striver&utm_medium=website&utm_campaign=a_zcoursetuf,https://bit.ly/3Az1OJ3,https://youtu.be/nhEMDKMB44g,,,,gfg:bitly_expanded_destination_unverified
89,4,"Binary Search [1D, 2D Arrays, Search Space]",1,BS on 1D Arrays,11,11,findthwmnytimshsnrrybnrttd,Find out how many times has an array been rotated,Easy,0,Arrays | Data Structures,,https://www.codingninjas.com/codestudio/problems/rotation_7449070,https://www.geeksforgeeks.org/problems/rotation4723/1,https://www.youtube.com/watch?v=jtSiWTPLwd0,https://takeuforward.org/arrays/find-out-how-many-times-the-array-has-been-rotated/,https://takeuforward.org/plus/dsa/problems/find-out-how-many-times-the-array-is-rotated,https://takeuforward.org/plus/dsa/problems/find-out-how-many-times-the-array-is-rotated?tab=editorial,,https://www.codingninjas.com/codestudio/problems/rotation_7449070?utm_source=striver&utm_medium=website&utm_campaign=a_zcoursetuf,https://bit.ly/3dEvWJD,https://youtu.be/jtSiWTPLwd0,,,,gfg:bitly_expanded_destination_unverified
90,4,"Binary Search [1D, 2D Arrays, Search Space]",1,BS on 1D Arrays,12,12,singllmntinsrtdrry,Single element in a Sorted Array,Easy,0,Arrays | Binary Search | Data Structures,https://leetcode.com/problems/single-element-in-a-sorted-array/,https://www.codingninjas.com/codestudio/problems/unique-element-in-sorted-array_1112654,https://www.geeksforgeeks.org/problems/find-the-element-that-appears-once-in-sorted-array0624/1,https://www.youtube.com/watch?v=AZOmHuHadxQ,https://takeuforward.org/data-structure/search-single-element-in-a-sorted-array/,https://takeuforward.org/plus/dsa/problems/single-element-in-sorted-array,https://takeuforward.org/plus/dsa/problems/single-element-in-sorted-array?tab=editorial,,https://www.codingninjas.com/codestudio/problems/unique-element-in-sorted-array_1112654?utm_source=striver&utm_medium=website&utm_campaign=a_zcoursetuf,https://bit.ly/3AllLTj,https://youtu.be/AZOmHuHadxQ,,,,gfg:bitly_expanded_destination_unverified
91,4,"Binary Search [1D, 2D Arrays, Search Space]",1,BS on 1D Arrays,13,13,findpklmnt,Find peak element,Hard,2,Arrays | Binary Search,https://leetcode.com/problems/find-peak-element/,https://www.codingninjas.com/codestudio/problems/find-peak-element_1081482,https://www.geeksforgeeks.org/problems/peak-element/1,https://www.youtube.com/watch?v=cXxmbemS6XM,https://takeuforward.org/data-structure/peak-element-in-array/,https://takeuforward.org/plus/dsa/problems/find-peak-element,https://takeuforward.org/plus/dsa/problems/find-peak-element?tab=editorial,"https://leetcode.com/problems/find-peak-element/#:~:text=Find%20Peak%20Element%20%2D%20LeetCode&text=A%20peak%20element%20is%20an,to%20any%20of%20the%20peaks.",https://www.codingninjas.com/codestudio/problems/find-peak-element_1081482?utm_source=striver&utm_medium=website&utm_campaign=a_zcoursetuf,https://bit.ly/3Apsuf3,https://youtu.be/cXxmbemS6XM,,,,gfg:bitly_expanded_destination_unverified
92,4,"Binary Search [1D, 2D Arrays, Search Space]",2,BS on Answers,1,1,findsqrrtfnmbrinlgn,Find square root of a number in log n,Medium,1,Binary Search | Data Structures,,https://www.codingninjas.com/codestudio/problems/square-root-integral_893351,https://www.geeksforgeeks.org/problems/square-root/0,https://www.youtube.com/watch?v=Bsv3FPUX_BA,https://takeuforward.org/binary-search/finding-sqrt-of-a-number-using-binary-search/,https://takeuforward.org/plus/dsa/problems/find-square-root-of-a-number,https://takeuforward.org/plus/dsa/problems/find-square-root-of-a-number?tab=editorial,,https://www.codingninjas.com/codestudio/problems/square-root-integral_893351?leftPanelTab=0?utm_source=striver&utm_medium=website&utm_campaign=a_zcoursetuf,https://bit.ly/3JXtGcE,https://youtu.be/Bsv3FPUX_BA,,,,gfg:bitly_expanded_destination_unverified
93,4,"Binary Search [1D, 2D Arrays, Search Space]",2,BS on Answers,2,2,findthnthrtfnmbrsingbinrysrch,Find the Nth root of a number using binary search,Medium,1,Binary Search | Data Structures,,https://www.codingninjas.com/codestudio/problems/nth-root-of-m_1062679,https://www.geeksforgeeks.org/problems/find-nth-root-of-m5843/1,https://www.youtube.com/watch?v=rjEJeYCasHs,https://takeuforward.org/data-structure/nth-root-of-a-number-using-binary-search/,https://takeuforward.org/plus/dsa/problems/find-nth-root-of-a-number,https://takeuforward.org/plus/dsa/problems/find-nth-root-of-a-number?tab=editorial,,https://www.codingninjas.com/codestudio/problems/nth-root-of-m_1062679?utm_source=striver&utm_medium=website&utm_campaign=a_zcoursetuf,https://bit.ly/3zWNyrL,https://youtu.be/rjEJeYCasHs,,,,gfg:bitly_expanded_destination_unverified
94,4,"Binary Search [1D, 2D Arrays, Search Space]",2,BS on Answers,3,3,kktingbnns,Koko Eating Bananas,Hard,2,Arrays | Binary Search | Data Structures,https://leetcode.com/problems/koko-eating-bananas/,https://www.codingninjas.com/codestudio/problems/minimum-rate-to-eat-bananas_7449064,https://www.geeksforgeeks.org/problems/koko-eating-bananas/1,https://www.youtube.com/watch?v=qyfekrNni90,https://takeuforward.org/binary-search/koko-eating-bananas/,https://takeuforward.org/plus/dsa/problems/koko-eating-bananas,https://takeuforward.org/plus/dsa/problems/koko-eating-bananas?tab=editorial,,https://www.codingninjas.com/codestudio/problems/minimum-rate-to-eat-bananas_7449064?utm_source=striver&utm_medium=website&utm_campaign=a_zcoursetuf,https://bit.ly/3LSY491,https://youtu.be/qyfekrNni90,,,,gfg:bitly_expanded_destination_unverified
95,4,"Binary Search [1D, 2D Arrays, Search Space]",2,BS on Answers,4,4,minimmdystmkmbqts,Minimum days to make M bouquets,Hard,2,Arrays | Binary Search | Data Structures,https://leetcode.com/problems/minimum-number-of-days-to-make-m-bouquets/,https://www.codingninjas.com/codestudio/problems/rose-garden_2248080,https://www.geeksforgeeks.org/problems/minimum-days-to-make-m-bouquets/1,https://www.youtube.com/watch?v=TXAuxeYBTdg,https://takeuforward.org/arrays/minimum-days-to-make-m-bouquets/,https://takeuforward.org/plus/dsa/problems/minimum-days-to-make-m-bouquets,https://takeuforward.org/plus/dsa/problems/minimum-days-to-make-m-bouquets?tab=editorial,,https://www.codingninjas.com/codestudio/problems/rose-garden_2248080?utm_source=striver&utm_medium=website&utm_campaign=a_zcoursetuf,https://bit.ly/3CJ9Ezm,https://youtu.be/TXAuxeYBTdg,,,,gfg:bitly_expanded_destination_unverified
96,4,"Binary Search [1D, 2D Arrays, Search Space]",2,BS on Answers,5,5,findthsmllstdivisr,Find the smallest Divisor,Easy,0,Maths | Data Structures,https://leetcode.com/problems/find-the-smallest-divisor-given-a-threshold/,https://www.codingninjas.com/codestudio/problems/smallest-divisor-with-the-given-limit_1755882,https://www.geeksforgeeks.org/problems/smallest-divisor/1,https://www.youtube.com/watch?v=UvBKTVaG6U8,https://takeuforward.org/arrays/find-the-smallest-divisor-given-a-threshold/,https://takeuforward.org/plus/dsa/problems/find-the-smallest-divisor,https://takeuforward.org/plus/dsa/problems/find-the-smallest-divisor?tab=editorial,,https://www.codingninjas.com/codestudio/problems/smallest-divisor-with-the-given-limit_1755882?utm_source=striver&utm_medium=website&utm_campaign=a_zcoursetuf,https://bit.ly/3SJogFR,https://youtu.be/UvBKTVaG6U8,,,,gfg:bitly_expanded_destination_unverified
97,4,"Binary Search [1D, 2D Arrays, Search Space]",2,BS on Answers,6,6,cpcitytshippckgswithinddys,Capacity to Ship Packages within D Days,Hard,2,Arrays | Binary Search | Data Structures,https://leetcode.com/problems/capacity-to-ship-packages-within-d-days/,https://www.codingninjas.com/codestudio/problems/capacity-to-ship-packages-within-d-days_1229379,https://www.geeksforgeeks.org/problems/capacity-to-ship-packages-within-d-days/1,https://www.youtube.com/watch?v=MG-Ac4TAvTY,https://takeuforward.org/arrays/capacity-to-ship-packages-within-d-days/,,,,https://www.codingninjas.com/codestudio/problems/capacity-to-ship-packages-within-d-days_1229379?utm_source=striver&utm_medium=website&utm_campaign=a_zcoursetuf,https://bit.ly/3PBInmS,https://youtu.be/MG-Ac4TAvTY,,,,gfg:bitly_expanded_destination_unverified
98,4,"Binary Search [1D, 2D Arrays, Search Space]",2,BS on Answers,7,7,kthmissingpsitivnmbr,Kth Missing Positive Number,Easy,0,Arrays | Binary Search | Data Structures,https://leetcode.com/problems/kth-missing-positive-number/,https://www.codingninjas.com/codestudio/problems/kth-missing-element_893215,https://www.geeksforgeeks.org/problems/k-th-missing-element3635/1,https://www.youtube.com/watch?v=uZ0N_hZpyps,https://takeuforward.org/arrays/kth-missing-positive-number/,,,"https://leetcode.com/problems/kth-missing-positive-number/#:~:text=Given%20an%20array%20arr%20of,13%2C...%5D.",https://www.codingninjas.com/codestudio/problems/kth-missing-element_893215?utm_source=striver&utm_medium=website&utm_campaign=a_zcoursetuf,https://bit.ly/3bUFY9l,https://youtu.be/uZ0N_hZpyps,,,,gfg:bitly_expanded_destination_unverified
99,4,"Binary Search [1D, 2D Arrays, Search Space]",2,BS on Answers,8,8,ggrssivcws,Aggressive Cows,Hard,2,Arrays | Binary Search | Data Structures,https://www.spoj.com/problems/AGGRCOW/,https://www.codingninjas.com/codestudio/problems/aggressive-cows_1082559,https://www.geeksforgeeks.org/problems/aggressive-cows/1,https://www.youtube.com/watch?v=R_Mfw4ew-Vo,https://takeuforward.org/data-structure/aggressive-cows-detailed-solution/,https://takeuforward.org/plus/dsa/problems/aggressive-cows,https://takeuforward.org/plus/dsa/problems/aggressive-cows?tab=editorial,,https://www.codingninjas.com/codestudio/problems/aggressive-cows_1082559?utm_source=striver&utm_medium=website&utm_campaign=a_zcoursetuf,https://bit.ly/3rBuE5Z,https://youtu.be/R_Mfw4ew-Vo,,,,leetcode:domain_mismatch:spoj; gfg:bitly_expanded_destination_unverified
100,4,"Binary Search [1D, 2D Arrays, Search Space]",2,BS on Answers,9,9,bkllctinprblm,Book Allocation Problem,Hard,2,Arrays | Data Structures | Binary Search,https://www.naukri.com/code360/problems/allocate-books_1090540,https://www.codingninjas.com/codestudio/problems/allocate-books_1090540,https://www.geeksforgeeks.org/problems/allocate-minimum-number-of-pages0937/1,https://www.youtube.com/watch?v=Z0hwjftStI4,https://takeuforward.org/data-structure/allocate-minimum-number-of-pages/,https://takeuforward.org/plus/dsa/problems/book-allocation-problem,https://takeuforward.org/plus/dsa/problems/book-allocation-problem?tab=editorial,https://bit.ly/3MZQOct,https://www.codingninjas.com/codestudio/problems/allocate-books_1090540?utm_source=striver&utm_medium=website&utm_campaign=a_zcoursetuf,https://bit.ly/3QMrMxP,https://youtu.be/Z0hwjftStI4,,,,leetcode:domain_mismatch:naukri_code360; leetcode:bitly_expanded_destination_unverified; gfg:bitly_expanded_destination_unverified
101,4,"Binary Search [1D, 2D Arrays, Search Space]",2,BS on Answers,10,10,splitrrylrgstsm,Split array - Largest Sum,Hard,2,Arrays | Binary Search | Data Structures | Dynamic Programming,https://leetcode.com/problems/split-array-largest-sum/,https://www.codingninjas.com/codestudio/problems/largest-subarray-sum-minimized_7461751,https://www.geeksforgeeks.org/problems/largest-sum-subarray-of-size-at-least-k3121/1,https://www.youtube.com/watch?v=thUd_WJn6wk,https://takeuforward.org/arrays/split-array-largest-sum/,https://takeuforward.org/plus/dsa/problems/split-array---largest-sum,https://takeuforward.org/plus/dsa/problems/split-array---largest-sum?tab=editorial,,https://www.codingninjas.com/codestudio/problems/largest-subarray-sum-minimized_7461751?utm_source=striver&utm_medium=website&utm_campaign=a_zcoursetuf,https://bit.ly/3Qx0RGs,https://www.youtube.com/watch?v=thUd_WJn6wk&list=PLgUwDviBIf0pMFMWuuvDNMAkoQFi-h0ZF&index=20,,,,gfg:bitly_expanded_destination_unverified
102,4,"Binary Search [1D, 2D Arrays, Search Space]",2,BS on Answers,11,11,painterspartition,Painter's partition,Hard,2,Arrays | Binary Search | Data Structures,,https://www.codingninjas.com/studio/problems/painter-s-partition-problem_1089557,,https://www.youtube.com/watch?v=thUd_WJn6wk,https://takeuforward.org/arrays/painters-partition-problem/,,,,https://www.codingninjas.com/studio/problems/painter-s-partition-problem_1089557?utm_source=striver&utm_medium=website&utm_campaign=a_zcoursetuf,,https://www.youtube.com/watch?v=thUd_WJn6wk&list=PLgUwDviBIf0pMFMWuuvDNMAkoQFi-h0ZF&index=20,,,,
103,4,"Binary Search [1D, 2D Arrays, Search Space]",2,BS on Answers,12,12,minimizmxdistnctgssttin,Minimize Max Distance to Gas Station,Hard,2,Arrays | Binary Search | Data Structures,https://leetcode.com/problems/minimize-max-distance-to-gas-station/,https://www.codingninjas.com/codestudio/problems/minimise-max-distance_7541449,https://www.geeksforgeeks.org/problems/minimize-max-distance-to-gas-station/1,https://www.youtube.com/watch?v=kMSBvlZ-_HA,https://takeuforward.org/arrays/minimise-maximum-distance-between-gas-stations/,https://takeuforward.org/plus/dsa/problems/minimise-max-distance-to-gas-stations,https://takeuforward.org/plus/dsa/problems/minimise-max-distance-to-gas-stations?tab=editorial,,https://www.codingninjas.com/codestudio/problems/minimise-max-distance_7541449?utm_source=striver&utm_medium=website&utm_campaign=a_zcoursetuf,https://bit.ly/3s40ybG,https://www.youtube.com/watch?v=kMSBvlZ-_HA&list=PLgUwDviBIf0pMFMWuuvDNMAkoQFi-h0ZF&index=21,,,,gfg:bitly_expanded_destination_unverified
104,4,"Binary Search [1D, 2D Arrays, Search Space]",2,BS on Answers,13,13,mdinf2srtdrrys,Median of 2 sorted arrays,Hard,2,Arrays | Binary Search | Data Structures,https://leetcode.com/problems/median-of-two-sorted-arrays/,https://www.codingninjas.com/codestudio/problems/median-of-two-sorted-arrays_985294,https://www.geeksforgeeks.org/problems/median-of-2-sorted-arrays-of-different-sizes/1,https://www.youtube.com/watch?v=C2rRzz-JDk8,https://takeuforward.org/data-structure/median-of-two-sorted-arrays-of-different-sizes/,https://takeuforward.org/plus/dsa/problems/median-of-2-sorted-arrays,https://takeuforward.org/plus/dsa/problems/median-of-2-sorted-arrays?tab=editorial,,https://www.codingninjas.com/codestudio/problems/median-of-two-sorted-arrays_985294?utm_source=striver&utm_medium=website&utm_campaign=a_zcoursetuf,https://bit.ly/3QPi7Xp,https://youtu.be/C2rRzz-JDk8,,,,gfg:bitly_expanded_destination_unverified
105,4,"Binary Search [1D, 2D Arrays, Search Space]",2,BS on Answers,14,14,kthlmntf2srtdrrys,Kth element of 2 sorted arrays,Medium,1,Arrays | Data Structures,,https://www.codingninjas.com/codestudio/problems/k-th-element-of-2-sorted-array_1164159,https://www.geeksforgeeks.org/problems/k-th-element-of-two-sorted-array1317/1,https://www.youtube.com/watch?v=D1oDwWCq50g,https://takeuforward.org/data-structure/k-th-element-of-two-sorted-arrays/,https://takeuforward.org/plus/dsa/problems/kth-element-of-2-sorted-arrays,https://takeuforward.org/plus/dsa/problems/kth-element-of-2-sorted-arrays?tab=editorial,,https://www.codingninjas.com/codestudio/problems/k-th-element-of-2-sorted-array_1164159?utm_source=striver&utm_medium=website&utm_campaign=a_zcoursetuf,https://bit.ly/3Amcomr,https://youtu.be/D1oDwWCq50g,,,,gfg:bitly_expanded_destination_unverified
106,4,"Binary Search [1D, 2D Arrays, Search Space]",3,BS on 2D Arrays,1,1,findthrwwithmximmnmbrf1s,Find the row with maximum number of 1's,Easy,0,Arrays | Data Structures,,https://www.codingninjas.com/codestudio/problems/row-of-a-matrix-with-maximum-ones_982768,https://www.geeksforgeeks.org/problems/row-with-max-1s0023/1,https://www.youtube.com/watch?v=SCz-1TtYxDI,https://takeuforward.org/arrays/find-the-row-with-maximum-number-of-1s/,https://takeuforward.org/plus/dsa/problems/find-row-with-maximum-1's,https://takeuforward.org/plus/dsa/problems/find-row-with-maximum-1's?tab=editorial,,https://www.codingninjas.com/codestudio/problems/row-of-a-matrix-with-maximum-ones_982768?utm_source=striver&utm_medium=website&utm_campaign=a_zcoursetuf,https://bit.ly/3QNDw2W,https://youtu.be/SCz-1TtYxDI,,,,gfg:bitly_expanded_destination_unverified
107,4,"Binary Search [1D, 2D Arrays, Search Space]",3,BS on 2D Arrays,2,2,srchin2dmtrix,Search in a 2 D matrix,Medium,1,Binary Search | Arrays | Data Structures,https://leetcode.com/problems/search-a-2d-matrix/,https://www.codingninjas.com/codestudio/problems/search-in-a-2d-matrix_980531,https://www.geeksforgeeks.org/problems/search-in-a-matrix17201720/1,https://www.youtube.com/watch?v=JXU4Akft7yk,https://takeuforward.org/data-structure/search-in-a-sorted-2d-matrix/,https://takeuforward.org/plus/dsa/problems/search-in-a-2d-matrix,https://takeuforward.org/plus/dsa/problems/search-in-a-2d-matrix?tab=editorial,,https://www.codingninjas.com/codestudio/problems/search-in-a-2d-matrix_980531?utm_source=striver&utm_medium=website&utm_campaign=a_zcoursetuf,https://bit.ly/3dAwi3Z,https://youtu.be/JXU4Akft7yk,,,,gfg:bitly_expanded_destination_unverified
108,4,"Binary Search [1D, 2D Arrays, Search Space]",3,BS on 2D Arrays,3,3,SearchRowColumnWiseSortedMatrix,Search in a row and column wise sorted matrix,Medium,1,Arrays | Binary Search | Data Structures,https://leetcode.com/problems/search-a-2d-matrix-ii/,https://www.codingninjas.com/codestudio/problems/search-in-a-sorted-2d-matrix_6917532,https://www.codingninjas.com/codestudio/problems/search-in-a-row-wise-and-column-wise-sorted-matrix_839811,https://www.youtube.com/watch?v=9ZbB397jU4k,https://takeuforward.org/arrays/search-in-a-row-and-column-wise-sorted-matrix/,https://takeuforward.org/plus/dsa/problems/search-in-2d-matrix-ii,https://takeuforward.org/plus/dsa/problems/search-in-2d-matrix-ii?tab=editorial,,https://www.codingninjas.com/codestudio/problems/search-in-a-sorted-2d-matrix_6917532?utm_source=striver&utm_medium=website&utm_campaign=a_zcoursetuf,,https://youtu.be/9ZbB397jU4k,,,,gfg:domain_mismatch:coding_ninjas
109,4,"Binary Search [1D, 2D Arrays, Search Space]",3,BS on 2D Arrays,4,4,findpklmnt-i,Find Peak Element (2D Matrix),Hard,2,Arrays | Binary Search,https://leetcode.com/problems/find-a-peak-element-ii/,https://www.codingninjas.com/codestudio/problems/find-peak-element_7449073,https://www.naukri.com/code360/problems/find-peak-element_7449073,https://www.youtube.com/watch?v=nGGp5XBzC4g,,https://takeuforward.org/plus/dsa/problems/find-peak-element,https://takeuforward.org/plus/dsa/problems/find-peak-element?tab=editorial,,https://www.codingninjas.com/codestudio/problems/find-peak-element_7449073?utm_source=striver&utm_medium=website&utm_campaign=a_zcoursetuf,https://bit.ly/3pEovIA,https://youtu.be/nGGp5XBzC4g?si=WCop5C6Azj5gAELH,,,,gfg:domain_mismatch:naukri_code360; gfg:bitly_expanded_destination_unverified
110,4,"Binary Search [1D, 2D Arrays, Search Space]",3,BS on 2D Arrays,5,5,mtrixmdin,Matrix Median,Hard,2,Binary Search | Arrays | Data Structures,,https://www.codingninjas.com/codestudio/problems/median-of-a-row-wise-sorted-matrix_1115473,https://www.geeksforgeeks.org/problems/median-in-a-row-wise-sorted-matrix1527/1,https://www.youtube.com/watch?v=Q9wXgdxJq48,https://takeuforward.org/data-structure/median-of-row-wise-sorted-matrix/,https://takeuforward.org/plus/dsa/problems/matrix-median,https://takeuforward.org/plus/dsa/problems/matrix-median?tab=editorial,,https://www.codingninjas.com/codestudio/problems/median-of-a-row-wise-sorted-matrix_1115473?utm_source=striver&utm_medium=website&utm_campaign=a_zcoursetuf,https://bit.ly/3PvwuPk,https://youtu.be/Q9wXgdxJq48?si=ScI_0uzJh7yg8nrX,,,,gfg:bitly_expanded_destination_unverified
111,5,Strings [Basic and Medium],1,Basic and Easy String Problems,1,1,rmvtrmstprnthsis,Remove outermost Paranthesis,Easy,0,String | Stack,https://leetcode.com/problems/remove-outermost-parentheses/,https://www.codingninjas.com/codestudio/problems/maximum-nesting-depth-of-the-parentheses_8144741,https://www.geeksforgeeks.org/problems/outermost-parentheses/1,,,,,,https://www.codingninjas.com/codestudio/problems/maximum-nesting-depth-of-the-parentheses_8144741?utm_source=striver&utm_medium=website&utm_campaign=a_zcoursetuf,https://bit.ly/3rzwRix,,,,,gfg:bitly_expanded_destination_unverified
112,5,Strings [Basic and Medium],1,Basic and Easy String Problems,2,2,rvrswrdsingivnstringplindrmchck,Reverse words in a given string / Palindrome Check,Easy,0,Two Pointer | String | Data Structures,https://leetcode.com/problems/reverse-words-in-a-string/,https://www.codingninjas.com/studio/problems/reverse-words-in-a-string_696444,https://www.geeksforgeeks.org/problems/reverse-words-in-a-given-string5459/1,,https://takeuforward.org/data-structure/reverse-words-in-a-string/,https://takeuforward.org/plus/dsa/problems/reverse-every-word-in-a-string,https://takeuforward.org/plus/dsa/problems/reverse-every-word-in-a-string?tab=editorial,,https://www.codingninjas.com/studio/problems/reverse-words-in-a-string_696444?utm_source=striver&utm_medium=website&utm_campaign=a_zcoursetuf,https://bit.ly/3SXyWB4,,,,,gfg:bitly_expanded_destination_unverified
113,5,Strings [Basic and Medium],1,Basic and Easy String Problems,3,3,lrgstddnmbrinstring,Largest odd number in a string,Easy,0,String | Data Structures,https://leetcode.com/problems/largest-odd-number-in-string/,,https://www.geeksforgeeks.org/problems/largest-odd-number-in-string/1,,,https://takeuforward.org/plus/dsa/problems/largest-odd-number-in-a-string,https://takeuforward.org/plus/dsa/problems/largest-odd-number-in-a-string?tab=editorial,,,https://bit.ly/3UII5yp,,,,,gfg:bitly_expanded_destination_unverified
114,5,Strings [Basic and Medium],1,Basic and Easy String Problems,4,4,lngstcmmnprfix,Longest Common Prefix,Easy,0,String | Data Structures,https://leetcode.com/problems/longest-common-prefix/,https://www.codingninjas.com/studio/problems/longest-common-prefix_628874,https://www.geeksforgeeks.org/problems/longest-common-prefix-in-an-array5129/1,,,https://takeuforward.org/plus/dsa/problems/longest-common-prefix,https://takeuforward.org/plus/dsa/problems/longest-common-prefix?tab=editorial,,https://www.codingninjas.com/studio/problems/longest-common-prefix_628874?utm_source=striver&utm_medium=website&utm_campaign=a_zcoursetuf,https://bit.ly/3QKCyVu,,,,https://takeuforward.org/plus/dsa/problems/longest-happy-prefix?tab=editorialhttps://takeuforward.org/plus/dsa/problems/longest-common-prefix?tab=editorial,gfg:bitly_expanded_destination_unverified; tuf_plus_editorial:original_value_corrupt_two_urls_concatenated
115,5,Strings [Basic and Medium],1,Basic and Easy String Problems,5,5,ismrphicstring,Isomorphic String,Easy,0,String | Data Structures,https://leetcode.com/problems/isomorphic-strings/,https://www.codingninjas.com/studio/problems/isomorphic-strings-_1117636,https://www.geeksforgeeks.org/problems/isomorphic-strings-1587115620/1,,,https://takeuforward.org/plus/dsa/problems/isomorphic-string,https://takeuforward.org/plus/dsa/problems/isomorphic-string?tab=editorial,,https://www.codingninjas.com/studio/problems/isomorphic-strings-_1117636?utm_source=striver&utm_medium=website&utm_campaign=a_zcoursetuf,https://bit.ly/3QwynwI,,,,,gfg:bitly_expanded_destination_unverified
116,5,Strings [Basic and Medium],1,Basic and Easy String Problems,6,6,chckwhthrnstringisrttinfnthr,check whether one string is a rotation of another,Medium,1,String | Data Structures,https://leetcode.com/problems/rotate-string/,https://www.codingninjas.com/studio/problems/check-if-one-string-is-a-rotation-of-another-string_1115683,https://www.geeksforgeeks.org/problems/check-if-strings-are-rotations-of-each-other-or-not-1587115620/1,,,https://takeuforward.org/plus/dsa/problems/rotate-string,https://takeuforward.org/plus/dsa/problems/rotate-string?tab=editorial,,https://www.codingninjas.com/studio/problems/check-if-one-string-is-a-rotation-of-another-string_1115683?utm_source=striver&utm_medium=website&utm_campaign=a_zcoursetuf,https://bit.ly/3K0HHq5,,,,,gfg:bitly_expanded_destination_unverified
117,5,Strings [Basic and Medium],1,Basic and Easy String Problems,7,7,chckiftwstringsrngrmfchthr,Check if two strings are anagram of each other,Medium,1,String | Data Structures,https://leetcode.com/problems/valid-anagram/,https://www.codingninjas.com/studio/problems/anagram-pairs_626517,https://www.geeksforgeeks.org/dsa/check-whether-two-strings-are-anagram-of-each-other/,,https://takeuforward.org/data-structure/check-if-two-strings-are-anagrams-of-each-other/,https://takeuforward.org/plus/dsa/problems/valid-anagram,https://takeuforward.org/plus/dsa/problems/valid-anagram?tab=editorial,"https://leetcode.com/problems/valid-anagram/#:~:text=Given%20two%20strings%20s%20and,the%20original%20letters%20exactly%20once.&text=Constraints%3A,.length%20%3C%3D%205%20*%2010",https://www.codingninjas.com/studio/problems/anagram-pairs_626517?utm_source=striver&utm_medium=website&utm_campaign=a_zcoursetuf,https://bit.ly/3CcQTWs,,,,,gfg:bitly_expanded_destination_unverified
118,5,Strings [Basic and Medium],2,Medium String Problems,1,1,srtchrctrsbyfrqncy,Sort Characters by frequency,Easy,0,Arrays | Hashing | Data Structures,https://leetcode.com/problems/sort-characters-by-frequency/,https://www.codingninjas.com/studio/problems/sorting-characters-by-frequency_1263699,https://www.geeksforgeeks.org/problems/sorting-elements-of-an-array-by-frequency/0,,,https://takeuforward.org/plus/dsa/problems/sort-characters-by-frequency,https://takeuforward.org/plus/dsa/problems/sort-characters-by-frequency?tab=editorial,,https://www.codingninjas.com/studio/problems/sorting-characters-by-frequency_1263699?utm_source=striver&utm_medium=website&utm_campaign=a_zcoursetuf,https://bit.ly/3dEQp1d,,,,,gfg:bitly_expanded_destination_unverified; tuf_plus_editorial:whitespace_trimmed
119,5,Strings [Basic and Medium],2,Medium String Problems,2,2,mximmnstingdpthfprnthsis,Maximum Nesting Depth of Paranthesis,Easy,0,String | Stack,https://leetcode.com/problems/maximum-nesting-depth-of-the-parentheses/,,https://www.geeksforgeeks.org/problems/maximum-nesting-depth-of-the-parentheses/1,,,,,,,https://bit.ly/3xYlR1F,,,,,gfg:bitly_expanded_destination_unverified
120,5,Strings [Basic and Medium],2,Medium String Problems,3,3,rmnnmbrtintgrndvicvrs,Roman Number to Integer and vice versa,Easy,0,Hashing | Maths | String,https://leetcode.com/problems/roman-to-integer/,https://www.codingninjas.com/studio/problems/roman-numeral-to-integer_981308,https://www.geeksforgeeks.org/problems/roman-number-to-integer3201/1,,,,,,https://www.codingninjas.com/studio/problems/roman-numeral-to-integer_981308?utm_source=striver&utm_medium=website&utm_campaign=a_zcoursetuf,https://bit.ly/3AqBlNv,,,,,gfg:bitly_expanded_destination_unverified
121,5,Strings [Basic and Medium],2,Medium String Problems,4,4,implmntti,Implement Atoi,Medium,1,String | Data Structures,https://leetcode.com/problems/string-to-integer-atoi/,https://www.codingninjas.com/studio/problems/implement-atoi-function_981270,https://www.geeksforgeeks.org/problems/implement-atoi/1,,,,,,https://www.codingninjas.com/studio/problems/implement-atoi-function_981270?utm_source=striver&utm_medium=website&utm_campaign=a_zcoursetuf,https://bit.ly/3QUHBmf,,,,,gfg:bitly_expanded_destination_unverified
122,5,Strings [Basic and Medium],2,Medium String Problems,5,5,cntnmbrfsbstrings,Count Number of Substrings,Medium,1,String | Data Structures,,https://www.codingninjas.com/studio/problems/count-with-k-different-characters_1214627,https://www.geeksforgeeks.org/problems/count-number-of-substrings4528/1,,,,,,https://www.codingninjas.com/studio/problems/count-with-k-different-characters_1214627?utm_source=striver&utm_medium=website&utm_campaign=a_zcoursetuf,https://bit.ly/3CfQfYi,,,,,gfg:bitly_expanded_destination_unverified
123,5,Strings [Basic and Medium],2,Medium String Problems,6,6,lngstplindrmicsbstringditwithtdp,Longest Palindromic Substring[Do it without DP],Hard,2,String | Data Structures,https://leetcode.com/problems/longest-palindromic-substring/,,https://www.geeksforgeeks.org/problems/longest-palindrome-in-a-string3411/1,,,,,,,https://bit.ly/3CeQ27D,,,,,gfg:bitly_expanded_destination_unverified
124,5,Strings [Basic and Medium],2,Medium String Problems,7,7,smfbtyfllsbstring,Sum of Beauty of all substring,Medium,1,Hashing | Data Structures | String,https://leetcode.com/problems/sum-of-beauty-of-all-substrings/,https://www.codingninjas.com/studio/problems/sum-of-beauty-of-all-substrings_8143656,https://www.geeksforgeeks.org/problems/sum-of-beauty-of-all-substrings-1662962118/1%5C,,,,,,https://www.codingninjas.com/studio/problems/sum-of-beauty-of-all-substrings_8143656?utm_source=striver&utm_medium=website&utm_campaign=a_zcoursetuf,https://bit.ly/3LRh089,,,,,gfg:bitly_expanded_destination_unverified
125,5,Strings [Basic and Medium],2,Medium String Problems,8,8,rvrsvrywrdinstring,Reverse Every Word in A String,Easy,0,Two Pointer | String | Data Structures,https://leetcode.com/problems/reverse-words-in-a-string/,https://www.codingninjas.com/codestudio/problems/reverse-words_7037425,https://practice.geeksforgeeks.org/problems/reverse-words-in-a-given-string5459/1,,,https://takeuforward.org/plus/dsa/problems/reverse-every-word-in-a-string,https://takeuforward.org/plus/dsa/problems/reverse-every-word-in-a-string?tab=editorial,,https://www.codingninjas.com/codestudio/problems/reverse-words_7037425?utm_source=striver&utm_medium=website&utm_campaign=a_zcoursetuf,,,,,,
126,6,"Learn LinkedList [Single LL, Double LL, Medium, Hard Problems]",1,Learn 1D LinkedList,1,1,intrdctintlinkdlistlrnbtstrctndhwisndrprsntd,"Introduction to LinkedList, learn about struct, and how is node represented",Easy,0,Linked List | Data Structures,,https://www.codingninjas.com/studio/problems/introduction-to-linked-list_8144737,https://www.geeksforgeeks.org/problems/introduction-to-linked-list/1,https://www.youtube.com/watch?v=Nq7ok-OyEpg,https://takeuforward.org/linked-list/linked-list-introduction,,https://takeuforward.org/plus/dsa/problems/introduction-to-singly-linkedlist,,https://www.codingninjas.com/studio/problems/introduction-to-linked-list_8144737?utm_source=striver&utm_medium=website&utm_campaign=a_zcoursetuf,https://bit.ly/3URZnst,https://youtu.be/Nq7ok-OyEpg?si=9PR1o8OPRWil7fRA,,,,gfg:bitly_expanded_destination_unverified
127,6,"Learn LinkedList [Single LL, Double LL, Medium, Hard Problems]",1,Learn 1D LinkedList,2,2,insrtingndinlinkdlist,Inserting a node in LinkedList,Easy,0,Linked List | Data Structures,,https://www.codingninjas.com/studio/problems/insert-node-at-the-beginning_8144739,https://www.geeksforgeeks.org/problems/linked-list-insertion-1587115620/0,https://www.youtube.com/watch?v=VaECK03Dz-g&t=1934,https://takeuforward.org/linked-list/insert-at-the-head-of-a-linked-list,https://takeuforward.org/plus/dsa/problems/insertion-at-the-head-of-ll,https://takeuforward.org/plus/dsa/problems/insertion-at-the-head-of-ll?tab=editorial,,https://www.codingninjas.com/studio/problems/insert-node-at-the-beginning_8144739?utm_source=striver&utm_medium=website&utm_campaign=a_zcoursetuf,https://bit.ly/3w9pEIt,https://youtu.be/VaECK03Dz-g?si=vHSwdf9jhE05adKM&t=1934,,,,gfg:bitly_expanded_destination_unverified
128,6,"Learn LinkedList [Single LL, Double LL, Medium, Hard Problems]",1,Learn 1D LinkedList,3,3,dltingndinlinkdlist,Deleting a node in LinkedList,Medium,1,Linked List | Data Structures,https://leetcode.com/problems/delete-node-in-a-linked-list/,https://www.codingninjas.com/studio/problems/delete-node-of-linked-list_8160463,https://www.geeksforgeeks.org/problems/delete-a-node-in-single-linked-list/1,https://www.youtube.com/watch?v=VaECK03Dz-g,https://takeuforward.org/data-structure/delete-last-node-of-linked-list/,https://takeuforward.org/plus/dsa/problems/deletion-of-the-head-of-ll,https://takeuforward.org/plus/dsa/problems/deletion-of-the-head-of-ll?tab=editorial,,https://www.codingninjas.com/studio/problems/delete-node-of-linked-list_8160463?utm_source=striver&utm_medium=website&utm_campaign=a_zcoursetuf,https://bit.ly/3Apg5aX,https://youtu.be/VaECK03Dz-g?si=CRaBHbOo2bHFbOT5,,,,gfg:bitly_expanded_destination_unverified
129,6,"Learn LinkedList [Single LL, Double LL, Medium, Hard Problems]",1,Learn 1D LinkedList,4,4,findthlngthfthlinkdlistlrntrvrsl,Find the length of the linkedlist [learn traversal],Easy,0,Linked List | Data Structures,,https://www.codingninjas.com/studio/problems/count-nodes-of-linked-list_5884,https://www.geeksforgeeks.org/problems/count-nodes-of-linked-list/0,https://www.youtube.com/watch?v=Nq7ok-OyEpg&t=2240,https://takeuforward.org/linked-list/find-the-length-of-a-linked-list,,,,https://www.codingninjas.com/studio/problems/count-nodes-of-linked-list_5884?utm_source=striver&utm_medium=website&utm_campaign=a_zcoursetuf,https://bit.ly/3Po7tpf,https://youtu.be/Nq7ok-OyEpg?si=xqQbukLfo2oZ6C6s&t=2240,,,,gfg:bitly_expanded_destination_unverified
130,6,"Learn LinkedList [Single LL, Double LL, Medium, Hard Problems]",1,Learn 1D LinkedList,5,5,srchnlmntinthll,Search an element in the LL,Easy,0,Linked List | Data Structures,,https://www.codingninjas.com/studio/problems/search-in-a-linked-list_975381,https://www.geeksforgeeks.org/problems/search-in-linked-list-1664434326/1,https://www.youtube.com/watch?v=Nq7ok-OyEpg&t=2524,https://takeuforward.org/linked-list/search-an-element-in-a-linked-list,,,,https://www.codingninjas.com/studio/problems/search-in-a-linked-list_975381?utm_source=striver&utm_medium=website&utm_campaign=a_zcoursetuf,https://bit.ly/3Epriup,https://youtu.be/Nq7ok-OyEpg?si=WNXcIaXZ_B6cNq0s&t=2524,,,,gfg:bitly_expanded_destination_unverified
131,6,"Learn LinkedList [Single LL, Double LL, Medium, Hard Problems]",2,Learn Doubly LinkedList,1,1,intrdctintdlllrnbtstrctndhwisndrprsntd,"Introduction to DLL, learn about struct, and how is node represented",Easy,0,Linked List | Data Structures,,https://www.codingninjas.com/studio/problems/introduction-to-doubly-linked-list_8160413,https://www.geeksforgeeks.org/problems/introduction-to-doubly-linked-list/1,https://www.youtube.com/watch?v=0eKMU10uEDI,https://takeuforward.org/linked-list/introduction-to-doubly-linked-list,https://takeuforward.org/plus/dsa/problems/introduction-to-doubly-ll,https://takeuforward.org/plus/dsa/problems/introduction-to-doubly-ll?tab=editorial,,https://www.codingninjas.com/studio/problems/introduction-to-doubly-linked-list_8160413?utm_source=striver&utm_medium=website&utm_campaign=a_zcoursetuf,https://bit.ly/3V9wY1v,https://youtu.be/0eKMU10uEDI?si=uDnoj_C5ghEpNLvP,,,,gfg:bitly_expanded_destination_unverified
132,6,"Learn LinkedList [Single LL, Double LL, Medium, Hard Problems]",2,Learn Doubly LinkedList,2,2,insrtndindll,Insert a node in DLL,Easy,0,Linked List | Data Structures,,https://www.codingninjas.com/studio/problems/insert-at-end-of-doubly-linked-list_8160464,https://www.geeksforgeeks.org/problems/insert-a-node-in-doubly-linked-list/1,https://www.youtube.com/watch?v=0eKMU10uEDI&t=2684,https://takeuforward.org/data-structure/insert-at-end-of-doubly-linked-list/,https://takeuforward.org/plus/dsa/problems/insert-node-before-head-in-dll,https://takeuforward.org/plus/dsa/problems/insert-node-before-head-in-dll?tab=editorial,,https://www.codingninjas.com/studio/problems/insert-at-end-of-doubly-linked-list_8160464?utm_source=striver&utm_medium=website&utm_campaign=a_zcoursetuf,https://bit.ly/3QD4hHs,https://youtu.be/0eKMU10uEDI?si=J5a0pQTosimcO_aA&t=2684,,,,gfg:bitly_expanded_destination_unverified
133,6,"Learn LinkedList [Single LL, Double LL, Medium, Hard Problems]",2,Learn Doubly LinkedList,3,3,dltndindll,Delete a node in DLL,Medium,1,Linked List | Data Structures,,https://www.codingninjas.com/studio/problems/delete-last-node-of-a-doubly-linked-list_8160469,https://www.geeksforgeeks.org/problems/delete-node-in-doubly-linked-list/1,https://www.youtube.com/watch?v=0eKMU10uEDI&t=853,https://takeuforward.org/data-structure/delete-last-node-of-a-doubly-linked-list/,https://takeuforward.org/plus/dsa/problems/delete-head-of-dll,https://takeuforward.org/plus/dsa/problems/delete-head-of-dll?tab=editorial,,https://www.codingninjas.com/studio/problems/delete-last-node-of-a-doubly-linked-list_8160469?utm_source=striver&utm_medium=website&utm_campaign=a_zcoursetuf,https://bit.ly/3QlEoMx,https://youtu.be/0eKMU10uEDI?si=sE7jqrW46lfRHVLd&t=853,,,,gfg:bitly_expanded_destination_unverified
134,6,"Learn LinkedList [Single LL, Double LL, Medium, Hard Problems]",2,Learn Doubly LinkedList,4,4,rvrsdll,Reverse a DLL,Medium,1,Linked List | Data Structures,,https://www.codingninjas.com/studio/problems/reverse-a-doubly-linked-list_1116098,https://www.geeksforgeeks.org/problems/reverse-a-doubly-linked-list/1,https://www.youtube.com/watch?v=u3WUW2qe6ww,https://takeuforward.org/data-structure/reverse-a-doubly-linked-list/,,,,https://www.codingninjas.com/studio/problems/reverse-a-doubly-linked-list_1116098?utm_source=striver&utm_medium=website&utm_campaign=a_zcoursetuf,https://bit.ly/3w6hUaa,https://youtu.be/u3WUW2qe6ww?si=96Wwlju72IvmzkxE,,,,gfg:bitly_expanded_destination_unverified
135,6,"Learn LinkedList [Single LL, Double LL, Medium, Hard Problems]",3,Medium Problems of LL,1,1,middlflinkdlisttrtishrmthd,Middle of a LinkedList [TortoiseHare Method],Easy,0,Linked List | Data Structures,https://leetcode.com/problems/middle-of-the-linked-list/,https://www.codingninjas.com/studio/problems/middle-of-linked-list_973250,https://www.geeksforgeeks.org/problems/finding-middle-element-in-a-linked-list/1,https://www.youtube.com/watch?v=7LjQ57RqgEc,https://takeuforward.org/data-structure/find-middle-element-in-a-linked-list/,https://takeuforward.org/plus/dsa/problems/find-middle-of-linked-list,https://takeuforward.org/plus/dsa/problems/find-middle-of-linked-list?tab=editorial,,https://www.codingninjas.com/studio/problems/middle-of-linked-list_973250?utm_source=striver&utm_medium=website&utm_campaign=a_zcoursetuf,https://bit.ly/3dAjkn1,https://youtu.be/7LjQ57RqgEc?si=ir_rRDio38rhamU_,,,,gfg:bitly_expanded_destination_unverified
136,6,"Learn LinkedList [Single LL, Double LL, Medium, Hard Problems]",3,Medium Problems of LL,2,2,rvrslinkdlistitrtiv,Reverse a LinkedList [Iterative],Easy,0,Linked List | Data Structures,https://leetcode.com/problems/reverse-linked-list/,https://www.codingninjas.com/studio/problems/reverse-linked-list_920513,https://www.geeksforgeeks.org/problems/reverse-a-linked-list/1,https://www.youtube.com/watch?v=D2vI2DNJGd8,https://takeuforward.org/data-structure/reverse-a-linked-list/,https://takeuforward.org/plus/dsa/problems/reverse-a-ll,https://takeuforward.org/plus/dsa/problems/reverse-a-ll?tab=editorial,,https://www.codingninjas.com/studio/problems/reverse-linked-list_920513?utm_source=striver&utm_medium=website&utm_campaign=a_zcoursetuf,https://bit.ly/3zY03mT,https://youtu.be/D2vI2DNJGd8?si=RCaLSx01qR21IBdh,,,,gfg:bitly_expanded_destination_unverified
137,6,"Learn LinkedList [Single LL, Double LL, Medium, Hard Problems]",3,Medium Problems of LL,3,3,rvrsllrcrsiv,Reverse a LL [Recursive],Easy,0,Linked List | Data Structures,https://leetcode.com/problems/reverse-linked-list/,https://www.codingninjas.com/studio/problems/reverse-linked-list_920513,https://www.geeksforgeeks.org/problems/reverse-a-linked-list/1,https://www.youtube.com/watch?v=D2vI2DNJGd8,https://takeuforward.org/data-structure/reverse-a-linked-list/,https://takeuforward.org/plus/dsa/problems/reverse-a-ll,https://takeuforward.org/plus/dsa/problems/reverse-a-ll?tab=editorial,,https://www.codingninjas.com/studio/problems/reverse-linked-list_920513?utm_source=striver&utm_medium=website&utm_campaign=a_zcoursetuf,https://bit.ly/3zY03mT,https://youtu.be/D2vI2DNJGd8?si=RCaLSx01qR21IBdh,,,,gfg:bitly_expanded_destination_unverified
138,6,"Learn LinkedList [Single LL, Double LL, Medium, Hard Problems]",3,Medium Problems of LL,4,4,dtctlpinll,Detect a loop in LL,Medium,1,Linked List | Data Structures,https://leetcode.com/problems/linked-list-cycle/,https://www.codingninjas.com/studio/problems/cycle-detection-in-a-singly-linked-list_628974,https://www.geeksforgeeks.org/problems/detect-loop-in-linked-list/1,https://www.youtube.com/watch?v=wiOo4DC5GGA,https://takeuforward.org/data-structure/detect-a-cycle-in-a-linked-list/,https://takeuforward.org/plus/dsa/problems/detect-a-loop-in-ll,https://takeuforward.org/plus/dsa/problems/detect-a-loop-in-ll?tab=editorial,,https://www.codingninjas.com/studio/problems/cycle-detection-in-a-singly-linked-list_628974?utm_source=striver&utm_medium=website&utm_campaign=a_zcoursetuf,https://bit.ly/3QN8PLn,https://youtu.be/wiOo4DC5GGA?si=zagt6O6tFXc4_3cx,,,,gfg:bitly_expanded_destination_unverified
139,6,"Learn LinkedList [Single LL, Double LL, Medium, Hard Problems]",3,Medium Problems of LL,5,5,findthstrtingpintinll,Find the starting point in LL,Medium,1,Linked List | Hashing | Two Pointer | Data Structures,https://leetcode.com/problems/linked-list-cycle-ii/,https://www.codingninjas.com/studio/problems/linked-list-cycle-ii_1112628,https://www.geeksforgeeks.org/problems/delete-all-occurrences-of-a-given-key-in-a-doubly-linked-list/1,https://www.youtube.com/watch?v=2Kd0KKmmHFc,https://takeuforward.org/data-structure/starting-point-of-loop-in-a-linked-list/,https://takeuforward.org/plus/dsa/problems/find-the-starting-point-in-ll,https://takeuforward.org/plus/dsa/problems/find-the-starting-point-in-ll?tab=editorial,,https://www.codingninjas.com/studio/problems/linked-list-cycle-ii_1112628?utm_source=striver&utm_medium=website&utm_campaign=a_zcoursetuf,https://bit.ly/3zuBr66,https://youtu.be/2Kd0KKmmHFc?si=7UreDPRjRvapeVB0,,,,gfg:bitly_expanded_destination_unverified
140,6,"Learn LinkedList [Single LL, Double LL, Medium, Hard Problems]",3,Medium Problems of LL,6,6,lngthflpinll,Length of Loop in LL,Easy,0,Linked List | Data Structures,,https://www.codingninjas.com/studio/problems/find-length-of-loop_8160455,https://www.geeksforgeeks.org/problems/find-length-of-loop/1,https://www.youtube.com/watch?v=I4g1qbkTPus,https://takeuforward.org/linked-list/length-of-loop-in-linked-list,https://takeuforward.org/plus/dsa/problems/length-of-loop-in-ll,https://takeuforward.org/plus/dsa/problems/length-of-loop-in-ll?tab=editorial,,https://www.codingninjas.com/studio/problems/find-length-of-loop_8160455?utm_source=striver&utm_medium=website&utm_campaign=a_zcoursetuf,https://bit.ly/3dyXL6m,https://youtu.be/I4g1qbkTPus?si=ONktpqewvx57T8pF,,,,gfg:bitly_expanded_destination_unverified
141,6,"Learn LinkedList [Single LL, Double LL, Medium, Hard Problems]",3,Medium Problems of LL,7,7,chckifllisplindrmrnt,Check if LL is palindrome or not,Medium,1,Linked List | Data Structures,https://leetcode.com/problems/palindrome-linked-list/,https://www.codingninjas.com/studio/problems/check-if-linked-list-is-palindrome_985248,https://www.geeksforgeeks.org/problems/check-if-linked-list-is-pallindrome/1,https://www.youtube.com/watch?v=lRY_G-u_8jk,https://takeuforward.org/data-structure/check-if-given-linked-list-is-plaindrome/,https://takeuforward.org/plus/dsa/problems/check-if-ll-is-palindrome-or-not,https://takeuforward.org/plus/dsa/problems/check-if-ll-is-palindrome-or-not?tab=editorial,,https://www.codingninjas.com/studio/problems/check-if-linked-list-is-palindrome_985248?utm_source=striver&utm_medium=website&utm_campaign=a_zcoursetuf,https://bit.ly/3JVrnXJ,https://youtu.be/lRY_G-u_8jk?si=BpM8hRYvXSYyjl-G,,,,gfg:bitly_expanded_destination_unverified
142,6,"Learn LinkedList [Single LL, Double LL, Medium, Hard Problems]",3,Medium Problems of LL,8,8,sgrrgtddndvnndsinll,Segrregate odd and even nodes in LL,Medium,1,Linked List | Data Structures,https://leetcode.com/problems/odd-even-linked-list/,https://www.codingninjas.com/studio/problems/segregate-even-and-odd-nodes-in-a-linked-list_1116100,https://www.geeksforgeeks.org/problems/segregate-even-and-odd-nodes-in-a-linked-list5035/1,https://www.youtube.com/watch?v=qf6qp7GzD5Q,https://takeuforward.org/data-structure/segregate-even-and-odd-nodes-in-linkedlist,https://takeuforward.org/plus/dsa/problems/segregate-odd-and-even-nodes-in-ll,https://takeuforward.org/plus/dsa/problems/segregate-odd-and-even-nodes-in-ll?tab=editorial,,https://www.codingninjas.com/studio/problems/segregate-even-and-odd-nodes-in-a-linked-list_1116100?utm_source=striver&utm_medium=website&utm_campaign=a_zcoursetuf,https://bit.ly/3A3aeqe,https://youtu.be/qf6qp7GzD5Q?si=JozAyXUdT8EJMSCQ,,,,gfg:bitly_expanded_destination_unverified
143,6,"Learn LinkedList [Single LL, Double LL, Medium, Hard Problems]",3,Medium Problems of LL,9,9,rmvnthndfrmthbckfthll,Remove Nth node from the back of the LL,Medium,1,Linked List | Two Pointer | Data Structures,https://leetcode.com/problems/remove-nth-node-from-end-of-list/,https://www.codingninjas.com/studio/problems/delete-kth-node-from-end_799912,https://www.geeksforgeeks.org/problems/nth-node-from-end-of-linked-list/1,https://www.youtube.com/watch?v=3kMKYQ2wNIU,https://takeuforward.org/data-structure/remove-n-th-node-from-the-end-of-a-linked-list/,https://takeuforward.org/plus/dsa/problems/remove-nth-node-from-the-back-of-the-ll,https://takeuforward.org/plus/dsa/problems/remove-nth-node-from-the-back-of-the-ll?tab=editorial,,https://www.codingninjas.com/studio/problems/delete-kth-node-from-end_799912?utm_source=striver&utm_medium=website&utm_campaign=a_zcoursetuf,https://bit.ly/3pobNKM,https://youtu.be/3kMKYQ2wNIU?si=DtFDnPU7z9HMz_GM,,,,gfg:bitly_expanded_destination_unverified
144,6,"Learn LinkedList [Single LL, Double LL, Medium, Hard Problems]",3,Medium Problems of LL,10,10,dltthmiddlndfll,Delete the middle node of LL,Medium,1,Linked List | Data Structures,https://leetcode.com/problems/delete-the-middle-node-of-a-linked-list/,https://www.codingninjas.com/studio/problems/delete-middle-node_763267,https://www.geeksforgeeks.org/problems/delete-middle-of-linked-list/1,https://www.youtube.com/watch?v=ePpV-_pfOeI,https://takeuforward.org/linked-list/delete-the-middle-node-of-the-linked-list,https://takeuforward.org/plus/dsa/problems/delete-the-middle-node-in-ll,https://takeuforward.org/plus/dsa/problems/delete-the-middle-node-in-ll?tab=editorial,"https://leetcode.com/problems/delete-the-middle-node-of-a-linked-list/#:~:text=You%20are%20given%20the%20head,than%20or%20equal%20to%20x%20.",https://www.codingninjas.com/studio/problems/delete-middle-node_763267?utm_source=striver&utm_medium=website&utm_campaign=a_zcoursetuf,https://bit.ly/3QzoU7W,https://youtu.be/ePpV-_pfOeI?si=Au9GsZkVO57j6SiN,,,,gfg:bitly_expanded_destination_unverified
145,6,"Learn LinkedList [Single LL, Double LL, Medium, Hard Problems]",3,Medium Problems of LL,11,11,srtll,Sort LL,Medium,1,Linked List | Data Structures,https://leetcode.com/problems/sort-list/,https://www.codingninjas.com/studio/problems/sort-linked-list_625193,https://www.geeksforgeeks.org/problems/linked-list-that-is-sorted-alternatingly/1,https://www.youtube.com/watch?v=8ocB7a_c-Cc,https://takeuforward.org/linked-list/sort-a-linked-list,https://takeuforward.org/plus/dsa/problems/sort-ll,https://takeuforward.org/plus/dsa/problems/sort-ll?tab=editorial,,https://www.codingninjas.com/studio/problems/sort-linked-list_625193?utm_source=striver&utm_medium=website&utm_campaign=a_zcoursetuf,https://bit.ly/3dDuLdO,https://youtu.be/8ocB7a_c-Cc?si=Gv-Y8q8-WyARoV35,,,,gfg:bitly_expanded_destination_unverified
146,6,"Learn LinkedList [Single LL, Double LL, Medium, Hard Problems]",3,Medium Problems of LL,12,12,srtllf0s1snd2sbychnginglinks,Sort a LL of 0's 1's and 2's by changing links,Medium,1,Arrays | Two Pointer | Data Structures,,https://www.codingninjas.com/studio/problems/sort-linked-list-of-0s-1s-2s_1071937,https://www.geeksforgeeks.org/problems/given-a-linked-list-of-0s-1s-and-2s-sort-it/1,https://www.youtube.com/watch?v=gRII7LhdJWc,,https://takeuforward.org/plus/dsa/problems/sort-a-ll-of-0's-1's-and-2's,https://takeuforward.org/plus/dsa/problems/sort-a-ll-of-0's-1's-and-2's?tab=editorial,,https://www.codingninjas.com/studio/problems/sort-linked-list-of-0s-1s-2s_1071937?utm_source=striver&utm_medium=website&utm_campaign=a_zcoursetuf,https://bit.ly/3Ceotvr,https://youtu.be/gRII7LhdJWc?si=l3qRC7w3NhY7OAqw,,,,gfg:bitly_expanded_destination_unverified
147,6,"Learn LinkedList [Single LL, Double LL, Medium, Hard Problems]",3,Medium Problems of LL,13,13,findthintrsctinpintfyll,Find the intersection point of Y LL,Medium,1,Linked List | Data Structures,https://leetcode.com/problems/intersection-of-two-linked-lists/,https://www.codingninjas.com/studio/problems/-intersection-of-two-linked-lists_630457,https://www.geeksforgeeks.org/problems/intersection-of-two-linked-list/1,https://www.youtube.com/watch?v=0DYoPz2Tpt4,https://takeuforward.org/data-structure/find-intersection-of-two-linked-lists/,https://takeuforward.org/plus/dsa/problems/find-the-intersection-point-of-y-ll,https://takeuforward.org/plus/dsa/problems/find-the-intersection-point-of-y-ll?tab=editorial,,https://www.codingninjas.com/studio/problems/-intersection-of-two-linked-lists_630457?utm_source=striver&utm_medium=website&utm_campaign=a_zcoursetuf,https://bit.ly/3pl5R4W,https://youtu.be/0DYoPz2Tpt4?si=L-uJs5yXUxj4VJM2,,,,gfg:bitly_expanded_destination_unverified
148,6,"Learn LinkedList [Single LL, Double LL, Medium, Hard Problems]",3,Medium Problems of LL,14,14,dd1tnmbrrprsntdbyll,Add 1 to a number represented by LL,Medium,1,Linked List | Data Structures,,https://www.codingninjas.com/studio/problems/add-one-to-a-number-represented-as-linked-list_920557,https://www.geeksforgeeks.org/problems/add-1-to-a-number-represented-as-linked-list/1,https://www.youtube.com/watch?v=aXQWhbvT3w0,,https://takeuforward.org/plus/dsa/problems/add-one-to-a-number-represented-by-ll\,https://takeuforward.org/plus/dsa/problems/add-one-to-a-number-represented-by-ll?tab=editorial,,https://www.codingninjas.com/studio/problems/add-one-to-a-number-represented-as-linked-list_920557?utm_source=striver&utm_medium=website&utm_campaign=a_zcoursetuf,https://bit.ly/3piCTD3,https://youtu.be/aXQWhbvT3w0?si=uRgU9S4r5cVmnUy7,,,,gfg:bitly_expanded_destination_unverified
149,6,"Learn LinkedList [Single LL, Double LL, Medium, Hard Problems]",3,Medium Problems of LL,15,15,dd2nmbrsinll,Add 2 numbers in LL,Medium,1,Linked List | Data Structures,https://leetcode.com/problems/add-two-numbers/,https://www.codingninjas.com/studio/problems/add-two-numbers_1170520,https://www.geeksforgeeks.org/problems/add-two-numbers-represented-by-linked-lists/1,https://www.youtube.com/watch?v=XmRrGzR6udg,https://takeuforward.org/data-structure/add-two-numbers-represented-as-linked-lists/,https://takeuforward.org/plus/dsa/problems/add-two-numbers-in-ll,https://takeuforward.org/plus/dsa/problems/add-two-numbers-in-ll?tab=editorial,,https://www.codingninjas.com/studio/problems/add-two-numbers_1170520?utm_source=striver&utm_medium=website&utm_campaign=a_zcoursetuf,https://bit.ly/3JZlGb7,https://youtu.be/XmRrGzR6udg?si=VYuZYUcaVCrZCgpA,,,,gfg:bitly_expanded_destination_unverified
150,6,"Learn LinkedList [Single LL, Double LL, Medium, Hard Problems]",4,Medium Problems of DLL,1,1,dltllccrrncsfkyindll,Delete all occurrences of a key in DLL,Medium,1,Linked List | Data Structures,,https://www.codingninjas.com/studio/problems/delete-all-occurrences-of-a-given-key-in-a-doubly-linked-list_8160461,https://www.geeksforgeeks.org/problems/delete-all-occurrences-of-a-given-key-in-a-doubly-linked-list/1,https://www.youtube.com/watch?v=Mh0NH_SD92k,,https://takeuforward.org/plus/dsa/problems/delete-all-occurrences-of-a-key-in-dll,https://takeuforward.org/plus/dsa/problems/delete-all-occurrences-of-a-key-in-dll?tab=editorial,,https://www.codingninjas.com/studio/problems/delete-all-occurrences-of-a-given-key-in-a-doubly-linked-list_8160461?utm_source=striver&utm_medium=website&utm_campaign=a_zcoursetuf,https://bit.ly/3zuBr66,https://youtu.be/Mh0NH_SD92k?si=tCYshBRi1upMqSVz,,,,gfg:bitly_expanded_destination_unverified
151,6,"Learn LinkedList [Single LL, Double LL, Medium, Hard Problems]",4,Medium Problems of DLL,2,2,findpirswithgivnsmindll,Find pairs with given sum in DLL,Medium,1,Linked List | Data Structures,,https://www.codingninjas.com/studio/problems/find-pairs-with-given-sum-in-doubly-linked-list_1164172,https://www.geeksforgeeks.org/problems/find-pairs-with-given-sum-in-doubly-linked-list/1,https://www.youtube.com/watch?v=YitR4dQsddE,,,,,https://www.codingninjas.com/studio/problems/find-pairs-with-given-sum-in-doubly-linked-list_1164172?utm_source=striver&utm_medium=website&utm_campaign=a_zcoursetuf,https://bit.ly/3zWPiBj,https://youtu.be/YitR4dQsddE?si=iZAC259hdngV_OxC,,,,gfg:bitly_expanded_destination_unverified
152,6,"Learn LinkedList [Single LL, Double LL, Medium, Hard Problems]",4,Medium Problems of DLL,3,3,rmvdplictsfrmsrtddll,Remove duplicates from sorted DLL,Medium,1,Linked List | Data Structures,,https://www.codingninjas.com/studio/problems/remove-duplicates-from-a-sorted-doubly-linked-list_2420283,https://www.geeksforgeeks.org/problems/remove-duplicates-from-a-sorted-doubly-linked-list/1,https://www.youtube.com/watch?v=YJKVTnOJXSY,,https://takeuforward.org/plus/dsa/problems/remove-duplicated-from-sorted-dll,https://takeuforward.org/plus/dsa/problems/remove-duplicated-from-sorted-dll?tab=editorial,,https://www.codingninjas.com/studio/problems/remove-duplicates-from-a-sorted-doubly-linked-list_2420283?utm_source=striver&utm_medium=website&utm_campaign=a_zcoursetuf,https://bit.ly/3FtJUtZ,https://youtu.be/YJKVTnOJXSY?si=AsZoNUoewetsBjr0,,,,gfg:bitly_expanded_destination_unverified
153,6,"Learn LinkedList [Single LL, Double LL, Medium, Hard Problems]",5,Hard Problems of LL,1,1,rvrsllingrpfgivnsizk,Reverse LL in group of given size K,Hard,2,Linked List | Data Structures,https://leetcode.com/problems/reverse-nodes-in-k-group/,https://www.codingninjas.com/studio/problems/reverse-list-in-k-groups_983644,https://www.geeksforgeeks.org/problems/find-pairs-with-given-sum-in-doubly-linked-list/1,https://www.youtube.com/watch?v=lIar1skcQYI,https://takeuforward.org/data-structure/reverse-linked-list-in-groups-of-size-k/,https://takeuforward.org/plus/dsa/problems/reverse-ll-in-group-of-given-size-k,https://takeuforward.org/plus/dsa/problems/reverse-ll-in-group-of-given-size-k?tab=editorial,,https://www.codingninjas.com/studio/problems/reverse-list-in-k-groups_983644?utm_source=striver&utm_medium=website&utm_campaign=a_zcoursetuf,https://bit.ly/3zWPiBj,https://youtu.be/lIar1skcQYI?si=_jFghHKX4eaK36a1,,,,gfg:bitly_expanded_destination_unverified
154,6,"Learn LinkedList [Single LL, Double LL, Medium, Hard Problems]",5,Hard Problems of LL,2,2,rttll,Rotate a LL,Medium,1,Linked List | Data Structures,https://leetcode.com/problems/rotate-list/description/,https://www.codingninjas.com/studio/problems/rotate-linked-list_920454,https://www.geeksforgeeks.org/problems/rotate-a-linked-list/1,https://www.youtube.com/watch?v=uT7YI7XbTY8,https://takeuforward.org/data-structure/rotate-a-linked-list/,https://takeuforward.org/plus/dsa/problems/rotate-a-ll,https://takeuforward.org/plus/dsa/problems/rotate-a-ll?tab=editorial,,https://www.codingninjas.com/studio/problems/rotate-linked-list_920454?utm_source=striver&utm_medium=website&utm_campaign=a_zcoursetuf,https://bit.ly/3JXvemY,https://youtu.be/uT7YI7XbTY8?si=ZaChW3a68c_v54Is,,,,gfg:bitly_expanded_destination_unverified
155,6,"Learn LinkedList [Single LL, Double LL, Medium, Hard Problems]",5,Hard Problems of LL,3,3,flttningfll,Flattening of LL,Hard,2,Linked List | Data Structures,,https://www.codingninjas.com/studio/problems/flatten-a-linked-list_1112655,https://www.geeksforgeeks.org/problems/flattening-a-linked-list/1,https://www.youtube.com/watch?v=ykelywHJWLg,https://takeuforward.org/data-structure/flattening-a-linked-list/,https://takeuforward.org/plus/dsa/problems/flattening-of-ll,https://takeuforward.org/plus/dsa/problems/flattening-of-ll?tab=editorial,,https://www.codingninjas.com/studio/problems/flatten-a-linked-list_1112655?utm_source=striver&utm_medium=website&utm_campaign=a_zcoursetuf,https://bit.ly/3w9TKf8,https://youtu.be/ykelywHJWLg?si=InMg9MmTHzY22NSR,,,,gfg:bitly_expanded_destination_unverified
156,6,"Learn LinkedList [Single LL, Double LL, Medium, Hard Problems]",5,Hard Problems of LL,4,4,clnlinkdlistwithrndmndnxtpintr,Clone a Linked List with random and next pointer,Hard,2,Linked List | Data Structures,https://leetcode.com/problems/copy-list-with-random-pointer/,https://www.codingninjas.com/studio/problems/clone-a-linked-list-with-random-pointers_983604,https://www.geeksforgeeks.org/problems/clone-a-linked-list-with-next-and-random-pointer/1,https://www.youtube.com/watch?v=q570bKdrnlw,https://takeuforward.org/data-structure/clone-linked-list-with-random-and-next-pointer/,https://takeuforward.org/plus/dsa/problems/clone-a-ll-with-random-and-next-pointer,https://takeuforward.org/plus/dsa/problems/clone-a-ll-with-random-and-next-pointer?tab=editorial,,https://www.codingninjas.com/studio/problems/clone-a-linked-list-with-random-pointers_983604?utm_source=striver&utm_medium=website&utm_campaign=a_zcoursetuf,https://bit.ly/3PpM6np,https://youtu.be/q570bKdrnlw?si=epZtpWvtNwuTf23o,,,,gfg:bitly_expanded_destination_unverified
157,7,Recursion [PatternWise],1,Get a Strong Hold,1,1,rcrsivimplmnttinfti,Recursive Implementation of atoi(),Hard,2,String | Recursion | Data Structures,https://leetcode.com/problems/string-to-integer-atoi/,https://www.codingninjas.com/studio/problems/implement-atoi-function_981270,https://www.geeksforgeeks.org/problems/implement-atoi/1,,,,,,https://www.codingninjas.com/studio/problems/implement-atoi-function_981270?utm_source=striver&utm_medium=website&utm_campaign=a_zcoursetuf,https://bit.ly/3K4ySLV,,,,,gfg:bitly_expanded_destination_unverified
158,7,Recursion [PatternWise],1,Get a Strong Hold,2,2,pwxn,"Pow(x, n)",Medium,1,Maths | Recursion,https://leetcode.com/problems/powx-n/,https://www.codingninjas.com/studio/problems/find-x-raised-to-power-n-_626560,https://www.geeksforgeeks.org/problems/power-of-numbers-1587115620/1,https://www.youtube.com/watch?v=l0YC3876qxg,https://takeuforward.org/data-structure/implement-powxn-x-raised-to-the-power-n/,"https://takeuforward.org/plus/dsa/problems/pow(x,n)","https://takeuforward.org/plus/dsa/problems/pow(x,n)?tab=editorial",,https://www.codingninjas.com/studio/problems/find-x-raised-to-power-n-_626560?utm_source=striver&utm_medium=website&utm_campaign=a_zcoursetuf,https://bit.ly/3QLc6uD,https://youtu.be/l0YC3876qxg,,,,gfg:bitly_expanded_destination_unverified
159,7,Recursion [PatternWise],1,Get a Strong Hold,3,3,cntgdnmbrs,Count Good numbers,Easy,0,Maths | Data Structures,https://leetcode.com/problems/count-good-numbers/,https://www.codingninjas.com/studio/problems/good-numbers_625508,https://www.geeksforgeeks.org/problems/good-numbers4629/1,,,,,,https://www.codingninjas.com/studio/problems/good-numbers_625508?utm_source=striver&utm_medium=website&utm_campaign=a_zcoursetuf,https://bit.ly/3w6SucH,,,,,gfg:bitly_expanded_destination_unverified
160,7,Recursion [PatternWise],1,Get a Strong Hold,4,4,srtstcksingrcrsin,Sort a stack using recursion,Medium,1,Stack | Sorting | Data Structures,,https://www.codingninjas.com/codestudio/problems/sort-stack_1229505,https://www.geeksforgeeks.org/problems/sort-a-stack/1,,,,,,https://www.codingninjas.com/codestudio/problems/sort-stack_1229505?utm_source=striver&utm_medium=website&utm_campaign=a_zcoursetuf,https://bit.ly/3Pu0YBn,,,,,gfg:bitly_expanded_destination_unverified
161,7,Recursion [PatternWise],1,Get a Strong Hold,5,5,rvrsstcksingrcrsin,Reverse a stack using recursion,Easy,0,Stack | Recursion | Data Structures,,https://www.codingninjas.com/studio/problems/reverse-stack-using-recursion_631875,https://www.geeksforgeeks.org/problems/reverse-a-stack/1,,,,,,https://www.codingninjas.com/studio/problems/reverse-stack-using-recursion_631875?utm_source=striver&utm_medium=website&utm_campaign=a_zcoursetuf,https://bit.ly/3podAiY,,,,,gfg:bitly_expanded_destination_unverified
162,7,Recursion [PatternWise],2,Subsequences Pattern,1,1,gnrtllbinrystrings,Generate all binary strings,Medium,1,String | Data Structures,,https://www.codingninjas.com/studio/problems/-binary-strings-with-no-consecutive-1s._893001,https://www.geeksforgeeks.org/dsa/generate-binary-strings-without-consecutive-1s/,,,,,,https://www.codingninjas.com/studio/problems/-binary-strings-with-no-consecutive-1s._893001?utm_source=striver&utm_medium=website&utm_campaign=a_zcoursetuf,https://bit.ly/3QJ0vwc,,,,,gfg:bitly_expanded_destination_unverified
163,7,Recursion [PatternWise],2,Subsequences Pattern,2,2,gnrtprnthsis,Generate Paranthesis,Medium,1,String | Data Structures | Dynamic Programming,https://leetcode.com/problems/generate-parentheses/,https://www.codingninjas.com/studio/problems/generate-all-parenthesis_920445,https://www.geeksforgeeks.org/problems/generate-all-possible-parentheses/1,,,https://takeuforward.org/plus/dsa/problems/generate-paranthesis,https://takeuforward.org/plus/dsa/problems/generate-paranthesis?tab=editorial,,https://www.codingninjas.com/studio/problems/generate-all-parenthesis_920445?utm_source=striver&utm_medium=website&utm_campaign=a_zcoursetuf,https://bit.ly/3K5keUw,,,,,gfg:bitly_expanded_destination_unverified
164,7,Recursion [PatternWise],2,Subsequences Pattern,3,3,printllsbsqncspwrst,Print all subsequences/Power Set,Medium,1,Recursion | Data Structures,https://leetcode.com/problems/subsets/,https://www.codingninjas.com/studio/problems/print-subsequences_8416366,https://www.geeksforgeeks.org/problems/power-set4302/1,https://www.youtube.com/watch?v=b7AYbpM5YrE,https://takeuforward.org/data-structure/power-set-print-all-the-possible-subsequences-of-the-string/,https://takeuforward.org/plus/dsa/problems/power-set,https://takeuforward.org/plus/dsa/problems/power-set?tab=editorial,,https://www.codingninjas.com/studio/problems/print-subsequences_8416366?utm_source=striver&utm_medium=website&utm_campaign=a_zcoursetuf,https://bit.ly/3STXz1t,https://youtu.be/b7AYbpM5YrE,,,,gfg:bitly_expanded_destination_unverified
165,7,Recursion [PatternWise],2,Subsequences Pattern,4,4,lrnllpttrnsfsbsqncsthry,Learn All Patterns of Subsequences (Theory),Medium,1,String | Data Structures,,https://www.codingninjas.com/codestudio/problems/more-subsequence_8842355,https://www.geeksforgeeks.org/problems/better-string/1,https://www.youtube.com/watch?v=eQCS_v3bw0Q,,,,,https://www.codingninjas.com/codestudio/problems/more-subsequence_8842355?utm_source=striver&utm_medium=website&utm_campaign=a_zcoursetuf,https://bit.ly/3US225G,https://www.youtube.com/watch?v=eQCS_v3bw0Q&list=PLgUwDviBIf0rGlzIn_7rsaR2FQ5e6ZOL9&index=7,,,,gfg:bitly_expanded_destination_unverified
166,7,Recursion [PatternWise],2,Subsequences Pattern,5,5,cntllsbsqncswithsmk,Count all subsequences with sum K,Hard,2,Arrays | Hashing | Data Structures,,https://www.codingninjas.com/studio/problems/subarrays-with-sum-‘k'_6922076,https://www.geeksforgeeks.org/problems/perfect-sum-problem5633/1,,,https://takeuforward.org/plus/dsa/problems/count-all-subsequences-with-sum-k,https://takeuforward.org/plus/dsa/problems/count-all-subsequences-with-sum-k?tab=editorial,,https://www.codingninjas.com/studio/problems/subarrays-with-sum-‘k'_6922076?utm_source=striver&utm_medium=website&utm_campaign=a_zcoursetuf,https://bit.ly/3SVf1me,,,,,gfg:bitly_expanded_destination_unverified
167,7,Recursion [PatternWise],2,Subsequences Pattern,6,6,chckifthrxistssbsqncwithsmk,Check if there exists a subsequence with sum K,Medium,1,Arrays | Data Structures,,https://www.codingninjas.com/studio/problems/subset-sum_630213,,,,https://takeuforward.org/plus/dsa/problems/check-if-there-exists-a-subsequence-with-sum-k,https://takeuforward.org/plus/dsa/problems/check-if-there-exists-a-subsequence-with-sum-k?tab=editorial,,https://www.codingninjas.com/studio/problems/subset-sum_630213?utm_source=striver&utm_medium=website&utm_campaign=a_zcoursetuf,,,,,,
168,7,Recursion [PatternWise],2,Subsequences Pattern,7,7,cmbintinsm,Combination Sum,Medium,1,Recursion | Data Structures | Arrays,https://leetcode.com/problems/combination-sum/,https://www.codingninjas.com/studio/problems/combination-sum_981296,https://www.geeksforgeeks.org/problems/combination-sum-1587115620/1,https://www.youtube.com/watch?v=OyZFFqQtu98,https://takeuforward.org/data-structure/combination-sum-1/,https://takeuforward.org/plus/dsa/problems/combination-sum,https://takeuforward.org/plus/dsa/problems/combination-sum?tab=editorial,,https://www.codingninjas.com/studio/problems/combination-sum_981296?utm_source=striver&utm_medium=website&utm_campaign=a_zcoursetuf,https://bit.ly/3C9bJ91,https://www.youtube.com/watch?v=OyZFFqQtu98&list=PLgUwDviBIf0p4ozDR_kJJkONnb1wdx2Ma&index=49,,,,gfg:bitly_expanded_destination_unverified
169,7,Recursion [PatternWise],2,Subsequences Pattern,8,8,cmbintinsmii,Combination Sum-II,Medium,1,Recursion | Data Structures | Arrays,https://leetcode.com/problems/combination-sum-ii/,https://www.codingninjas.com/studio/problems/combination-sum-ii_1112622,https://www.geeksforgeeks.org/problems/combination-sum-ii/1,https://www.youtube.com/watch?v=G1fRTGRxXU8,https://takeuforward.org/data-structure/combination-sum-ii-find-all-unique-combinations/,https://takeuforward.org/plus/dsa/problems/combination-sum-ii,https://takeuforward.org/plus/dsa/problems/combination-sum-ii?tab=editorial,,https://www.codingninjas.com/studio/problems/combination-sum-ii_1112622?utm_source=striver&utm_medium=website&utm_campaign=a_zcoursetuf,https://bit.ly/3VgczZ2,https://www.youtube.com/watch?v=G1fRTGRxXU8&list=PLgUwDviBIf0p4ozDR_kJJkONnb1wdx2Ma&index=50,,,,gfg:bitly_expanded_destination_unverified
170,7,Recursion [PatternWise],2,Subsequences Pattern,9,9,sbstsmi,Subset Sum-I,Medium,1,Arrays | Recursion | Data Structures,,https://www.codingninjas.com/studio/problems/subset-sum_3843086,https://www.geeksforgeeks.org/problems/subset-sums2234/1,https://www.youtube.com/watch?v=rYkfBRtMJr8,https://takeuforward.org/data-structure/subset-sum-sum-of-all-subsets/,https://takeuforward.org/plus/dsa/problems/subsets-i,https://takeuforward.org/plus/dsa/problems/subsets-i?tab=editorial,,https://www.codingninjas.com/studio/problems/subset-sum_3843086?utm_source=striver&utm_medium=website&utm_campaign=a_zcoursetuf,https://bit.ly/3C9GQRS,https://www.youtube.com/watch?v=rYkfBRtMJr8&list=PLgUwDviBIf0p4ozDR_kJJkONnb1wdx2Ma&index=52,,,,gfg:bitly_expanded_destination_unverified
171,7,Recursion [PatternWise],2,Subsequences Pattern,10,10,sbstsmii,Subset Sum-II,Medium,1,Arrays | Recursion | Data Structures,https://leetcode.com/problems/subsets-ii/,https://www.codingninjas.com/studio/problems/get-all-unique-subsets_624393,https://www.geeksforgeeks.org/problems/subset-sum-ii/1,https://www.youtube.com/watch?v=RIn3gOkbhQE,https://takeuforward.org/data-structure/subset-ii-print-all-the-unique-subsets/,https://takeuforward.org/plus/dsa/problems/subsets-ii,https://takeuforward.org/plus/dsa/problems/subsets-ii?tab=editorial,,https://www.codingninjas.com/studio/problems/get-all-unique-subsets_624393?utm_source=striver&utm_medium=website&utm_campaign=a_zcoursetuf,https://bit.ly/3MlAvWF,https://www.youtube.com/watch?v=RIn3gOkbhQE&list=PLgUwDviBIf0p4ozDR_kJJkONnb1wdx2Ma&index=53,,,,gfg:bitly_expanded_destination_unverified
172,7,Recursion [PatternWise],2,Subsequences Pattern,11,11,cmbintinsmiii,Combination Sum - III,Hard,2,Recursion | Data Structures | Arrays,https://leetcode.com/problems/combination-sum-iii/,https://www.codingninjas.com/studio/problems/combination-sum-iii_5038357,https://www.geeksforgeeks.org/problems/combination-sum-iii/1,,,https://takeuforward.org/plus/dsa/problems/combination-sum-iii,https://takeuforward.org/plus/dsa/problems/combination-sum-iii?tab=editorial,,https://www.codingninjas.com/studio/problems/combination-sum-iii_5038357?utm_source=striver&utm_medium=website&utm_campaign=a_zcoursetuf,https://bit.ly/3CMZFul,,,,,gfg:bitly_expanded_destination_unverified
173,7,Recursion [PatternWise],2,Subsequences Pattern,12,12,lttrcmbintinsfphnnmbr,Letter Combinations of a Phone number,Medium,1,Hashing | String | Data Structures,https://leetcode.com/problems/letter-combinations-of-a-phone-number/,https://www.codingninjas.com/studio/problems/letter-phone_626178,https://www.geeksforgeeks.org/problems/possible-words-from-phone-digits-1587115620/1,,,https://takeuforward.org/plus/dsa/problems/letter-combinations-of-a-phone-number,https://takeuforward.org/plus/dsa/problems/letter-combinations-of-a-phone-number?tab=editorial,,https://www.codingninjas.com/studio/problems/letter-phone_626178?utm_source=striver&utm_medium=website&utm_campaign=a_zcoursetuf,https://bit.ly/3K1INBO,,,,,gfg:bitly_expanded_destination_unverified
174,7,Recursion [PatternWise],3,Trying out all Combos / Hard,1,1,plindrmprtitining,Palindrome Partitioning,Medium,1,String | Data Structures | Dynamic Programming,https://leetcode.com/problems/palindrome-partitioning/,https://www.codingninjas.com/studio/problems/palindrome-partitioning_626181,https://www.geeksforgeeks.org/problems/palindromic-patitioning4845/1,https://www.youtube.com/watch?v=WBgsABoClE0,https://takeuforward.org/data-structure/palindrome-partitioning/,https://takeuforward.org/plus/dsa/problems/palindrome-partitioning,https://takeuforward.org/plus/dsa/problems/palindrome-partitioning?tab=editorial,,https://www.codingninjas.com/studio/problems/palindrome-partitioning_626181?utm_source=striver&utm_medium=website&utm_campaign=a_zcoursetuf,https://bit.ly/3T63roP,https://www.youtube.com/watch?v=WBgsABoClE0&list=PLgUwDviBIf0p4ozDR_kJJkONnb1wdx2Ma&index=51,,,,gfg:bitly_expanded_destination_unverified
175,7,Recursion [PatternWise],3,Trying out all Combos / Hard,2,2,wrdsrch,Word Search,Medium,1,Arrays | Data Structures | String,https://leetcode.com/problems/word-search/,https://www.codingninjas.com/studio/problems/word-search---l_892986,https://www.geeksforgeeks.org/problems/word-search/1,,https://takeuforward.org/data-structure/word-search-leetcode/,https://takeuforward.org/plus/dsa/problems/word-search,https://takeuforward.org/plus/dsa/problems/word-search?tab=editorial,,https://www.codingninjas.com/studio/problems/word-search---l_892986?utm_source=striver&utm_medium=website&utm_campaign=a_zcoursetuf,https://bit.ly/3Ca9xOL,,,,,gfg:bitly_expanded_destination_unverified
176,7,Recursion [PatternWise],3,Trying out all Combos / Hard,3,3,nqn,N Queen,Hard,2,Arrays | Recursion,https://leetcode.com/problems/n-queens/,https://www.codingninjas.com/studio/problems/n-queens_696453,https://www.geeksforgeeks.org/problems/n-queen-problem0315/1,https://www.youtube.com/watch?v=i05Ju7AftcM,https://takeuforward.org/data-structure/n-queen-problem-return-all-distinct-solutions-to-the-n-queens-puzzle/,https://takeuforward.org/plus/dsa/problems/n-queen,https://takeuforward.org/plus/dsa/problems/n-queen?tab=editorial,,https://www.codingninjas.com/studio/problems/n-queens_696453?utm_source=striver&utm_medium=website&utm_campaign=a_zcoursetuf,https://bit.ly/3QurLP8,https://www.youtube.com/watch?v=i05Ju7AftcM&list=PLgUwDviBIf0p4ozDR_kJJkONnb1wdx2Ma&index=57,,,,gfg:bitly_expanded_destination_unverified
177,7,Recursion [PatternWise],3,Trying out all Combos / Hard,4,4,rtinmz,Rat in a Maze,Hard,2,Recursion | Data Structures,https://practice.geeksforgeeks.org/problems/rat-in-a-maze-problem/1,https://www.codingninjas.com/studio/problems/rat-in-a-maze-_8842357,https://www.geeksforgeeks.org/problems/rat-in-a-maze-problem/1,https://www.youtube.com/watch?v=bLGZhJlt4y0,https://takeuforward.org/data-structure/rat-in-a-maze/,https://takeuforward.org/plus/dsa/problems/rat-in-a-maze,https://takeuforward.org/plus/dsa/problems/rat-in-a-maze?tab=editorial,,https://www.codingninjas.com/studio/problems/rat-in-a-maze-_8842357?utm_source=striver&utm_medium=website&utm_campaign=a_zcoursetuf,https://bit.ly/3pkqK0g,https://www.youtube.com/watch?v=bLGZhJlt4y0&list=PLgUwDviBIf0p4ozDR_kJJkONnb1wdx2Ma&index=60,,,,leetcode:domain_mismatch:geeksforgeeks; gfg:bitly_expanded_destination_unverified
178,7,Recursion [PatternWise],3,Trying out all Combos / Hard,5,5,wrdbrk,Word Break,,,,https://leetcode.com/problems/word-break/,https://www.codingninjas.com/studio/problems/word-break-1_758963,https://www.geeksforgeeks.org/dsa/word-break-problem-using-backtracking/,,,,,,https://www.codingninjas.com/studio/problems/word-break-1_758963?utm_source=striver&utm_medium=website&utm_campaign=a_zcoursetuf,https://bit.ly/3bVT5XN,,,,,difficulty_unknown; tags_missing; gfg:bitly_expanded_destination_unverified
179,7,Recursion [PatternWise],3,Trying out all Combos / Hard,6,6,mclringprblm,M Coloring Problem,Hard,2,Graph | Data Structures,https://practice.geeksforgeeks.org/problems/m-coloring-problem-1587115620/1,https://www.codingninjas.com/studio/problems/m-coloring-problem_981273,https://www.geeksforgeeks.org/problems/m-coloring-problem-1587115620/1,https://www.youtube.com/watch?v=wuVwUK25Rfc,https://takeuforward.org/data-structure/m-coloring-problem/,https://takeuforward.org/plus/dsa/problems/m-coloring-problem,https://takeuforward.org/plus/dsa/problems/m-coloring-problem?tab=editorial,https://practice.geeksforgeeks.org/problems/m-coloring-problem-1587115620/1#,https://www.codingninjas.com/studio/problems/m-coloring-problem_981273?utm_source=striver&utm_medium=website&utm_campaign=a_zcoursetuf,https://bit.ly/3Cepqnv,https://www.youtube.com/watch?v=wuVwUK25Rfc&list=PLgUwDviBIf0p4ozDR_kJJkONnb1wdx2Ma&index=59,,,,leetcode:domain_mismatch:geeksforgeeks; gfg:bitly_expanded_destination_unverified
180,7,Recursion [PatternWise],3,Trying out all Combos / Hard,7,7,sdkslvr,Sudoko Solver,Hard,2,Arrays | Hashing | Data Structures,https://leetcode.com/problems/sudoku-solver/,https://www.codingninjas.com/studio/problems/sudoku-solver_8416969,https://www.geeksforgeeks.org/problems/solve-the-sudoku-1587115621/1,https://www.youtube.com/watch?v=FWAIf_EVUKE,https://takeuforward.org/data-structure/sudoku-solver/,https://takeuforward.org/plus/dsa/problems/sudoko-solver,https://takeuforward.org/plus/dsa/problems/sudoko-solver?tab=editorial,,https://www.codingninjas.com/studio/problems/sudoku-solver_8416969?utm_source=striver&utm_medium=website&utm_campaign=a_zcoursetuf,https://bit.ly/3PrA5hs,https://www.youtube.com/watch?v=FWAIf_EVUKE&list=PLgUwDviBIf0p4ozDR_kJJkONnb1wdx2Ma&index=58,,,,gfg:bitly_expanded_destination_unverified
181,7,Recursion [PatternWise],3,Trying out all Combos / Hard,8,8,xprssinddprtrs,Expression Add Operators,Hard,2,Maths | String | Data Structures,https://leetcode.com/problems/expression-add-operators/,https://www.codingninjas.com/studio/problems/find-x-raised-to-power-n-_626560,https://www.geeksforgeeks.org/problems/expression-add-operators/1,,,,,,https://www.codingninjas.com/studio/problems/find-x-raised-to-power-n-_626560?utm_source=striver&utm_medium=website&utm_campaign=a_zcoursetuf,https://bit.ly/3yPPZN3,,,,,gfg:bitly_expanded_destination_unverified
182,8,Bit Manipulation [Concepts & Problems],1,Learn Bit Manipulation,1,1,intrdctintbitmnipltinthry,Introduction to Bit Manipulation [Theory],Easy,0,Bit Manipulation | Data Structures,,https://www.codingninjas.com/studio/problems/bit-manipulation_8142533,https://www.geeksforgeeks.org/problems/bit-manipulation-1666686020/1,https://www.youtube.com/watch?v=qQd-ViW7bfk,,https://takeuforward.org/plus/dsa/problems/introduction-to-bits-and-tricks,https://takeuforward.org/plus/dsa/problems/introduction-to-bits-and-tricks?tab=editorial,,https://www.codingninjas.com/studio/problems/bit-manipulation_8142533?utm_source=striver&utm_medium=website&utm_campaign=a_zcoursetuf,https://bit.ly/3Eo8JVW,https://youtu.be/qQd-ViW7bfk?si=QtdNaRhHmZb08Mr8,,,,gfg:bitly_expanded_destination_unverified
183,8,Bit Manipulation [Concepts & Problems],1,Learn Bit Manipulation,2,2,chckifthithbitisstrnt,Check if the i-th bit is set or not,Easy,0,Bit Manipulation,,https://www.codingninjas.com/studio/problems/check-whether-k-th-bit-is-set-or-not_5026446,https://practice.geeksforgeeks.org/problems/check-whether-k-th-bit-is-set-or-not-1587115620/1,https://www.youtube.com/watch?v=nttpF8kwgd4,,,https://takeuforward.org/plus/dsa/problems/introduction-to-bits-and-tricks?tab=editorial,,https://www.codingninjas.com/studio/problems/check-whether-k-th-bit-is-set-or-not_5026446?utm_source=striver&utm_medium=website&utm_campaign=a_zcoursetuf,,https://youtu.be/nttpF8kwgd4?si=x9o8PsYaA2XVZ9rV,,,,
184,8,Bit Manipulation [Concepts & Problems],1,Learn Bit Manipulation,3,3,chckifnmbrisddrnt,Check if a number is odd or not,Easy,0,Maths,,https://www.codingninjas.com/codestudio/problems/odd-even_7993579,https://practice.geeksforgeeks.org/problems/odd-or-even3618/1,https://www.youtube.com/watch?v=nttpF8kwgd4,,,https://takeuforward.org/plus/dsa/problems/introduction-to-bits-and-tricks?tab=editorial,,https://www.codingninjas.com/codestudio/problems/odd-even_7993579?utm_source=striver&utm_medium=website&utm_campaign=a_zcoursetuf,,https://youtu.be/nttpF8kwgd4?si=x9o8PsYaA2XVZ9rV,,,,
185,8,Bit Manipulation [Concepts & Problems],1,Learn Bit Manipulation,4,4,chckifnmbrispwrf2rnt,Check if a number is power of 2 or not,Easy,0,Maths,https://leetcode.com/problems/power-of-two/,https://www.codingninjas.com/studio/problems/power-of-two_893061,https://practice.geeksforgeeks.org/problems/power-of-2-1587115620/1,https://www.youtube.com/watch?v=nttpF8kwgd4,,,https://takeuforward.org/plus/dsa/problems/introduction-to-bits-and-tricks?tab=editorial,,https://www.codingninjas.com/studio/problems/power-of-two_893061?utm_source=striver&utm_medium=website&utm_campaign=a_zcoursetuf,,https://youtu.be/nttpF8kwgd4?si=x9o8PsYaA2XVZ9rV,,,,
186,8,Bit Manipulation [Concepts & Problems],1,Learn Bit Manipulation,5,5,cntthnmbrfstbits,Count the number of set bits,Easy,0,Bit Manipulation | Data Structures,,https://www.codingninjas.com/studio/problems/count-total-set-bits_784,https://practice.geeksforgeeks.org/problems/count-total-set-bits-1587115620/1,https://www.youtube.com/watch?v=nttpF8kwgd4,,,https://takeuforward.org/plus/dsa/problems/introduction-to-bits-and-tricks?tab=editorial,,https://www.codingninjas.com/studio/problems/count-total-set-bits_784?utm_source=striver&utm_medium=website&utm_campaign=a_zcoursetuf,,https://youtu.be/nttpF8kwgd4?si=x9o8PsYaA2XVZ9rV,,,,
187,8,Bit Manipulation [Concepts & Problems],1,Learn Bit Manipulation,6,6,stnstthrightmstnstbit,Set/Unset the rightmost unset bit,Easy,0,Bit Manipulation | Data Structures,,https://www.codingninjas.com/studio/problems/set-the-rightmost-unset-bit_8160456,https://practice.geeksforgeeks.org/problems/set-the-rightmost-unset-bit4436/1,https://www.youtube.com/watch?v=nttpF8kwgd4,,,https://takeuforward.org/plus/dsa/problems/introduction-to-bits-and-tricks?tab=editorial,,https://www.codingninjas.com/studio/problems/set-the-rightmost-unset-bit_8160456?utm_source=striver&utm_medium=website&utm_campaign=a_zcoursetuf,,https://youtu.be/nttpF8kwgd4?si=x9o8PsYaA2XVZ9rV,,,,
188,8,Bit Manipulation [Concepts & Problems],1,Learn Bit Manipulation,7,7,swptwnmbrs,Swap two numbers,Easy,0,Maths | Data Structures,,https://www.codingninjas.com/studio/problems/swap-two-numbers_1380853,https://practice.geeksforgeeks.org/problems/swap-two-numbers3844/1,https://www.youtube.com/watch?v=nttpF8kwgd4,,,https://takeuforward.org/plus/dsa/problems/introduction-to-bits-and-tricks?tab=editorial,,https://www.codingninjas.com/studio/problems/swap-two-numbers_1380853?utm_source=striver&utm_medium=website&utm_campaign=a_zcoursetuf,,https://youtu.be/nttpF8kwgd4?si=x9o8PsYaA2XVZ9rV,,,,
189,8,Bit Manipulation [Concepts & Problems],1,Learn Bit Manipulation,8,8,dividtwintgrswithtsingmltiplictindivisinndmdprtr,"Divide two integers without using multiplication, division and mod operator",Medium,1,Maths | Data Structures,https://leetcode.com/problems/divide-two-integers/,https://www.codingninjas.com/studio/problems/-divide-two-integers_1112617,https://practice.geeksforgeeks.org/problems/division-without-using-multiplication-division-and-mod-operator/0,https://www.youtube.com/watch?v=pBD4B1tzgVc,,https://takeuforward.org/plus/dsa/problems/divide-two-numbers-without-multiplication-and-division,https://takeuforward.org/plus/dsa/problems/divide-two-numbers-without-multiplication-and-division?tab=editorial,,https://www.codingninjas.com/studio/problems/-divide-two-integers_1112617?utm_source=striver&utm_medium=website&utm_campaign=a_zcoursetuf,,https://youtu.be/pBD4B1tzgVc?si=G9c5pEE-RrzeU6sz,,,,
190,8,Bit Manipulation [Concepts & Problems],2,Interview Problems,1,1,cntnmbrfbitstbflippdtcnvrttb,Count number of bits to be flipped to convert A to B,Medium,1,Bit Manipulation,https://leetcode.com/problems/minimum-bit-flips-to-convert-number/,https://www.codingninjas.com/studio/problems/flip-bits_8160405,https://practice.geeksforgeeks.org/problems/bit-difference-1587115620/1,https://www.youtube.com/watch?v=OOdrmcfZXd8,,https://takeuforward.org/plus/dsa/problems/minimum-bit-flips-to-convert-number,https://takeuforward.org/plus/dsa/problems/minimum-bit-flips-to-convert-number?tab=editorial,,https://www.codingninjas.com/studio/problems/flip-bits_8160405?utm_source=striver&utm_medium=website&utm_campaign=a_zcoursetuf,,https://youtu.be/OOdrmcfZXd8?si=rnkRVz1UiVBKWC69,,,,
191,8,Bit Manipulation [Concepts & Problems],2,Interview Problems,2,2,findthnmbrthtpprsddnmbrftims,Find the number that appears odd number of times,Easy,0,Arrays | Hashing | Data Structures,https://leetcode.com/problems/single-number/,https://www.codingninjas.com/studio/problems/one-odd-occurring_4606074,https://practice.geeksforgeeks.org/problems/find-the-odd-occurence4820/1,https://www.youtube.com/watch?v=sFBCAl8yBfE,,https://takeuforward.org/plus/dsa/problems/single-number---i,https://takeuforward.org/plus/dsa/problems/single-number---i?tab=editorial,,https://www.codingninjas.com/studio/problems/one-odd-occurring_4606074?utm_source=striver&utm_medium=website&utm_campaign=a_zcoursetuf,,https://youtu.be/sFBCAl8yBfE?si=fETk-BA0cvmF02rR,,,,
192,8,Bit Manipulation [Concepts & Problems],2,Interview Problems,3,3,pwrst,Power Set,Medium,1,Recursion | Data Structures,https://leetcode.com/problems/subsets/,https://www.codingninjas.com/studio/problems/subsequences-of-string_985087,https://practice.geeksforgeeks.org/problems/power-set4302/1,https://www.youtube.com/watch?v=LqKaUv1G3_I,,https://takeuforward.org/plus/dsa/problems/power-set-dup,https://takeuforward.org/plus/dsa/problems/power-set-dup?tab=editorial,,https://www.codingninjas.com/studio/problems/subsequences-of-string_985087?utm_source=striver&utm_medium=website&utm_campaign=a_zcoursetuf,,https://youtu.be/LqKaUv1G3_I?si=UXU_T5OsHiokPRvP,,,,
193,8,Bit Manipulation [Concepts & Problems],2,Interview Problems,4,4,fndxrfnmbrsfrmltr,Find xor of numbers from L to R,Easy,0,Maths | Data Structures,,https://www.codingninjas.com/studio/problems/l-to-r-xor_8160412,https://www.geeksforgeeks.org/problems/find-xor-of-numbers-from-l-to-r/1,https://www.youtube.com/watch?v=WqGb7159h7Q,,https://takeuforward.org/plus/dsa/problems/xor-of-numbers-in-a-given-range,https://takeuforward.org/plus/dsa/problems/xor-of-numbers-in-a-given-range?tab=editorial,,https://www.codingninjas.com/studio/problems/l-to-r-xor_8160412?utm_source=striver&utm_medium=website&utm_campaign=a_zcoursetuf,https://bit.ly/3T8xUCf,https://youtu.be/WqGb7159h7Q?si=uGUEbNUUaIN_6Vvr,,,,gfg:bitly_expanded_destination_unverified
194,8,Bit Manipulation [Concepts & Problems],2,Interview Problems,5,5,findthtwnmbrsppringddnmbrftims,Find the two numbers appearing odd number of times,Easy,0,Arrays | Hashing | Data Structures,,https://www.codingninjas.com/studio/problems/two-numbers-with-odd-occurrences_8160466,https://practice.geeksforgeeks.org/problems/two-numbers-with-odd-occurrences5846/1,https://www.youtube.com/watch?v=UA5JnV1J2sI,,https://takeuforward.org/plus/dsa/problems/single-number---iii,https://takeuforward.org/plus/dsa/problems/single-number---iii?tab=editorial,,https://www.codingninjas.com/studio/problems/two-numbers-with-odd-occurrences_8160466?utm_source=striver&utm_medium=website&utm_campaign=a_zcoursetuf,,https://youtu.be/UA5JnV1J2sI?si=VFBRJyb3boZvx_r1,,,,
195,8,Bit Manipulation [Concepts & Problems],3,Advanced Maths,1,1,printprimfctrsfnmbr,Print Prime Factors of a Number,Easy,0,Maths | Data Structures,,https://www.codingninjas.com/studio/problems/prime-factorisation_1760849,https://www.geeksforgeeks.org/problems/prime-factors5052/1,https://www.youtube.com/watch?v=LT7XhVdeRyg,,,,,https://www.codingninjas.com/studio/problems/prime-factorisation_1760849?utm_source=striver&utm_medium=website&utm_campaign=a_zcoursetuf,https://bit.ly/3C165p8,https://youtu.be/LT7XhVdeRyg?si=6HkjQokJRPTFai21,,,,gfg:bitly_expanded_destination_unverified
196,8,Bit Manipulation [Concepts & Problems],3,Advanced Maths,2,2,lldivisrsfnmbr,All Divisors of a Number,Easy,0,Maths | Data Structures,,https://www.codingninjas.com/studio/problems/print-all-divisors-of-a-number_1164188,https://practice.geeksforgeeks.org/problems/all-divisors-of-a-number/1,https://www.youtube.com/watch?v=Ae_Ag_saG9s,,https://takeuforward.org/plus/dsa/problems/divisors-of-a-number,https://takeuforward.org/plus/dsa/problems/divisors-of-a-number?tab=editorial,,https://www.codingninjas.com/studio/problems/print-all-divisors-of-a-number_1164188?utm_source=striver&utm_medium=website&utm_campaign=a_zcoursetuf,https://practice.geeksforgeeks.org/problems/all-divisors-of-a-number/1?utm_source=youtube&amp;utm_medium=collab_striver_ytdescription&amp;utm_campaign=all-divisors-of-a-number,https://youtu.be/Ae_Ag_saG9s?si=QQoDTW5DxyZ3Lfjg,,,,
197,8,Bit Manipulation [Concepts & Problems],3,Advanced Maths,3,3,sivfrtsthns,Sieve of Eratosthenes,Medium,1,Maths | Data Structures,https://leetcode.com/problems/count-primes/,https://www.codingninjas.com/studio/problems/prime-factorisation_1760849,https://www.geeksforgeeks.org/problems/sieve-of-eratosthenes5242/1,https://www.youtube.com/watch?v=g5Fuxn_AvSk,,https://takeuforward.org/plus/dsa/problems/count-primes-in-range-l-to-r,https://takeuforward.org/plus/dsa/problems/count-primes-in-range-l-to-r?tab=editorial,,https://www.codingninjas.com/studio/problems/prime-factorisation_1760849?utm_source=striver&utm_medium=website&utm_campaign=a_zcoursetuf,https://bit.ly/3fduYVT,https://youtu.be/g5Fuxn_AvSk?si=fv6Q-Po7wrMW0a5n,,,,gfg:bitly_expanded_destination_unverified
198,8,Bit Manipulation [Concepts & Problems],3,Advanced Maths,4,4,findprimfctristinfnmbrsingsiv,Find Prime Factorisation of a Number using Sieve,Medium,1,Maths | Data Structures,,https://www.codingninjas.com/studio/problems/prime-factorisation_1760849,https://www.geeksforgeeks.org/problems/prime-factorization-using-sieve/1,https://www.youtube.com/watch?v=glKWkmKFlMw,,https://takeuforward.org/plus/dsa/problems/prime-factorisation-of-a-number,https://takeuforward.org/plus/dsa/problems/prime-factorisation-of-a-number?tab=editorial,,https://www.codingninjas.com/studio/problems/prime-factorisation_1760849?utm_source=striver&utm_medium=website&utm_campaign=a_zcoursetuf,https://bit.ly/3SPGzbK,https://youtu.be/glKWkmKFlMw?si=3k5K5oq3FvKVrWLB,,,,gfg:bitly_expanded_destination_unverified
199,8,Bit Manipulation [Concepts & Problems],3,Advanced Maths,5,5,pwrnx,"Power(n, x)",Medium,1,Maths | Recursion | Data Structures,https://leetcode.com/problems/powx-n/,https://www.codingninjas.com/studio/problems/power-of-numbers_8157729,https://practice.geeksforgeeks.org/problems/power-of-numbers-1587115620/1,https://www.youtube.com/watch?v=hFWckDXE-K8,,"https://takeuforward.org/plus/dsa/problems/pow(x,n)","https://takeuforward.org/plus/dsa/problems/pow(x,n)?tab=editorial",,https://www.codingninjas.com/studio/problems/power-of-numbers_8157729?utm_source=striver&utm_medium=website&utm_campaign=a_zcoursetuf,https://practice.geeksforgeeks.org/problems/power-of-numbers-1587115620/1?utm_source=youtube&amp;utm_medium=collab_striver_ytdescription&amp;utm_campaign=power-of-numbers,https://youtu.be/hFWckDXE-K8?si=lBoOx3qYcmGo_j5b,,,,
200,9,"Stack and Queues [Learning, Pre-In-Post-fix, Monotonic Stack, Implementation]",1,Learning,1,1,implmntstcksingrrys,Implement Stack using Arrays,Easy,0,Stack | Arrays | Data Structures,,https://www.codingninjas.com/studio/problems/stack-implementation-using-array_3210209,https://www.geeksforgeeks.org/problems/implement-stack-using-array/1,https://www.youtube.com/watch?v=tqQ5fTamIN4,https://takeuforward.org/data-structure/implement-stack-using-array/,https://takeuforward.org/plus/dsa/problems/implement-stack-using-arrays,https://takeuforward.org/plus/dsa/problems/implement-stack-using-arrays?tab=editorial,,https://www.codingninjas.com/studio/problems/stack-implementation-using-array_3210209?utm_source=striver&utm_medium=website&utm_campaign=a_zcoursetuf,https://bit.ly/3QPJ39w,https://youtu.be/tqQ5fTamIN4?si=ofLt8Zt1ZvhikZ6w,,,,gfg:bitly_expanded_destination_unverified
201,9,"Stack and Queues [Learning, Pre-In-Post-fix, Monotonic Stack, Implementation]",1,Learning,2,2,implmntqsingrrys,Implement Queue using Arrays,Easy,0,Arrays | Queue | Data Structures,,https://www.codingninjas.com/codestudio/problems/implement-queue-using-arrays_8390825,https://www.geeksforgeeks.org/problems/implement-queue-using-array/1,https://www.youtube.com/watch?v=tqQ5fTamIN4,https://takeuforward.org/data-structure/implement-queue-using-array/,https://takeuforward.org/plus/dsa/problems/implement-queue-using-arrays,https://takeuforward.org/plus/dsa/problems/implement-queue-using-arrays?tab=editorial,,https://www.codingninjas.com/codestudio/problems/implement-queue-using-arrays_8390825?utm_source=striver&utm_medium=website&utm_campaign=a_zcoursetuf,https://bit.ly/3C9HLli,https://youtu.be/tqQ5fTamIN4?si=ofLt8Zt1ZvhikZ6w,,,,gfg:bitly_expanded_destination_unverified
202,9,"Stack and Queues [Learning, Pre-In-Post-fix, Monotonic Stack, Implementation]",1,Learning,3,3,implmntstcksingq,Implement Stack using Queue,Medium,1,Stack | Queue | Data Structures,https://leetcode.com/problems/implement-stack-using-queues/,https://www.codingninjas.com/studio/problems/stack-using-queue_795152,https://www.geeksforgeeks.org/problems/stack-using-two-queues/1,https://www.youtube.com/watch?v=tqQ5fTamIN4,https://takeuforward.org/data-structure/implement-stack-using-single-queue/,https://takeuforward.org/plus/dsa/problems/implement-stack-using-queue,https://takeuforward.org/plus/dsa/problems/implement-stack-using-queue?tab=editorial,,https://www.codingninjas.com/studio/problems/stack-using-queue_795152?utm_source=striver&utm_medium=website&utm_campaign=a_zcoursetuf,https://bit.ly/3PrRI0F,https://youtu.be/tqQ5fTamIN4?si=ofLt8Zt1ZvhikZ6w,,,,gfg:bitly_expanded_destination_unverified
203,9,"Stack and Queues [Learning, Pre-In-Post-fix, Monotonic Stack, Implementation]",1,Learning,4,4,implmntqsingstck,Implement Queue using Stack,Medium,1,Queue | Data Structures | Stack,https://leetcode.com/problems/implement-queue-using-stacks/,https://www.codingninjas.com/studio/problems/day-25-:-queue-using-stack_799482,https://www.geeksforgeeks.org/problems/queue-using-stack/1,https://www.youtube.com/watch?v=tqQ5fTamIN4,https://takeuforward.org/data-structure/implement-queue-using-stack/,https://takeuforward.org/plus/dsa/problems/implement-queue-using-stack,https://takeuforward.org/plus/dsa/problems/implement-queue-using-stack?tab=editorial,,https://www.codingninjas.com/studio/problems/day-25-:-queue-using-stack_799482?utm_source=striver&utm_medium=website&utm_campaign=a_zcoursetuf,https://bit.ly/3Quthki,https://youtu.be/tqQ5fTamIN4?si=ofLt8Zt1ZvhikZ6w,,,,gfg:bitly_expanded_destination_unverified
204,9,"Stack and Queues [Learning, Pre-In-Post-fix, Monotonic Stack, Implementation]",1,Learning,5,5,implmntstcksinglinkdlist,Implement stack using Linkedlist,Easy,0,Stack,,https://www.codingninjas.com/studio/problems/implement-stack-with-linked-list_1279905,https://www.geeksforgeeks.org/problems/implement-stack-using-linked-list/1,https://www.youtube.com/watch?v=tqQ5fTamIN4,https://takeuforward.org/data-structure/implement-stack-using-linked-list/,https://takeuforward.org/plus/dsa/problems/implement-stack-using-linkedlist,https://takeuforward.org/plus/dsa/problems/implement-stack-using-linkedlist?tab=editorial,,https://www.codingninjas.com/studio/problems/implement-stack-with-linked-list_1279905?utm_source=striver&utm_medium=website&utm_campaign=a_zcoursetuf,https://bit.ly/3w6PwVv,https://youtu.be/tqQ5fTamIN4?si=ofLt8Zt1ZvhikZ6w,,,,gfg:bitly_expanded_destination_unverified
205,9,"Stack and Queues [Learning, Pre-In-Post-fix, Monotonic Stack, Implementation]",1,Learning,6,6,implmntqsinglinkdlist,Implement queue using Linkedlist,Medium,1,Queue | Linked List | Data Structures,,https://www.codingninjas.com/codestudio/problems/implement-queue-using-linked-list_8161235,https://www.geeksforgeeks.org/problems/implement-queue-using-linked-list/1,https://www.youtube.com/watch?v=tqQ5fTamIN4,https://takeuforward.org/data-structure/implement-queue-using-linked-list/,https://takeuforward.org/plus/dsa/problems/implement-queue-using-linkedlist,https://takeuforward.org/plus/dsa/problems/implement-queue-using-linkedlist?tab=editorial,,https://www.codingninjas.com/codestudio/problems/implement-queue-using-linked-list_8161235?utm_source=striver&utm_medium=website&utm_campaign=a_zcoursetuf,https://bit.ly/3PA7mY0,https://youtu.be/tqQ5fTamIN4?si=ofLt8Zt1ZvhikZ6w,,,,gfg:bitly_expanded_destination_unverified
206,9,"Stack and Queues [Learning, Pre-In-Post-fix, Monotonic Stack, Implementation]",1,Learning,7,7,chckfrblncdprnthsis,Check for balanced paranthesis,Medium,1,Stack | Data Structures,https://leetcode.com/problems/valid-parentheses/,https://www.codingninjas.com/studio/problems/valid-parentheses_795104,https://www.geeksforgeeks.org/problems/parenthesis-checker2744/1,https://www.youtube.com/watch?v=xwjS0iZhw4I,https://takeuforward.org/data-structure/check-for-balanced-parentheses/,https://takeuforward.org/plus/dsa/problems/balanced-paranthesis,https://takeuforward.org/plus/dsa/problems/balanced-paranthesis?tab=editorial,,https://www.codingninjas.com/studio/problems/valid-parentheses_795104?utm_source=striver&utm_medium=website&utm_campaign=a_zcoursetuf,https://bit.ly/3An2IIo,https://youtu.be/xwjS0iZhw4I?si=UoyKpFn4Q3nf5h2R,,,,gfg:bitly_expanded_destination_unverified
207,9,"Stack and Queues [Learning, Pre-In-Post-fix, Monotonic Stack, Implementation]",1,Learning,8,8,implmntminstck,Implement Min Stack,Medium,1,Stack | Data Structures,https://leetcode.com/problems/min-stack/,https://www.codingninjas.com/studio/problems/min-stack_3843991,https://www.geeksforgeeks.org/problems/get-minimum-element-from-stack/1,https://www.youtube.com/watch?v=NdDIaH91P0g,https://takeuforward.org/data-structure/implement-min-stack-o2n-and-on-space-complexity/,https://takeuforward.org/plus/dsa/problems/implement-min-stack,https://takeuforward.org/plus/dsa/problems/implement-min-stack?tab=editorial,,https://www.codingninjas.com/studio/problems/min-stack_3843991?utm_source=striver&utm_medium=website&utm_campaign=a_zcoursetuf,https://bit.ly/3JVhFoe,https://youtu.be/NdDIaH91P0g?si=4_Jbsq5trFvfSdUY,,,,gfg:bitly_expanded_destination_unverified
208,9,"Stack and Queues [Learning, Pre-In-Post-fix, Monotonic Stack, Implementation]",2,"Prefix, Infix, PostFix Conversion Problems",1,1,infixtpstfixcnvrsinsingstck,Infix to Postfix Conversion using Stack,Medium,1,Stack | Data Structures,,https://www.codingninjas.com/studio/problems/day-23-:-infix-to-postfix-_1382146,https://www.geeksforgeeks.org/problems/infix-to-postfix-1587115620/1,https://www.youtube.com/watch?v=4pIc9UBHJtk,https://takeuforward.org/data-structure/infix-to-postfix/,,,,https://www.codingninjas.com/studio/problems/day-23-:-infix-to-postfix-_1382146?utm_source=striver&utm_medium=website&utm_campaign=a_zcoursetuf,https://bit.ly/3JWYj1P,https://youtu.be/4pIc9UBHJtk?si=ryeVvQWpCgwbTQrh,,,,gfg:bitly_expanded_destination_unverified
209,9,"Stack and Queues [Learning, Pre-In-Post-fix, Monotonic Stack, Implementation]",2,"Prefix, Infix, PostFix Conversion Problems",2,2,prfixtinfixcnvrsin,Prefix to Infix Conversion,Medium,1,Stack | Data Structures,,https://www.codingninjas.com/studio/problems/prefix-to-infix_1215000,https://www.geeksforgeeks.org/problems/prefix-to-infix-conversion/1,https://www.youtube.com/watch?v=4pIc9UBHJtk,,,,,https://www.codingninjas.com/studio/problems/prefix-to-infix_1215000?utm_source=striver&utm_medium=website&utm_campaign=a_zcoursetuf,https://bit.ly/3FwxK3j,https://youtu.be/4pIc9UBHJtk?si=ryeVvQWpCgwbTQrh,,,,gfg:bitly_expanded_destination_unverified
210,9,"Stack and Queues [Learning, Pre-In-Post-fix, Monotonic Stack, Implementation]",2,"Prefix, Infix, PostFix Conversion Problems",3,3,prfixtpstfixcnvrsin,Prefix to Postfix Conversion,Medium,1,Stack | Data Structures,,https://www.codingninjas.com/codestudio/problems/convert-prefix-to-postfix_8391014,https://www.geeksforgeeks.org/problems/prefix-to-postfix-conversion/1,https://www.youtube.com/watch?v=4pIc9UBHJtk,,,,,https://www.codingninjas.com/codestudio/problems/convert-prefix-to-postfix_8391014?utm_source=striver&utm_medium=website&utm_campaign=a_zcoursetuf,https://bit.ly/3DrwCLI,https://youtu.be/4pIc9UBHJtk?si=0pWtyDC1GhbiYP3P,,,,gfg:bitly_expanded_destination_unverified
211,9,"Stack and Queues [Learning, Pre-In-Post-fix, Monotonic Stack, Implementation]",2,"Prefix, Infix, PostFix Conversion Problems",4,4,pstfixtprfixcnvrsin,Postfix to Prefix Conversion,Medium,1,Stack | Data Structures,,https://www.codingninjas.com/studio/problems/postfix-to-prefix_1788455,https://www.geeksforgeeks.org/problems/postfix-to-prefix-conversion/1,https://www.youtube.com/watch?v=4pIc9UBHJtk,,,,,https://www.codingninjas.com/studio/problems/postfix-to-prefix_1788455?utm_source=striver&utm_medium=website&utm_campaign=a_zcoursetuf,https://bit.ly/3UaWJxk,https://youtu.be/4pIc9UBHJtk?si=0pWtyDC1GhbiYP3P,,,,gfg:bitly_expanded_destination_unverified
212,9,"Stack and Queues [Learning, Pre-In-Post-fix, Monotonic Stack, Implementation]",2,"Prefix, Infix, PostFix Conversion Problems",5,5,pstfixtinfix,Postfix to Infix,Medium,1,Stack | Data Structures,,https://www.codingninjas.com/codestudio/problems/postfix-to-infix_8382386,https://www.geeksforgeeks.org/problems/postfix-to-infix-conversion/1,https://www.youtube.com/watch?v=4pIc9UBHJtk,,,,,https://www.codingninjas.com/codestudio/problems/postfix-to-infix_8382386?utm_source=striver&utm_medium=website&utm_campaign=a_zcoursetuf,https://bit.ly/3sNZ1a2,https://youtu.be/4pIc9UBHJtk?si=0pWtyDC1GhbiYP3P,,,,gfg:bitly_expanded_destination_unverified
213,9,"Stack and Queues [Learning, Pre-In-Post-fix, Monotonic Stack, Implementation]",2,"Prefix, Infix, PostFix Conversion Problems",6,6,cnvrtinfixtprfixnttin,Convert Infix To Prefix Notation,Medium,1,Stack | Data Structures,,https://www.codingninjas.com/studio/problems/day-23-:-infix-to-postfix-_1382146,https://www.geeksforgeeks.org/problems/infix-to-postfix-1587115620/1,https://www.youtube.com/watch?v=4pIc9UBHJtk,https://takeuforward.org/data-structure/infix-to-prefix/,,,,https://www.codingninjas.com/studio/problems/day-23-:-infix-to-postfix-_1382146?utm_source=striver&utm_medium=website&utm_campaign=a_zcoursetuf,https://bit.ly/3T0gZ4P,https://youtu.be/4pIc9UBHJtk?si=0pWtyDC1GhbiYP3P,,,,gfg:bitly_expanded_destination_unverified
214,9,"Stack and Queues [Learning, Pre-In-Post-fix, Monotonic Stack, Implementation]",3,Monotonic Stack/Queue Problems [VVV. Imp],1,1,nxtgrtrlmnt,Next Greater Element,Easy,0,Arrays | Stack | Data Structures,https://leetcode.com/problems/next-greater-element-i/,https://www.codingninjas.com/studio/problems/next-greater-element_670312,https://www.geeksforgeeks.org/problems/next-larger-element-1587115620/1,https://www.youtube.com/watch?v=e7XQLtOQM3I,https://takeuforward.org/data-structure/next-greater-element-using-stack/,https://takeuforward.org/plus/dsa/problems/next-greater-element,https://takeuforward.org/plus/dsa/problems/next-greater-element?tab=editorial,,https://www.codingninjas.com/studio/problems/next-greater-element_670312?utm_source=striver&utm_medium=website&utm_campaign=a_zcoursetuf,https://bit.ly/3QNPQAs,https://youtu.be/e7XQLtOQM3I?si=QdcHpTtx6gAHsext,,,,gfg:bitly_expanded_destination_unverified
215,9,"Stack and Queues [Learning, Pre-In-Post-fix, Monotonic Stack, Implementation]",3,Monotonic Stack/Queue Problems [VVV. Imp],2,2,nxtgrtrlmnt2,Next Greater Element 2,Medium,1,Arrays | Stack | Data Structures,https://leetcode.com/problems/next-greater-element-ii/,https://www.codingninjas.com/studio/problems/next-greater-element-ii_6212757,https://www.geeksforgeeks.org/problems/next-larger-element-1587115620/1,https://www.youtube.com/watch?v=7PrncD7v9YQ,,https://takeuforward.org/plus/dsa/problems/next-greater-element---2,https://takeuforward.org/plus/dsa/problems/next-greater-element---2?tab=editorial,,https://www.codingninjas.com/studio/problems/next-greater-element-ii_6212757?utm_source=striver&utm_medium=website&utm_campaign=a_zcoursetuf,https://bit.ly/3DLe7TX,https://youtu.be/7PrncD7v9YQ?si=UkBc7eVy9HGlBpeW,,,,gfg:bitly_expanded_destination_unverified
216,9,"Stack and Queues [Learning, Pre-In-Post-fix, Monotonic Stack, Implementation]",3,Monotonic Stack/Queue Problems [VVV. Imp],3,3,nxtsmllrlmnt,Next Smaller Element,Easy,0,Arrays | Stack | Data Structures,https://www.interviewbit.com/problems/nearest-smaller-element/,https://www.codingninjas.com/studio/problems/immediate-smaller-element-_1062597,https://www.geeksforgeeks.org/problems/immediate-smaller-element1142/1,,,,,,https://www.codingninjas.com/studio/problems/immediate-smaller-element-_1062597?utm_source=striver&utm_medium=website&utm_campaign=a_zcoursetuf,https://bit.ly/3wbhcIL,,,,,leetcode:domain_mismatch:interviewbit; gfg:bitly_expanded_destination_unverified
217,9,"Stack and Queues [Learning, Pre-In-Post-fix, Monotonic Stack, Implementation]",3,Monotonic Stack/Queue Problems [VVV. Imp],4,4,nmbrfngstthright,Number of NGEs to the right,Easy,0,Arrays | Hashing | Data Structures,,https://www.codingninjas.com/studio/problems/count-of-greater-elements-to-the-right_8365436,https://www.geeksforgeeks.org/problems/number-of-nges-to-the-right/1,,,,,,https://www.codingninjas.com/studio/problems/count-of-greater-elements-to-the-right_8365436?utm_source=striver&utm_medium=website&utm_campaign=a_zcoursetuf,https://bit.ly/3Np2R2H,,,,,gfg:bitly_expanded_destination_unverified
218,9,"Stack and Queues [Learning, Pre-In-Post-fix, Monotonic Stack, Implementation]",3,Monotonic Stack/Queue Problems [VVV. Imp],5,5,trppingrinwtr,Trapping Rainwater,Hard,2,Arrays | Stack | Data Structures,https://leetcode.com/problems/trapping-rain-water/,https://www.codingninjas.com/studio/problems/trapping-rain-water_630519,https://www.geeksforgeeks.org/problems/trapping-rain-water-1587115621/1,https://www.youtube.com/watch?v=1_5VuquLbXg,https://takeuforward.org/data-structure/trapping-rainwater/,https://takeuforward.org/plus/dsa/problems/trapping-rainwater,https://takeuforward.org/plus/dsa/problems/trapping-rainwater?tab=editorial,,https://www.codingninjas.com/studio/problems/trapping-rain-water_630519?utm_source=striver&utm_medium=website&utm_campaign=a_zcoursetuf,https://bit.ly/3AqMa1W,https://youtu.be/1_5VuquLbXg?si=NFG6df318_6OtGvg,,,,gfg:bitly_expanded_destination_unverified
219,9,"Stack and Queues [Learning, Pre-In-Post-fix, Monotonic Stack, Implementation]",3,Monotonic Stack/Queue Problems [VVV. Imp],6,6,smfsbrryminimm,Sum of subarray minimum,Medium,1,Arrays | Dynamic Programming | Data Structures,https://leetcode.com/problems/sum-of-subarray-minimums/,https://www.codingninjas.com/codestudio/problems/sum-of-subarray-minimums_8365431,https://www.geeksforgeeks.org/problems/sum-of-subarray-minimum/1,https://www.youtube.com/watch?v=v0e8p9JCgRc,,,https://takeuforward.org/plus/dsa/problems/sum-of-subarray-minimums?tab=editorial,,https://www.codingninjas.com/codestudio/problems/sum-of-subarray-minimums_8365431?utm_source=striver&utm_medium=website&utm_campaign=a_zcoursetuf,https://bit.ly/3yS5XpZ,https://youtu.be/v0e8p9JCgRc?si=XAU7ekECgS5nboRw,,,,gfg:bitly_expanded_destination_unverified; tuf_plus:malformed_not_a_url
220,9,"Stack and Queues [Learning, Pre-In-Post-fix, Monotonic Stack, Implementation]",3,Monotonic Stack/Queue Problems [VVV. Imp],7,8,stridcllisin,Asteroid Collision,Medium,1,Arrays | Stack | Data Structures,https://leetcode.com/problems/asteroid-collision/,https://www.codingninjas.com/studio/problems/asteroid-collision_977232,https://www.geeksforgeeks.org/problems/asteroid-collision/1,https://www.youtube.com/watch?v=_eYGqw_VDR4,,https://takeuforward.org/plus/dsa/problems/asteroid-collision,https://takeuforward.org/plus/dsa/problems/asteroid-collision?tab=editorial,,https://www.codingninjas.com/studio/problems/asteroid-collision_977232?utm_source=striver&utm_medium=website&utm_campaign=a_zcoursetuf,https://bit.ly/3Tpi0Tw,https://youtu.be/_eYGqw_VDR4?si=YyxibcHq800RqgIQ,,,,sl_no_differs_from_position; sl_no_gap_before_this_row; gfg:bitly_expanded_destination_unverified
221,9,"Stack and Queues [Learning, Pre-In-Post-fix, Monotonic Stack, Implementation]",3,Monotonic Stack/Queue Problems [VVV. Imp],8,9,smfsbrryrngs,Sum of subarray ranges,Medium,1,Arrays | Stack | Data Structures,https://leetcode.com/problems/sum-of-subarray-ranges/,https://www.codingninjas.com/studio/problems/subarray-range-sum_8365419,https://www.geeksforgeeks.org/problems/sum-of-subarray-ranges/1,https://www.youtube.com/watch?v=gIrMptNPf5M,,https://takeuforward.org/plus/dsa/problems/sum-of-subarray-ranges,https://takeuforward.org/plus/dsa/problems/sum-of-subarray-ranges?tab=editorial,,https://www.codingninjas.com/studio/problems/subarray-range-sum_8365419?utm_source=striver&utm_medium=website&utm_campaign=a_zcoursetuf,https://bit.ly/3SdfheS,https://youtu.be/gIrMptNPf5M?si=Q_GHuBvzZVs27X_U,,,,sl_no_differs_from_position; gfg:bitly_expanded_destination_unverified
222,9,"Stack and Queues [Learning, Pre-In-Post-fix, Monotonic Stack, Implementation]",3,Monotonic Stack/Queue Problems [VVV. Imp],9,10,rmvkdigits,Remove k Digits,Medium,1,String | Stack | Greedy,https://leetcode.com/problems/remove-k-digits/,https://www.codingninjas.com/studio/problems/remove-k-digits_1461221,https://www.geeksforgeeks.org/problems/remove-k-digits/1,https://www.youtube.com/watch?v=jmbuRzYPGrg,,https://takeuforward.org/plus/dsa/problems/remove-k-digits,https://takeuforward.org/plus/dsa/problems/remove-k-digits?tab=editorial,,https://www.codingninjas.com/studio/problems/remove-k-digits_1461221?utm_source=striver&utm_medium=website&utm_campaign=a_zcoursetuf,https://bit.ly/3pl6taP,https://youtu.be/jmbuRzYPGrg?si=WN387gwQ7aXWkUao,,,,sl_no_differs_from_position; gfg:bitly_expanded_destination_unverified
223,9,"Stack and Queues [Learning, Pre-In-Post-fix, Monotonic Stack, Implementation]",3,Monotonic Stack/Queue Problems [VVV. Imp],10,11,lrgstrctnglinhistgrm,Largest rectangle in a histogram,Medium,1,Arrays | Data Structures,https://leetcode.com/problems/largest-rectangle-in-histogram/,https://www.codingninjas.com/studio/problems/largest-rectangle-in-a-histogram_1058184,https://www.geeksforgeeks.org/problems/maximum-rectangular-area-in-a-histogram-1587115620/1,https://www.youtube.com/watch?v=Bzat9vgD0fs,https://takeuforward.org/data-structure/area-of-largest-rectangle-in-histogram/,https://takeuforward.org/plus/dsa/problems/largest-rectangle-in-a-histogram,https://takeuforward.org/plus/dsa/problems/largest-rectangle-in-a-histogram?tab=editorial,,https://www.codingninjas.com/studio/problems/largest-rectangle-in-a-histogram_1058184?utm_source=striver&utm_medium=website&utm_campaign=a_zcoursetuf,https://bit.ly/3AnVYd5,https://youtu.be/Bzat9vgD0fs?si=DiBlLejXcr6EJoyB,,,,sl_no_differs_from_position; gfg:bitly_expanded_destination_unverified
224,9,"Stack and Queues [Learning, Pre-In-Post-fix, Monotonic Stack, Implementation]",3,Monotonic Stack/Queue Problems [VVV. Imp],11,12,mximlrctngls,Maximal Rectangles,Hard,2,Arrays | Dynamic Programming | Stack | Data Structures,https://leetcode.com/problems/maximal-rectangle/,https://www.codingninjas.com/studio/problems/maximum-size-rectangle-sub-matrix-with-all-1's_893017,https://www.geeksforgeeks.org/problems/max-rectangle/1,https://www.youtube.com/watch?v=ttVu6G7Ayik,,https://takeuforward.org/plus/dsa/problems/maximum-rectangles,https://takeuforward.org/plus/dsa/problems/maximum-rectangles?tab=editorial,,https://www.codingninjas.com/studio/problems/maximum-size-rectangle-sub-matrix-with-all-1's_893017?utm_source=striver&utm_medium=website&utm_campaign=a_zcoursetuf,https://bit.ly/3C6BF5p,https://youtu.be/ttVu6G7Ayik?si=RhyeKepNwjRUYp7A,,,,sl_no_differs_from_position; gfg:bitly_expanded_destination_unverified
225,9,"Stack and Queues [Learning, Pre-In-Post-fix, Monotonic Stack, Implementation]",4,Implementation Problems,1,1,slidingwindwmximm,Sliding Window maximum,Hard,2,Queue | Heap | Data Structures,https://leetcode.com/problems/sliding-window-maximum/,https://www.codingninjas.com/studio/problems/sliding-maximum-_701652,https://www.geeksforgeeks.org/problems/maximum-of-all-subarrays-of-size-k3101/1,https://www.youtube.com/watch?v=NwBvene4Imo,https://takeuforward.org/data-structure/sliding-window-maximum/,https://takeuforward.org/plus/dsa/problems/sliding-window-maximum,https://takeuforward.org/plus/dsa/problems/sliding-window-maximum?tab=editorial,,https://www.codingninjas.com/studio/problems/sliding-maximum-_701652?utm_source=striver&utm_medium=website&utm_campaign=a_zcoursetuf,https://bit.ly/3w7SSri,https://youtu.be/NwBvene4Imo?si=eU1PY-bcQfk5wdog,,,,gfg:bitly_expanded_destination_unverified
226,9,"Stack and Queues [Learning, Pre-In-Post-fix, Monotonic Stack, Implementation]",4,Implementation Problems,2,2,stckspnprblm,Stock span problem,Medium,1,Stack | Data Structures,https://leetcode.com/problems/online-stock-span/,https://www.codingninjas.com/studio/problems/stock-span_5243295,https://www.geeksforgeeks.org/problems/stock-span-problem-1587115621/1,https://www.youtube.com/watch?v=eay-zoSRkVc,,https://takeuforward.org/plus/dsa/problems/stock-span-problem,https://takeuforward.org/plus/dsa/problems/stock-span-problem?tab=editorial,,https://www.codingninjas.com/studio/problems/stock-span_5243295?utm_source=striver&utm_medium=website&utm_campaign=a_zcoursetuf,https://bit.ly/3dzHopW,https://youtu.be/eay-zoSRkVc?si=deNNe5i38BOAntha,,,,gfg:bitly_expanded_destination_unverified
227,9,"Stack and Queues [Learning, Pre-In-Post-fix, Monotonic Stack, Implementation]",4,Implementation Problems,3,3,thclbrityprblm,The Celebrity Problem,Hard,2,Stack | Queue | Two Pointer | Data Structures,https://leetcode.com/problems/find-the-celebrity,https://www.codingninjas.com/studio/problems/the-celebrity-problem_982769,https://www.geeksforgeeks.org/problems/the-celebrity-problem/1,https://www.youtube.com/watch?v=cEadsbTeze4,,https://takeuforward.org/plus/dsa/problems/celebrity-problem,https://takeuforward.org/plus/dsa/problems/celebrity-problem?tab=editorial,https://leetcode.com/accounts/login/?next=/problems/find-the-celebrity/,https://www.codingninjas.com/studio/problems/the-celebrity-problem_982769?utm_source=striver&utm_medium=website&utm_campaign=a_zcoursetuf,https://bit.ly/3dC9IIB,https://youtu.be/cEadsbTeze4?si=olXYfOs7l-SEn2zl,,,,leetcode:changed_from_original_unexplained_by_scripts; gfg:bitly_expanded_destination_unverified
228,9,"Stack and Queues [Learning, Pre-In-Post-fix, Monotonic Stack, Implementation]",4,Implementation Problems,4,5,lrcchimprtnt,LRU cache (IMPORTANT),Hard,2,Linked List | Data Structures,https://leetcode.com/problems/lru-cache/,https://www.codingninjas.com/studio/problems/lru-cache-implementation_670276,https://www.geeksforgeeks.org/problems/lru-cache/1,https://www.youtube.com/watch?v=z9bJUPxzFOw,https://takeuforward.org/data-structure/implement-lru-cache/,https://takeuforward.org/plus/dsa/problems/lru-cache,https://takeuforward.org/plus/dsa/problems/lru-cache?tab=editorial,,https://www.codingninjas.com/studio/problems/lru-cache-implementation_670276?utm_source=striver&utm_medium=website&utm_campaign=a_zcoursetuf,https://bit.ly/3zZneNN,https://youtu.be/z9bJUPxzFOw?si=IUo_d35rXBD0CBAF,,,,sl_no_differs_from_position; sl_no_gap_before_this_row; gfg:bitly_expanded_destination_unverified
229,9,"Stack and Queues [Learning, Pre-In-Post-fix, Monotonic Stack, Implementation]",4,Implementation Problems,5,6,lfcch,LFU cache,Hard,2,Linked List | Data Structures,https://leetcode.com/problems/lfu-cache/,https://www.codingninjas.com/codestudio/problems/lfu-cache_8381892,https://www.geeksforgeeks.org/problems/lfu-cache-1665050355/1,https://www.youtube.com/watch?v=0PSB9y8ehbk,,https://takeuforward.org/plus/dsa/problems/lfu-cache,https://takeuforward.org/plus/dsa/problems/lfu-cache?tab=editorial,,https://www.codingninjas.com/codestudio/problems/lfu-cache_8381892?utm_source=striver&utm_medium=website&utm_campaign=a_zcoursetuf,https://bit.ly/3fpYDLQ,https://www.youtube.com/watch?v=0PSB9y8ehbk&list=PLgUwDviBIf0p4ozDR_kJJkONnb1wdx2Ma&index=79,,,,sl_no_differs_from_position; gfg:bitly_expanded_destination_unverified
230,10,Sliding Window & Two Pointer Combined Problems,1,Medium Problems,1,1,lngstsbstringwithtrptingchrctrs,Longest Substring Without Repeating Characters,Medium,1,String | Data Structures,https://leetcode.com/problems/longest-substring-without-repeating-characters/,https://www.codingninjas.com/studio/problems/longest-substring-without-repeating-characters_630418,https://www.geeksforgeeks.org/problems/length-of-the-longest-substring3036/1,https://www.youtube.com/watch?v=-zSxTJkcdAo,https://takeuforward.org/data-structure/length-of-longest-substring-without-any-repeating-character/,https://takeuforward.org/plus/dsa/problems/longest-substring-without-repeating-characters,https://takeuforward.org/plus/dsa/problems/longest-substring-without-repeating-characters?tab=editorial,,https://www.codingninjas.com/studio/problems/longest-substring-without-repeating-characters_630418?utm_source=striver&utm_medium=website&utm_campaign=a_zcoursetuf,https://bit.ly/3wegomm,https://youtu.be/-zSxTJkcdAo?si=I2zfR-vlDMg0zU9z,,,,gfg:bitly_expanded_destination_unverified
231,10,Sliding Window & Two Pointer Combined Problems,1,Medium Problems,2,2,mxcnsctivnsiii,Max Consecutive Ones III,Medium,1,Arrays | Binary Search | Data Structures,https://leetcode.com/problems/max-consecutive-ones-iii/,https://www.codingninjas.com/studio/problems/maximum-consecutive-ones_892994,https://www.geeksforgeeks.org/problems/longest-consecutive-1s-1587115620/1,https://www.youtube.com/watch?v=3E4JBHSLpYk,,https://takeuforward.org/plus/dsa/problems/max-consecutive-ones-iii,https://takeuforward.org/plus/dsa/problems/max-consecutive-ones-iii?tab=editorial,,https://www.codingninjas.com/studio/problems/maximum-consecutive-ones_892994?utm_source=striver&utm_medium=website&utm_campaign=a_zcoursetuf,https://bit.ly/3RjRcCO,https://youtu.be/3E4JBHSLpYk?si=SoOW64pP6otEKxBw,,,,gfg:bitly_expanded_destination_unverified
232,10,Sliding Window & Two Pointer Combined Problems,1,Medium Problems,3,3,fritintbskts,Fruit Into Baskets,Medium,1,Arrays | Hashing | Data Structures,,https://www.codingninjas.com/studio/problems/fruits-and-baskets_985356,https://www.geeksforgeeks.org/problems/fruit-into-baskets-1663137462/1,https://www.youtube.com/watch?v=e3bs0uA1NhQ,,https://takeuforward.org/plus/dsa/problems/fruit-into-baskets,https://takeuforward.org/plus/dsa/problems/fruit-into-baskets?tab=editorial,,https://www.codingninjas.com/studio/problems/fruits-and-baskets_985356?utm_source=striver&utm_medium=website&utm_campaign=a_zcoursetuf,https://bit.ly/3D6d94w,https://youtu.be/e3bs0uA1NhQ?si=gR8pO62u-nJeFAXk,,,,gfg:bitly_expanded_destination_unverified
233,10,Sliding Window & Two Pointer Combined Problems,1,Medium Problems,4,4,lngstrptingchrctrrplcmnt,longest repeating character replacement,Medium,1,String | Hashing,https://leetcode.com/problems/longest-repeating-character-replacement/,https://www.codingninjas.com/studio/problems/longest-repeating-substring_980523,https://www.geeksforgeeks.org/problems/longest-repeating-character-replacement/1,https://www.youtube.com/watch?v=_eNhaDCr6P0,,https://takeuforward.org/plus/dsa/problems/longest-repeating-character-replacement,https://takeuforward.org/plus/dsa/problems/longest-repeating-character-replacement?tab=editorial,,https://www.codingninjas.com/studio/problems/longest-repeating-substring_980523?utm_source=striver&utm_medium=website&utm_campaign=a_zcoursetuf,https://bit.ly/3WhN89U,https://youtu.be/_eNhaDCr6P0?si=pBWcEjozF5poom0p,,,,gfg:bitly_expanded_destination_unverified
234,10,Sliding Window & Two Pointer Combined Problems,1,Medium Problems,5,5,binrysbrrywithsm,Binary subarray with sum,Easy,0,Arrays | Data Structures | Hashing,https://leetcode.com/problems/binary-subarrays-with-sum/,https://www.codingninjas.com/studio/problems/count-substrings-with-k-ones_3128698,https://www.geeksforgeeks.org/problems/binary-subarray-with-sum/1,https://www.youtube.com/watch?v=XnMdNUkX6VM,,https://takeuforward.org/plus/dsa/problems/binary-subarrays-with-sum,https://takeuforward.org/plus/dsa/problems/binary-subarrays-with-sum?tab=editorial,,https://www.codingninjas.com/studio/problems/count-substrings-with-k-ones_3128698?utm_source=striver&utm_medium=website&utm_campaign=a_zcoursetuf,https://bit.ly/3S8xsCG,https://youtu.be/XnMdNUkX6VM?si=Nyt8EveeLUg8lmty,,,,gfg:bitly_expanded_destination_unverified
235,10,Sliding Window & Two Pointer Combined Problems,1,Medium Problems,6,6,cntnmbrfnicsbrrys,Count number of nice subarrays,Medium,1,Arrays | Hashing | Maths,https://leetcode.com/problems/count-number-of-nice-subarrays/,https://www.codingninjas.com/studio/problems/count-distinct-subarrays-with-at-most-k-odd-elements_1069335,https://www.geeksforgeeks.org/problems/count-subarray-with-k-odds/1,https://www.youtube.com/watch?v=j_QOv9OT9Og,,https://takeuforward.org/plus/dsa/problems/count-number-of-nice-subarrays,https://takeuforward.org/plus/dsa/problems/count-number-of-nice-subarrays?tab=editorial,,https://www.codingninjas.com/studio/problems/count-distinct-subarrays-with-at-most-k-odd-elements_1069335?utm_source=striver&utm_medium=website&utm_campaign=a_zcoursetuf,https://bit.ly/3xZvUUc,https://youtu.be/j_QOv9OT9Og?si=Oq5-5hyFkzVSOZpP,,,,gfg:bitly_expanded_destination_unverified
236,10,Sliding Window & Two Pointer Combined Problems,1,Medium Problems,7,7,nmbrfsbstringcntiningllthrchrctrs,Number of substring containing all three characters,Medium,1,Hashing | String | Data Structures,https://leetcode.com/problems/number-of-substrings-containing-all-three-characters/,https://www.codingninjas.com/studio/problems/count-substring-with-abc_8160465,https://www.geeksforgeeks.org/problems/count-substring/1,https://www.youtube.com/watch?v=xtqN4qlgr8s,,https://takeuforward.org/plus/dsa/problems/number-of-substrings-containing-all-three-characters,https://takeuforward.org/plus/dsa/problems/number-of-substrings-containing-all-three-characters?tab=editorial,,https://www.codingninjas.com/studio/problems/count-substring-with-abc_8160465?utm_source=striver&utm_medium=website&utm_campaign=a_zcoursetuf,https://bit.ly/3xVYTZa,https://youtu.be/xtqN4qlgr8s?si=kuaLHVOLXhh5Z2tW,,,,gfg:bitly_expanded_destination_unverified
237,10,Sliding Window & Two Pointer Combined Problems,1,Medium Problems,8,8,mximmpintycnbtinfrmcrds,Maximum point you can obtain from cards,Medium,1,Arrays | Data Structures,https://leetcode.com/problems/maximum-points-you-can-obtain-from-cards/,https://www.codingninjas.com/codestudio/problems/maximum-points-from-cards_8391016,https://www.geeksforgeeks.org/problems/maximum-point-you-can-obtain-from-cards/1,https://www.youtube.com/watch?v=pBWCOCS636U,,https://takeuforward.org/plus/dsa/problems/maximum-points-you-can-obtain-from-cards-,https://takeuforward.org/plus/dsa/problems/maximum-points-you-can-obtain-from-cards-?tab=editorial,,https://www.codingninjas.com/codestudio/problems/maximum-points-from-cards_8391016?utm_source=striver&utm_medium=website&utm_campaign=a_zcoursetuf,https://bit.ly/3DxaMXw,https://youtu.be/pBWCOCS636U?si=-X64rY67noxvOwrG,,,,gfg:bitly_expanded_destination_unverified
238,10,Sliding Window & Two Pointer Combined Problems,2,Hard Problems,1,1,lngstsbstringwithtmstkdistinctchrctrs,Longest Substring with At Most K Distinct Characters,Medium,1,String | Data Structures,https://leetcode.com/problems/longest-substring-with-at-most-k-distinct-characters/,https://www.codingninjas.com/studio/problems/longest-substring-with-at-most-k-distinct-characters_2221410,https://www.geeksforgeeks.org/problems/longest-k-unique-characters-substring0853/1,https://www.youtube.com/watch?v=teM9ZsVRQyc,,https://takeuforward.org/plus/dsa/problems/longest-substring-with-at-most-k-distinct-characters,https://takeuforward.org/plus/dsa/problems/longest-substring-with-at-most-k-distinct-characters?tab=editorial,,https://www.codingninjas.com/studio/problems/longest-substring-with-at-most-k-distinct-characters_2221410?utm_source=striver&utm_medium=website&utm_campaign=a_zcoursetuf,https://bit.ly/3T12HRu,https://youtu.be/teM9ZsVRQyc?si=Kh0_u6aCkkBU3Q33,,,,gfg:bitly_expanded_destination_unverified
239,10,Sliding Window & Two Pointer Combined Problems,2,Hard Problems,2,2,sbrrywithkdiffrntintgrs,Subarray with k different integers,Hard,2,Arrays | Hashing | Data Structures,https://leetcode.com/problems/subarrays-with-k-different-integers/,https://www.codingninjas.com/studio/problems/subarrays-with-at-most-‘k’-distinct-values_1473804,https://www.geeksforgeeks.org/problems/subarrays-with-k-different-integers/1,https://www.youtube.com/watch?v=7wYGbV_LsX4,,,,,https://www.codingninjas.com/studio/problems/subarrays-with-at-most-‘k’-distinct-values_1473804?utm_source=striver&utm_medium=website&utm_campaign=a_zcoursetuf,https://bit.ly/3DLRtee,https://youtu.be/7wYGbV_LsX4?si=KWa48RgLDCvdNqRb,,,,gfg:bitly_expanded_destination_unverified
240,10,Sliding Window & Two Pointer Combined Problems,2,Hard Problems,3,3,minimmwindwsbstring,Minimum Window Substring,Hard,2,String | Data Structures,https://leetcode.com/problems/minimum-window-substring/,https://www.codingninjas.com/studio/problems/minimum-window-substring_1215004,https://practice.geeksforgeeks.org/problems/smallest-window-in-a-string-containing-all-the-characters-of-another-string-1587115621/1,https://www.youtube.com/watch?v=WJaij9ffOIY,,https://takeuforward.org/plus/dsa/problems/minimum-window-substring-,https://takeuforward.org/plus/dsa/problems/minimum-window-substring-?tab=editorial,,https://www.codingninjas.com/studio/problems/minimum-window-substring_1215004?utm_source=striver&utm_medium=website&utm_campaign=a_zcoursetuf,,https://youtu.be/WJaij9ffOIY?si=-xnsWIH84zWU0ICd,,,,
241,10,Sliding Window & Two Pointer Combined Problems,2,Hard Problems,4,4,minimmwindwsbsqnc,Minimum Window Subsequence,Hard,2,String | Data Structures,https://leetcode.com/problems/minimum-window-subsequence/,https://www.codingninjas.com/studio/problems/minimum-window-subsequence_2181133,https://www.geeksforgeeks.org/problems/minimum-window-subsequence/1,,,,,,https://www.codingninjas.com/studio/problems/minimum-window-subsequence_2181133?utm_source=striver&utm_medium=website&utm_campaign=a_zcoursetuf,https://bit.ly/3DnB4uZ,,,,,gfg:bitly_expanded_destination_unverified
242,11,"Heaps [Learning, Medium, Hard Problems]",1,Learning,1,1,intrdctintprirityqssingbinryhps,Introduction to Priority Queues using Binary Heaps,Medium,1,Queue | Heap,,https://www.codingninjas.com/studio/problems/implement-a-priority-queue-_1743878,https://www.geeksforgeeks.org/problems/implementation-of-priority-queue-using-binary-heap/1,,,,https://takeuforward.org/plus/dsa/problems/heaps-theory,,https://www.codingninjas.com/studio/problems/implement-a-priority-queue-_1743878?utm_source=striver&utm_medium=website&utm_campaign=a_zcoursetuf,https://bit.ly/3TSxAHd,,,,,gfg:bitly_expanded_destination_unverified
243,11,"Heaps [Learning, Medium, Hard Problems]",1,Learning,2,2,minhpndmxhpimplmnttin,Min Heap and Max Heap Implementation,Medium,1,Heap | Data Structures,,https://www.codingninjas.com/studio/problems/min-heap-implementation_5480527,https://www.geeksforgeeks.org/problems/operations-on-binary-min-heap/1,,,https://takeuforward.org/plus/dsa/problems/implement-min-heap,https://takeuforward.org/plus/dsa/problems/implement-min-heap?tab=editorial,,https://www.codingninjas.com/studio/problems/min-heap-implementation_5480527?utm_source=striver&utm_medium=website&utm_campaign=a_zcoursetuf,https://bit.ly/3weGgP3,,,,,gfg:bitly_expanded_destination_unverified
244,11,"Heaps [Learning, Medium, Hard Problems]",1,Learning,3,3,chckifnrryrprsntsminhprnt,Check if an array represents a min-heap or not,Medium,1,Arrays | Heap | Data Structures,,https://www.codingninjas.com/studio/problems/is-heap-possible-from-the-array,https://www.geeksforgeeks.org/problems/does-array-represent-heap4345/1,,,https://takeuforward.org/plus/dsa/problems/check-if-an-array-represents-a-min-heap-,https://takeuforward.org/plus/dsa/problems/check-if-an-array-represents-a-min-heap-?tab=editorial,,https://www.codingninjas.com/studio/problems/is-heap-possible-from-the-array?_8164274?utm_source=striver&utm_medium=website&utm_campaign=a_zcoursetuf,https://bit.ly/3AbFrrI,,,,,gfg:bitly_expanded_destination_unverified
245,11,"Heaps [Learning, Medium, Hard Problems]",1,Learning,4,4,cnvrtminhptmxhp,Convert min Heap to max Heap,Medium,1,Heap | Data Structures,,https://www.codingninjas.com/codestudio/problems/convert-min-heap-to-max-heap_1381084,https://www.geeksforgeeks.org/problems/convert-min-heap-to-max-heap-1666385109/1,,,https://takeuforward.org/plus/dsa/problems/convert-min-heap-to-max-heap,https://takeuforward.org/plus/dsa/problems/convert-min-heap-to-max-heap?tab=editorial,,https://www.codingninjas.com/codestudio/problems/convert-min-heap-to-max-heap_1381084?utm_source=striver&utm_medium=website&utm_campaign=a_zcoursetuf,https://bit.ly/3flmw7c,,,,,gfg:bitly_expanded_destination_unverified
246,11,"Heaps [Learning, Medium, Hard Problems]",2,Medium Problems,1,1,kthlrgstlmntinnrrysprirityq,Kth largest element in an array [use priority queue],Easy,0,Arrays | Data Structures | Heap,https://leetcode.com/problems/kth-largest-element-in-an-array/,https://www.codingninjas.com/codestudio/problems/k-largest-elements_796005,https://www.geeksforgeeks.org/problems/k-largest-elements4206/1,,https://takeuforward.org/data-structure/kth-largest-smallest-element-in-an-array/,https://takeuforward.org/plus/dsa/problems/k-th-largest-element-in-an-array,https://takeuforward.org/plus/dsa/problems/k-th-largest-element-in-an-array?tab=editorial,,https://www.codingninjas.com/codestudio/problems/k-largest-elements_796005?utm_source=striver&utm_medium=website&utm_campaign=a_zcoursetuf,https://bit.ly/3Avss5k,,,,,gfg:bitly_expanded_destination_unverified
247,11,"Heaps [Learning, Medium, Hard Problems]",2,Medium Problems,2,2,kthsmllstlmntinnrrysprirityq,Kth smallest element in an array [use priority queue],Easy,0,Arrays | Heap | Data Structures,,https://www.codingninjas.com/studio/problems/merge-k-sorted-arrays_975379,https://www.geeksforgeeks.org/problems/kth-smallest-element5635/1,,https://takeuforward.org/data-structure/kth-largest-smallest-element-in-an-array/,,,,https://www.codingninjas.com/studio/problems/merge-k-sorted-arrays_975379?utm_source=striver&utm_medium=website&utm_campaign=a_zcoursetuf,https://bit.ly/3PvAOhK,,,,,gfg:bitly_expanded_destination_unverified
248,11,"Heaps [Learning, Medium, Hard Problems]",2,Medium Problems,3,3,srtksrtdrry,Sort K sorted array,Easy,0,Arrays | Sorting | Data Structures,,,https://www.geeksforgeeks.org/problems/merge-k-sorted-arrays/1,,,,,,,https://bit.ly/3QLpaAs,,,,,gfg:bitly_expanded_destination_unverified
249,11,"Heaps [Learning, Medium, Hard Problems]",2,Medium Problems,4,4,mrgmsrtdlists,Merge M sorted Lists,Hard,2,Arrays | Heap | Data Structures | Linked List,https://leetcode.com/problems/merge-k-sorted-lists/,https://www.codingninjas.com/studio/problems/merge-k-sorted-lists_992772,https://www.geeksforgeeks.org/problems/merge-k-sorted-linked-lists/1,,,,,,https://www.codingninjas.com/studio/problems/merge-k-sorted-lists_992772?utm_source=striver&utm_medium=website&utm_campaign=a_zcoursetuf,https://bit.ly/3QObTXC,,,,,gfg:bitly_expanded_destination_unverified
250,11,"Heaps [Learning, Medium, Hard Problems]",2,Medium Problems,5,5,rplcchrrylmntbyitscrrspndingrnk,Replace each array element by its corresponding rank,Easy,0,Arrays | Hashing | Data Structures,,https://www.codingninjas.com/studio/problems/replace-each-element-of-array-with-its-corresponding-rank_975384,https://www.geeksforgeeks.org/problems/replace-elements-by-its-rank-in-the-array/1,,https://takeuforward.org/data-structure/replace-elements-by-its-rank-in-the-array/,,,,https://www.codingninjas.com/studio/problems/replace-each-element-of-array-with-its-corresponding-rank_975384?utm_source=striver&utm_medium=website&utm_campaign=a_zcoursetuf,https://bit.ly/3TS3jcg,,,,,gfg:bitly_expanded_destination_unverified
251,11,"Heaps [Learning, Medium, Hard Problems]",2,Medium Problems,6,6,tskschdlr,Task Scheduler,Medium,1,Arrays | Hashing | Greedy | Sorting | Heap,https://leetcode.com/problems/task-scheduler/,https://www.codingninjas.com/studio/problems/task-scheduler_1070424,https://www.geeksforgeeks.org/problems/task-scheduler/1,,,,,,https://www.codingninjas.com/studio/problems/task-scheduler_1070424?utm_source=striver&utm_medium=website&utm_campaign=a_zcoursetuf,https://bit.ly/3h2Z92Z,,,,,gfg:bitly_expanded_destination_unverified
252,11,"Heaps [Learning, Medium, Hard Problems]",2,Medium Problems,7,7,hndsfstrights,Hands of Straights,Medium,1,Arrays | Hashing | Greedy | Sorting | Data Structures,https://leetcode.com/problems/hand-of-straights/,https://www.codingninjas.com/studio/problems/groups-in-ninja-land._1459215,,,,,,,https://www.codingninjas.com/studio/problems/groups-in-ninja-land._1459215?utm_source=striver&utm_medium=website&utm_campaign=a_zcoursetuf,,,,,,
253,11,"Heaps [Learning, Medium, Hard Problems]",3,Hard Problems,1,1,dsigntwittr,Design twitter,Medium,1,Hashing | Linked List | Heap,https://leetcode.com/problems/design-twitter/,https://www.codingninjas.com/codestudio/problems/design-twitter_8380711,https://practice.geeksforgeeks.org/problems/design-twitter/1,,,,,,https://www.codingninjas.com/codestudio/problems/design-twitter_8380711?utm_source=striver&utm_medium=website&utm_campaign=a_zcoursetuf,,,,,,
254,11,"Heaps [Learning, Medium, Hard Problems]",3,Hard Problems,2,2,cnnctnrpswithminimlcst,Connect `n` ropes with minimal cost,Medium,1,Arrays | Heap | Data Structures,,https://www.codingninjas.com/studio/problems/connect-n-ropes-with-minimum-cost_625783,https://www.geeksforgeeks.org/problems/rod-cutting0840/1,,,,,,https://www.codingninjas.com/studio/problems/connect-n-ropes-with-minimum-cost_625783?utm_source=striver&utm_medium=website&utm_campaign=a_zcoursetuf,https://bit.ly/3QVb1jR,,,,,gfg:bitly_expanded_destination_unverified
255,11,"Heaps [Learning, Medium, Hard Problems]",3,Hard Problems,3,3,kthlrgstlmntinstrmfrnningintgrs,Kth largest element in a stream of running integers,Easy,0,Binary Search Tree | Heap | Data Structures,https://leetcode.com/problems/kth-largest-element-in-a-stream/,https://www.codingninjas.com/studio/problems/kth-largest-element-in-a-stream_800301,https://www.geeksforgeeks.org/problems/kth-largest-element-in-a-stream2220/1,,,https://takeuforward.org/plus/dsa/problems/kth-largest-element-in-a-stream-of-running-integers,https://takeuforward.org/plus/dsa/problems/kth-largest-element-in-a-stream-of-running-integers?tab=editorial,"https://leetcode.com/problems/kth-largest-element-in-a-stream/#:~:text=Implement%20KthLargest%20class%3A,largest%20element%20in%20the%20stream.",https://www.codingninjas.com/studio/problems/kth-largest-element-in-a-stream_800301?utm_source=striver&utm_medium=website&utm_campaign=a_zcoursetuf,https://bit.ly/3JZPqEV,,,,,gfg:bitly_expanded_destination_unverified
256,11,"Heaps [Learning, Medium, Hard Problems]",3,Hard Problems,4,4,mximmsmcmbintin,Maximum Sum Combination,Medium,1,Arrays | Sorting | Heap | Data Structures,https://www.interviewbit.com/problems/maximum-sum-combinations/,https://www.codingninjas.com/studio/problems/median-in-a-stream_975268,https://www.geeksforgeeks.org/problems/maximum-sum-combination/1,,,,,,https://www.codingninjas.com/studio/problems/median-in-a-stream_975268?utm_source=striver&utm_medium=website&utm_campaign=a_zcoursetuf,https://bit.ly/3sSXvTT,,,,,leetcode:domain_mismatch:interviewbit; gfg:bitly_expanded_destination_unverified
257,11,"Heaps [Learning, Medium, Hard Problems]",3,Hard Problems,5,5,findmdinfrmdtstrm,Find Median from Data Stream,Hard,2,Two Pointer | Sorting | Heap | Data Structures,https://leetcode.com/problems/find-median-from-data-stream/,https://www.codingninjas.com/studio/problems/median-in-a-stream_975268,https://www.geeksforgeeks.org/problems/find-median-in-a-stream-1587115620/1,,,,,,https://www.codingninjas.com/studio/problems/median-in-a-stream_975268?utm_source=striver&utm_medium=website&utm_campaign=a_zcoursetuf,https://bit.ly/3QIknj4,,,,,gfg:bitly_expanded_destination_unverified
258,11,"Heaps [Learning, Medium, Hard Problems]",3,Hard Problems,6,6,kmstfrqntlmnts,K most frequent elements,Medium,1,Arrays | Hashing | Sorting | Heap | Data Structures,https://leetcode.com/problems/top-k-frequent-elements/,https://www.codingninjas.com/studio/problems/k-most-frequent-elements_3167808,https://www.geeksforgeeks.org/problems/top-k-frequent-elements-in-array/1,,,,,,https://www.codingninjas.com/studio/problems/k-most-frequent-elements_3167808?utm_source=striver&utm_medium=website&utm_campaign=a_zcoursetuf,https://bit.ly/3wcIHla,,,,,gfg:bitly_expanded_destination_unverified
259,12,"Greedy Algorithms [Easy, Medium/Hard]",1,Easy Problems,1,1,ssignckis,Assign Cookies,Easy,0,Arrays | Two Pointer | Greedy | Data Structures | Sorting,https://leetcode.com/problems/assign-cookies/,https://www.codingninjas.com/codestudio/problems/assign-cookies_8390826,https://www.geeksforgeeks.org/problems/assign-cookies/1,https://www.youtube.com/watch?v=DIX2p7vb9co,https://takeuforward.org/Greedy/assign-cookies,https://takeuforward.org/plus/dsa/problems/assign-cookies,https://takeuforward.org/plus/dsa/problems/assign-cookies?tab=editorial,,https://www.codingninjas.com/codestudio/problems/assign-cookies_8390826?utm_source=striver&utm_medium=website&utm_campaign=a_zcoursetuf,https://bit.ly/3Wl3PBd,https://youtu.be/DIX2p7vb9co?si=GofAIDimue-Av0Fi,,,,duplicate_title; gfg:bitly_expanded_destination_unverified
260,12,"Greedy Algorithms [Easy, Medium/Hard]",1,Easy Problems,2,2,frctinlknpsckprblm,Fractional Knapsack Problem,Medium,1,Greedy | Data Structures,https://practice.geeksforgeeks.org/problems/fractional-knapsack-1587115620/1,https://www.codingninjas.com/studio/problems/fractional-knapsack_975286,https://www.geeksforgeeks.org/problems/fractional-knapsack-1587115620/1,https://www.youtube.com/watch?v=1ibsQrnuEEg,https://takeuforward.org/data-structure/fractional-knapsack-problem-greedy-approach/,,,,https://www.codingninjas.com/studio/problems/fractional-knapsack_975286?utm_source=striver&utm_medium=website&utm_campaign=a_zcoursetuf,https://bit.ly/3PsqOFL,https://youtu.be/1ibsQrnuEEg?si=8R2By3wpHo0zZVHE,,,,leetcode:domain_mismatch:geeksforgeeks; gfg:bitly_expanded_destination_unverified
261,12,"Greedy Algorithms [Easy, Medium/Hard]",1,Easy Problems,3,3,grdylgrithmtfindminimmnmbrfcins,Greedy algorithm to find minimum number of coins,Medium,1,Greedy | Arrays | Data Structures,https://www.geeksforgeeks.org/find-minimum-number-of-coins-that-make-a-change/,https://www.codingninjas.com/studio/problems/find-minimum-number-of-coins_975277,https://www.geeksforgeeks.org/problems/-minimum-number-of-coins4426/1,https://www.youtube.com/watch?v=mVg9CfJvayM,https://takeuforward.org/data-structure/find-minimum-number-of-coins/,,,,https://www.codingninjas.com/studio/problems/find-minimum-number-of-coins_975277?utm_source=striver&utm_medium=website&utm_campaign=a_zcoursetuf,https://bit.ly/3Ka7xYU,https://www.youtube.com/watch?v=mVg9CfJvayM&list=PLgUwDviBIf0p4ozDR_kJJkONnb1wdx2Ma&index=48,,,,leetcode:domain_mismatch:geeksforgeeks; gfg:bitly_expanded_destination_unverified
262,12,"Greedy Algorithms [Easy, Medium/Hard]",1,Easy Problems,4,4,lmndchng,Lemonade Change,Easy,0,Arrays | Greedy | Data Structures,https://leetcode.com/problems/lemonade-change/,https://www.codingninjas.com/codestudio/problems/lemonade-change_8224112,https://www.geeksforgeeks.org/problems/lemonade-change/1,https://www.youtube.com/watch?v=n_tmibEhO6Q,https://takeuforward.org/Greedy/lemonade-change,https://takeuforward.org/plus/dsa/problems/lemonade-change,https://takeuforward.org/plus/dsa/problems/lemonade-change?tab=editorial,,https://www.codingninjas.com/codestudio/problems/lemonade-change_8224112?utm_source=striver&utm_medium=website&utm_campaign=a_zcoursetuf,https://bit.ly/3DoFGRx,https://youtu.be/n_tmibEhO6Q?si=q1NW8MfPy0QU6fIl,,,,gfg:bitly_expanded_destination_unverified
263,12,"Greedy Algorithms [Easy, Medium/Hard]",1,Easy Problems,5,5,vlidprnthsischckr,Valid Paranthesis Checker,Medium,1,Stack | String | Data Structures,https://leetcode.com/problems/valid-parenthesis-string/,https://www.codingninjas.com/studio/problems/balanced-parentheses_8162202,https://www.geeksforgeeks.org/problems/parenthesis-checker2744/1,https://www.youtube.com/watch?v=cHT6sG_hUZI,,https://takeuforward.org/plus/dsa/problems/valid-paranthesis-checker,https://takeuforward.org/plus/dsa/problems/valid-paranthesis-checker?tab=editorial,,https://www.codingninjas.com/studio/problems/balanced-parentheses_8162202?utm_source=striver&utm_medium=website&utm_campaign=a_zcoursetuf,https://bit.ly/3K6ulZA,https://youtu.be/cHT6sG_hUZI?si=XRHeyh7jOaLaTy3g,,,,gfg:bitly_expanded_destination_unverified
264,12,"Greedy Algorithms [Easy, Medium/Hard]",2,Medium/Hard,1,1,nmtingsinnrm,N meetings in one room,Medium,1,Arrays | Greedy | Data Structures,https://practice.geeksforgeeks.org/problems/n-meetings-in-one-room-1587115620/1,https://www.codingninjas.com/studio/problems/maximum-meetings_1062658,https://www.geeksforgeeks.org/problems/n-meetings-in-one-room-1587115620/1,https://www.youtube.com/watch?v=mKfhTotEguk,https://takeuforward.org/data-structure/n-meetings-in-one-room/,https://takeuforward.org/plus/dsa/problems/n-meetings-in-one-room,https://takeuforward.org/plus/dsa/problems/n-meetings-in-one-room?tab=editorial,,https://www.codingninjas.com/studio/problems/maximum-meetings_1062658?utm_source=striver&utm_medium=website&utm_campaign=a_zcoursetuf,https://bit.ly/3A6Ob1Y,https://youtu.be/mKfhTotEguk?si=2RELeq18mpmIIN3Q,,,,leetcode:domain_mismatch:geeksforgeeks; gfg:bitly_expanded_destination_unverified
265,12,"Greedy Algorithms [Easy, Medium/Hard]",2,Medium/Hard,2,2,jmpgm,Jump Game,Medium,1,Arrays | Dynamic Programming | Greedy | Data Structures,https://leetcode.com/problems/jump-game/,https://www.codingninjas.com/studio/problems/jump-game_3164697,https://www.geeksforgeeks.org/problems/jump-game/1,https://www.youtube.com/watch?v=tZAa_jJ3SwQ,https://takeuforward.org/Greedy/jump-game-i,https://takeuforward.org/plus/dsa/problems/jump-game---i,https://takeuforward.org/plus/dsa/problems/jump-game---i?tab=editorial,,https://www.codingninjas.com/studio/problems/jump-game_3164697?utm_source=striver&utm_medium=website&utm_campaign=a_zcoursetuf,https://bit.ly/3AbFYKe,https://youtu.be/tZAa_jJ3SwQ?si=voKd7n9VTLDRRNzJ,,,,gfg:bitly_expanded_destination_unverified
266,12,"Greedy Algorithms [Easy, Medium/Hard]",2,Medium/Hard,3,3,jmpgm2,Jump Game 2,Medium,1,Arrays | Dynamic Programming | Greedy | Data Structures,https://leetcode.com/problems/jump-game-ii/,https://www.codingninjas.com/studio/problems/jump-game_893178,https://www.geeksforgeeks.org/problems/minimum-number-of-jumps-1587115620/1,https://www.youtube.com/watch?v=7SBVnw7GSTk,,,,,https://www.codingninjas.com/studio/problems/jump-game_893178?utm_source=striver&utm_medium=website&utm_campaign=a_zcoursetuf,https://bit.ly/3Av2ezM,https://youtu.be/7SBVnw7GSTk?si=9uUouBELh9K3m2jZ,,,,gfg:bitly_expanded_destination_unverified
267,12,"Greedy Algorithms [Easy, Medium/Hard]",2,Medium/Hard,4,4,minimmnmbrfpltfrmsrqirdfrrilwy,Minimum number of platforms required for a railway,Medium,1,Arrays | Greedy | Data Structures,https://practice.geeksforgeeks.org/problems/minimum-platforms-1587115620/1,https://www.codingninjas.com/studio/problems/minimum-number-of-platforms_799400,https://www.geeksforgeeks.org/problems/minimum-platforms-1587115620/1,https://www.youtube.com/watch?v=AsGzwR_FWok,https://takeuforward.org/data-structure/minimum-number-of-platforms-required-for-a-railway/,https://takeuforward.org/plus/dsa/problems/minimum-number-of-platforms-required-for-a-railway,https://takeuforward.org/plus/dsa/problems/minimum-number-of-platforms-required-for-a-railway?tab=editorial,https://practice.geeksforgeeks.org/problems/minimum-platforms-1587115620/1#,https://www.codingninjas.com/studio/problems/minimum-number-of-platforms_799400?utm_source=striver&utm_medium=website&utm_campaign=a_zcoursetuf,https://bit.ly/3bXX5Hm,https://youtu.be/AsGzwR_FWok?si=165acXU_dtqOHuo9,,,,leetcode:domain_mismatch:geeksforgeeks; gfg:bitly_expanded_destination_unverified
268,12,"Greedy Algorithms [Easy, Medium/Hard]",2,Medium/Hard,5,5,jbsqncingprblm,Job sequencing Problem,Medium,1,Greedy | Data Structures | Arrays,https://practice.geeksforgeeks.org/problems/job-sequencing-problem-1587115620/1,https://www.codingninjas.com/studio/problems/job-sequencing-problem_1169460,https://www.geeksforgeeks.org/problems/job-sequencing-problem-1587115620/1,https://www.youtube.com/watch?v=QbwltemZbRg,https://takeuforward.org/data-structure/job-sequencing-problem/,https://takeuforward.org/plus/dsa/problems/job-sequencing-problem,https://takeuforward.org/plus/dsa/problems/job-sequencing-problem?tab=editorial,https://practice.geeksforgeeks.org/problems/job-sequencing-problem-1587115620/1#,https://www.codingninjas.com/studio/problems/job-sequencing-problem_1169460?utm_source=striver&utm_medium=website&utm_campaign=a_zcoursetuf,https://bit.ly/3Pttpzj,https://youtu.be/QbwltemZbRg?si=wvcemJ5BLPlTRmkG,,,,leetcode:domain_mismatch:geeksforgeeks; gfg:bitly_expanded_destination_unverified
269,12,"Greedy Algorithms [Easy, Medium/Hard]",2,Medium/Hard,6,6,cndy,Candy,Hard,2,Arrays | Greedy,https://leetcode.com/problems/candy/,https://www.codingninjas.com/studio/problems/candies_893290,https://www.geeksforgeeks.org/problems/candy/1,https://www.youtube.com/watch?v=IIqVFvKE6RY,,https://takeuforward.org/plus/dsa/problems/candy,https://takeuforward.org/plus/dsa/problems/candy?tab=editorial,,https://www.codingninjas.com/studio/problems/candies_893290?utm_source=striver&utm_medium=website&utm_campaign=a_zcoursetuf,https://bit.ly/3h14wzm,https://youtu.be/IIqVFvKE6RY?si=EjmuXZJNLQLUkEd7,,,,gfg:bitly_expanded_destination_unverified
270,12,"Greedy Algorithms [Easy, Medium/Hard]",2,Medium/Hard,7,7,prgrmfrshrtstjbfirstrsjfcpschdling,Program for Shortest Job First (or SJF) CPU Scheduling,Medium,1,Hashing | Data Structures,,https://www.codingninjas.com/studio/problems/sjf_1172165,https://www.geeksforgeeks.org/problems/shortest-job-first/1,https://www.youtube.com/watch?v=3-QbX1iDbXs,https://takeuforward.org/Greedy/shortest-job-first-or-sjf-cpu-scheduling,https://takeuforward.org/plus/dsa/problems/shortest-job-first,https://takeuforward.org/plus/dsa/problems/shortest-job-first?tab=editorial,,https://www.codingninjas.com/studio/problems/sjf_1172165?utm_source=striver&utm_medium=website&utm_campaign=a_zcoursetuf,https://bit.ly/3DYCIFb,https://youtu.be/3-QbX1iDbXs?si=IH8QZUblr01F7UoQ,,,,gfg:bitly_expanded_destination_unverified
271,12,"Greedy Algorithms [Easy, Medium/Hard]",2,Medium/Hard,8,8,prgrmfrlstrcntlysdlrpgrplcmntlgrithm,Program for Least Recently Used (LRU) Page Replacement Algorithm,Medium,1,Hashing | Data Structures,,,https://www.geeksforgeeks.org/problems/page-faults-in-lru5603/1,,,,,,,https://bit.ly/3dtFqHG,,,,,gfg:bitly_expanded_destination_unverified
272,12,"Greedy Algorithms [Easy, Medium/Hard]",2,Medium/Hard,9,9,insrtintrvl,Insert Interval,Medium,1,Arrays | Data Structures,https://leetcode.com/problems/insert-interval/,https://www.codingninjas.com/studio/problems/-insert-interval_285893,https://www.geeksforgeeks.org/problems/insert-interval-1666733333/1,https://www.youtube.com/watch?v=xxRE-46OCC8,https://takeuforward.org/?s=Insert+Interval,https://takeuforward.org/plus/dsa/problems/insert-interval,https://takeuforward.org/plus/dsa/problems/insert-interval?tab=editorial,,https://www.codingninjas.com/studio/problems/-insert-interval_285893?utm_source=striver&utm_medium=website&utm_campaign=a_zcoursetuf,https://bit.ly/3VeNtc1,https://youtu.be/xxRE-46OCC8?si=a7aPuIw16zDx2lAa,,,,gfg:bitly_expanded_destination_unverified
273,12,"Greedy Algorithms [Easy, Medium/Hard]",2,Medium/Hard,10,10,mrgintrvls,Merge Intervals,Medium,1,Arrays | Sorting | Data Structures,https://leetcode.com/problems/merge-intervals/,https://www.codingninjas.com/studio/problems/merge-intervals_699917,https://www.geeksforgeeks.org/problems/overlapping-intervals--170633/1,https://www.youtube.com/watch?v=2JzRBPFYbKE,https://takeuforward.org/data-structure/merge-overlapping-sub-intervals/,,,,https://www.codingninjas.com/studio/problems/merge-intervals_699917?utm_source=striver&utm_medium=website&utm_campaign=a_zcoursetuf,https://bit.ly/3K6pRlt,https://www.youtube.com/watch?v=2JzRBPFYbKE&list=PLgUwDviBIf0rPG3Ictpu74YWBQ1CaBkm2&index=6,,,,gfg:bitly_expanded_destination_unverified
274,12,"Greedy Algorithms [Easy, Medium/Hard]",2,Medium/Hard,11,11,nnvrlppingintrvls,Non-overlapping Intervals,Medium,1,Arrays | Greedy | Sorting | Data Structures,https://leetcode.com/problems/non-overlapping-intervals/,https://www.codingninjas.com/studio/problems/non-overlapping-intervals_3169341,https://www.geeksforgeeks.org/problems/non-overlapping-intervals/1,https://www.youtube.com/watch?v=HDHQ8lAWakY,,https://takeuforward.org/plus/dsa/problems/non-overlapping-intervals,https://takeuforward.org/plus/dsa/problems/non-overlapping-intervals?tab=editorial,,https://www.codingninjas.com/studio/problems/non-overlapping-intervals_3169341?utm_source=striver&utm_medium=website&utm_campaign=a_zcoursetuf,https://bit.ly/3UM6liN,https://youtu.be/HDHQ8lAWakY?si=JVtLqboGdpUTOVjf,,,,gfg:bitly_expanded_destination_unverified
275,13,"Binary Trees [Traversals, Medium and Hard Problems]",1,Traversals,1,1,intrdctinttrs,Introduction to Trees,Easy,0,Binary Tree | Data Structures,,https://www.codingninjas.com/studio/problems/number-of-nodes_8162204,https://www.geeksforgeeks.org/problems/introduction-to-trees/1,https://www.youtube.com/watch?v=_ANrF3FJm7I,https://takeuforward.org/binary-tree/introduction-to-trees/,,https://takeuforward.org/plus/dsa/problems/introduction-,,https://www.codingninjas.com/studio/problems/number-of-nodes_8162204?utm_source=striver&utm_medium=website&utm_campaign=a_zcoursetuf,https://bit.ly/3EsRmTM,https://youtu.be/_ANrF3FJm7I,,,,gfg:bitly_expanded_destination_unverified
276,13,"Binary Trees [Traversals, Medium and Hard Problems]",1,Traversals,2,2,binrytrrprsnttininc,Binary Tree Representation in C++,Easy,0,Binary Tree | Data Structures,,https://www.codingninjas.com/codestudio/problems/create-binary-tree_8360671,https://www.geeksforgeeks.org/problems/binary-tree-representation/1,https://www.youtube.com/watch?v=ctCpP0RFDFc,https://takeuforward.org/binary-tree/binary-tree-representation-in-c/,,https://takeuforward.org/plus/dsa/problems/introduction-,,https://www.codingninjas.com/codestudio/problems/create-binary-tree_8360671?utm_source=striver&utm_medium=website&utm_campaign=a_zcoursetuf,https://bit.ly/3gn5Soh,https://youtu.be/ctCpP0RFDFc,,,,gfg:bitly_expanded_destination_unverified
277,13,"Binary Trees [Traversals, Medium and Hard Problems]",1,Traversals,3,3,binrytrrprsnttininjv,Binary Tree Representation in Java,Easy,0,Binary Tree | Data Structures,,https://www.codingninjas.com/codestudio/problems/create-binary-tree_8360671,https://www.geeksforgeeks.org/problems/binary-tree-representation/1,https://www.youtube.com/watch?v=hyLyW7rP24I,https://takeuforward.org/binary-tree/binary-tree-representation-in-java/,,https://takeuforward.org/plus/dsa/problems/introduction-,,https://www.codingninjas.com/codestudio/problems/create-binary-tree_8360671?utm_source=striver&utm_medium=website&utm_campaign=a_zcoursetuf,https://bit.ly/3gn5Soh,https://youtu.be/hyLyW7rP24I,,,,gfg:bitly_expanded_destination_unverified
278,13,"Binary Trees [Traversals, Medium and Hard Problems]",1,Traversals,4,4,binrytrtrvrslsinbinrytr,Binary Tree Traversals in Binary Tree,Easy,0,Binary Tree | Data Structures,,https://www.codingninjas.com/codestudio/problems/tree-traversal_981269,,https://www.youtube.com/watch?v=jmy0LaGET1I,https://takeuforward.org/binary-tree/binary-tree-traversal-inorder-preorder-postorder/,,,,https://www.codingninjas.com/codestudio/problems/tree-traversal_981269?utm_source=striver&utm_medium=website&utm_campaign=a_zcoursetuf,,https://youtu.be/jmy0LaGET1I,,,,
279,13,"Binary Trees [Traversals, Medium and Hard Problems]",1,Traversals,5,5,prrdrtrvrslfbinrytr,Preorder Traversal of Binary Tree,Easy,0,Binary Tree | Data Structures,https://leetcode.com/problems/binary-tree-preorder-traversal/,https://www.codingninjas.com/studio/problems/preorder-binary-tree_5948,https://www.geeksforgeeks.org/problems/preorder-traversal/1,https://www.youtube.com/watch?v=RlUu72JrOCQ,https://takeuforward.org/data-structure/preorder-traversal-of-binary-tree/,https://takeuforward.org/plus/dsa/problems/preorder-traversal,https://takeuforward.org/plus/dsa/problems/preorder-traversal?tab=editorial,,https://www.codingninjas.com/studio/problems/preorder-binary-tree_5948?utm_source=striver&utm_medium=website&utm_campaign=a_zcoursetuf,https://bit.ly/3Cb4VIh,https://youtu.be/RlUu72JrOCQ,,,,gfg:bitly_expanded_destination_unverified
280,13,"Binary Trees [Traversals, Medium and Hard Problems]",1,Traversals,6,6,inrdrtrvrslfbinrytr,Inorder Traversal of Binary Tree,Easy,0,Binary Tree | Data Structures,https://leetcode.com/problems/binary-tree-inorder-traversal/,https://www.codingninjas.com/studio/problems/inorder-traversal_3839605,https://www.geeksforgeeks.org/problems/inorder-traversal/1,https://www.youtube.com/watch?v=Z_NEgBgbRVI,https://takeuforward.org/data-structure/inorder-traversal-of-binary-tree/,https://takeuforward.org/plus/dsa/problems/inorder-traversal,https://takeuforward.org/plus/dsa/problems/inorder-traversal?tab=editorial,,https://www.codingninjas.com/studio/problems/inorder-traversal_3839605?utm_source=striver&utm_medium=website&utm_campaign=a_zcoursetuf,https://bit.ly/3QzNDbU,https://youtu.be/Z_NEgBgbRVI,,,,gfg:bitly_expanded_destination_unverified
281,13,"Binary Trees [Traversals, Medium and Hard Problems]",1,Traversals,7,7,pstrdrtrvrslfbinrytr,Post-order Traversal of Binary Tree,Easy,0,Binary Tree | Data Structures,https://leetcode.com/problems/binary-tree-postorder-traversal/,https://www.codingninjas.com/studio/problems/postorder-traversal_2035933,https://www.geeksforgeeks.org/problems/postorder-traversal/1,https://www.youtube.com/watch?v=COQOU6klsBg,https://takeuforward.org/data-structure/post-order-traversal-of-binary-tree/,https://takeuforward.org/plus/dsa/problems/postorder-traversal,https://takeuforward.org/plus/dsa/problems/postorder-traversal?tab=editorial,,https://www.codingninjas.com/studio/problems/postorder-traversal_2035933?utm_source=striver&utm_medium=website&utm_campaign=a_zcoursetuf,https://bit.ly/3SZauQ4,https://youtu.be/COQOU6klsBg,,,,gfg:bitly_expanded_destination_unverified
282,13,"Binary Trees [Traversals, Medium and Hard Problems]",1,Traversals,8,8,lvlrdrtrvrsllvlrdrtrvrslinspirlfrm,Level order Traversal / Level order traversal in spiral form,Easy,0,Binary Tree | Data Structures,https://leetcode.com/problems/binary-tree-level-order-traversal/,https://www.codingninjas.com/studio/problems/zigzag-binary-tree-traversal_920532,https://www.geeksforgeeks.org/problems/level-order-traversal-in-spiral-form/1,https://www.youtube.com/watch?v=EoAsWbO7sqg,https://takeuforward.org/data-structure/level-order-traversal-of-a-binary-tree/,https://takeuforward.org/plus/dsa/problems/level-order-traversal,https://takeuforward.org/plus/dsa/problems/level-order-traversal?tab=editorial,,https://www.codingninjas.com/studio/problems/zigzag-binary-tree-traversal_920532?utm_source=striver&utm_medium=website&utm_campaign=a_zcoursetuf,https://bit.ly/3K6t9VR,https://youtu.be/EoAsWbO7sqg,,,,gfg:bitly_expanded_destination_unverified
283,13,"Binary Trees [Traversals, Medium and Hard Problems]",1,Traversals,9,9,itrtivprrdrtrvrslfbinrytr,Iterative Preorder Traversal of Binary Tree,Easy,0,Binary Tree | Data Structures,https://leetcode.com/problems/binary-tree-preorder-traversal/,https://www.codingninjas.com/studio/problems/preorder-binary-tree_5948,https://www.geeksforgeeks.org/problems/preorder-traversal/1,https://www.youtube.com/watch?v=Bfqd8BsPVuw,https://takeuforward.org/data-structure/iterative-preorder-traversal-of-binary-tree,https://takeuforward.org/plus/dsa/problems/preorder-traversal,https://takeuforward.org/plus/dsa/problems/preorder-traversal?tab=editorial,,https://www.codingninjas.com/studio/problems/preorder-binary-tree_5948?utm_source=striver&utm_medium=website&utm_campaign=a_zcoursetuf,https://bit.ly/3Cb4VIh,https://youtu.be/Bfqd8BsPVuw,,,,gfg:bitly_expanded_destination_unverified
284,13,"Binary Trees [Traversals, Medium and Hard Problems]",1,Traversals,10,10,itrtivinrdrtrvrslfbinrytr,Iterative Inorder Traversal of Binary Tree,Easy,0,Binary Tree | Data Structures,https://leetcode.com/problems/binary-tree-inorder-traversal/,https://www.codingninjas.com/studio/problems/inorder-traversal_3839605,https://www.geeksforgeeks.org/problems/inorder-traversal/1,https://www.youtube.com/watch?v=lxTGsVXjwvM,https://takeuforward.org/data-structure/inorder-traversal-of-binary-tree/,https://takeuforward.org/plus/dsa/problems/inorder-traversal,https://takeuforward.org/plus/dsa/problems/inorder-traversal?tab=editorial,,https://www.codingninjas.com/studio/problems/inorder-traversal_3839605?utm_source=striver&utm_medium=website&utm_campaign=a_zcoursetuf,https://bit.ly/3QzNDbU,https://youtu.be/lxTGsVXjwvM,,,,gfg:bitly_expanded_destination_unverified
285,13,"Binary Trees [Traversals, Medium and Hard Problems]",1,Traversals,11,11,pstrdrtrvrslfbinrytrsing2stck,Post-order Traversal of Binary Tree using 2 stack,Easy,0,Binary Tree | Data Structures,https://leetcode.com/problems/binary-tree-postorder-traversal/,https://www.codingninjas.com/studio/problems/postorder-traversal_2035933,https://www.geeksforgeeks.org/problems/postorder-traversal/1,https://www.youtube.com/watch?v=2YBhNLodD8Q,https://takeuforward.org/data-structure/iterative-postorder-traversal-of-binary-tree-using-2-stack,https://takeuforward.org/plus/dsa/problems/postorder-traversal,https://takeuforward.org/plus/dsa/problems/postorder-traversal?tab=editorial,,https://www.codingninjas.com/studio/problems/postorder-traversal_2035933?utm_source=striver&utm_medium=website&utm_campaign=a_zcoursetuf,https://bit.ly/3Cb5Wjz,https://youtu.be/2YBhNLodD8Q,,,,gfg:bitly_expanded_destination_unverified
286,13,"Binary Trees [Traversals, Medium and Hard Problems]",1,Traversals,12,12,pstrdrtrvrslfbinrytrsing1stck,Post-order Traversal of Binary Tree using 1 stack,Medium,1,Binary Tree | Data Structures,https://leetcode.com/problems/binary-tree-postorder-traversal/,https://www.codingninjas.com/studio/problems/postorder-traversal_2035933,https://www.geeksforgeeks.org/problems/postorder-traversal/1,https://www.youtube.com/watch?v=NzIGLLwZBS8,https://takeuforward.org/data-structure/post-order-traversal-of-binary-tree/,https://takeuforward.org/plus/dsa/problems/postorder-traversal,https://takeuforward.org/plus/dsa/problems/postorder-traversal?tab=editorial,,https://www.codingninjas.com/studio/problems/postorder-traversal_2035933?utm_source=striver&utm_medium=website&utm_campaign=a_zcoursetuf,https://bit.ly/3SZauQ4,https://youtu.be/NzIGLLwZBS8,,,,gfg:bitly_expanded_destination_unverified
287,13,"Binary Trees [Traversals, Medium and Hard Problems]",1,Traversals,13,13,prrdrinrdrndpstrdrtrvrslinntrvrsl,"Preorder, Inorder, and Postorder Traversal in one Traversal",Medium,1,Binary Tree | Data Structures,,https://www.codingninjas.com/studio/problems/tree-traversals_981269,https://www.geeksforgeeks.org/problems/postorder-traversal-iterative/1,https://www.youtube.com/watch?v=ySp2epYvgTE,https://takeuforward.org/data-structure/preorder-inorder-postorder-traversals-in-one-traversal/,"https://takeuforward.org/plus/dsa/problems/pre,-post,-inorder-in-one-traversal","https://takeuforward.org/plus/dsa/problems/pre,-post,-inorder-in-one-traversal?tab=editorial",,https://www.codingninjas.com/studio/problems/tree-traversals_981269?utm_source=striver&utm_medium=website&utm_campaign=a_zcoursetuf,https://bit.ly/3T3oW9M,https://youtu.be/ySp2epYvgTE,,,,gfg:bitly_expanded_destination_unverified
288,13,"Binary Trees [Traversals, Medium and Hard Problems]",2,Medium Problems,1,1,hightfbinrytr,Height of a Binary Tree,Medium,1,Binary Tree | Data Structures,https://leetcode.com/problems/maximum-depth-of-binary-tree/,https://www.codingninjas.com/studio/problems/height-of-binary-tree_4609628,https://www.geeksforgeeks.org/problems/height-of-binary-tree/1,https://www.youtube.com/watch?v=eD3tmO66aBA,https://takeuforward.org/data-structure/maximum-depth-of-a-binary-tree/,https://takeuforward.org/plus/dsa/problems/maximum-depth-in-bt,https://takeuforward.org/plus/dsa/problems/maximum-depth-in-bt?tab=editorial,,https://www.codingninjas.com/studio/problems/height-of-binary-tree_4609628?utm_source=striver&utm_medium=website&utm_campaign=a_zcoursetuf,https://bit.ly/3CitiDM,https://youtu.be/eD3tmO66aBA,,,,gfg:bitly_expanded_destination_unverified
289,13,"Binary Trees [Traversals, Medium and Hard Problems]",2,Medium Problems,2,2,chckifthbinrytrishightblncdrnt,Check if the Binary tree is height-balanced or not,Medium,1,Binary Tree | Data Structures,https://leetcode.com/problems/balanced-binary-tree/,https://www.codingninjas.com/studio/problems/is-height-balanced-binary-tree_975497,https://www.geeksforgeeks.org/problems/check-for-balanced-tree/1,https://www.youtube.com/watch?v=Yt50Jfbd8Po,https://takeuforward.org/data-structure/check-if-the-binary-tree-is-balanced-binary-tree/,https://takeuforward.org/plus/dsa/problems/check-for-balanced-binary-tree,https://takeuforward.org/plus/dsa/problems/check-for-balanced-binary-tree?tab=editorial,,https://www.codingninjas.com/studio/problems/is-height-balanced-binary-tree_975497?utm_source=striver&utm_medium=website&utm_campaign=a_zcoursetuf,https://bit.ly/3K9YbfB,https://youtu.be/Yt50Jfbd8Po,,,,gfg:bitly_expanded_destination_unverified
290,13,"Binary Trees [Traversals, Medium and Hard Problems]",2,Medium Problems,3,3,dimtrfbinrytr,Diameter of Binary Tree,Medium,1,Binary Tree | Data Structures,https://leetcode.com/problems/diameter-of-binary-tree/,https://www.codingninjas.com/studio/problems/diameter-of-binary-tree_920552,https://www.geeksforgeeks.org/problems/diameter-of-binary-tree/1,https://www.youtube.com/watch?v=Rezetez59Nk,https://takeuforward.org/data-structure/calculate-the-diameter-of-a-binary-tree/,https://takeuforward.org/plus/dsa/problems/diameter-of-binary-tree,https://takeuforward.org/plus/dsa/problems/diameter-of-binary-tree?tab=editorial,,https://www.codingninjas.com/studio/problems/diameter-of-binary-tree_920552?utm_source=striver&utm_medium=website&utm_campaign=a_zcoursetuf,https://bit.ly/3wcfG9l,https://youtu.be/Rezetez59Nk,,,,gfg:bitly_expanded_destination_unverified
291,13,"Binary Trees [Traversals, Medium and Hard Problems]",2,Medium Problems,4,4,mximmpthsm,Maximum path sum,Hard,2,Binary Tree | Data Structures,https://leetcode.com/problems/binary-tree-maximum-path-sum/,https://www.codingninjas.com/studio/problems/maximum-sum-path-of-a-binary-tree._1214968,https://www.geeksforgeeks.org/problems/maximum-path-sum-from-any-node/1,https://www.youtube.com/watch?v=WszrfSwMz58,https://takeuforward.org/data-structure/maximum-sum-path-in-binary-tree/,https://takeuforward.org/plus/dsa/problems/maximum-path-sum-,https://takeuforward.org/plus/dsa/problems/maximum-path-sum-?tab=editorial,,https://www.codingninjas.com/studio/problems/maximum-sum-path-of-a-binary-tree._1214968?utm_source=striver&utm_medium=website&utm_campaign=a_zcoursetuf,https://bit.ly/3QAFjbW,https://youtu.be/WszrfSwMz58,,,,gfg:bitly_expanded_destination_unverified
292,13,"Binary Trees [Traversals, Medium and Hard Problems]",2,Medium Problems,5,5,chckiftwtrsridnticlrnt,Check if two trees are identical or not,Medium,1,Binary Tree | Data Structures,https://leetcode.com/problems/same-tree/,https://www.codingninjas.com/studio/problems/check-identical-trees_799364,https://www.geeksforgeeks.org/problems/determine-if-two-trees-are-identical/1,https://www.youtube.com/watch?v=BhuvF_-PWS0,https://takeuforward.org/data-structure/check-if-two-trees-are-identical/,https://takeuforward.org/plus/dsa/problems/check-if-two-trees-are-identical-or-not,https://takeuforward.org/plus/dsa/problems/check-if-two-trees-are-identical-or-not?tab=editorial,,https://www.codingninjas.com/studio/problems/check-identical-trees_799364?utm_source=striver&utm_medium=website&utm_campaign=a_zcoursetuf,https://bit.ly/3c2K52Z,https://youtu.be/BhuvF_-PWS0,,,,gfg:bitly_expanded_destination_unverified
293,13,"Binary Trees [Traversals, Medium and Hard Problems]",2,Medium Problems,6,6,zigzgtrvrslfbinrytr,Zig Zag Traversal of Binary Tree,Easy,0,Binary Tree | Data Structures,https://leetcode.com/problems/binary-tree-zigzag-level-order-traversal/,https://www.codingninjas.com/studio/problems/zigzag-binary-tree-traversal_920532,https://www.geeksforgeeks.org/problems/zigzag-tree-traversal/1,https://www.youtube.com/watch?v=3OXWEdlIGl4,https://takeuforward.org/data-structure/zig-zag-traversal-of-binary-tree/,https://takeuforward.org/plus/dsa/problems/zig-zag-or-spiral-traversal,https://takeuforward.org/plus/dsa/problems/zig-zag-or-spiral-traversal?tab=editorial,,https://www.codingninjas.com/studio/problems/zigzag-binary-tree-traversal_920532?utm_source=striver&utm_medium=website&utm_campaign=a_zcoursetuf,https://bit.ly/3K4mwn5,https://youtu.be/3OXWEdlIGl4,,,,gfg:bitly_expanded_destination_unverified
294,13,"Binary Trees [Traversals, Medium and Hard Problems]",2,Medium Problems,7,7,bndrytrvrslfbinrytr,Boundary Traversal of Binary Tree,Medium,1,Binary Tree | Data Structures,https://leetcode.com/problems/boundary-of-binary-tree/,https://www.codingninjas.com/studio/problems/boundary-traversal-of-binary-tree_790725,https://www.geeksforgeeks.org/problems/boundary-traversal-of-binary-tree/0,https://www.youtube.com/watch?v=0ca1nvR0be4,https://takeuforward.org/data-structure/boundary-traversal-of-a-binary-tree/,https://takeuforward.org/plus/dsa/problems/boundary-traversal,https://takeuforward.org/plus/dsa/problems/boundary-traversal?tab=editorial,,https://www.codingninjas.com/studio/problems/boundary-traversal-of-binary-tree_790725?utm_source=striver&utm_medium=website&utm_campaign=a_zcoursetuf,https://bit.ly/3AsfgOK,https://youtu.be/0ca1nvR0be4,,,,gfg:bitly_expanded_destination_unverified
295,13,"Binary Trees [Traversals, Medium and Hard Problems]",2,Medium Problems,8,8,vrticlrdrtrvrslfbinrytr,Vertical Order Traversal of Binary Tree,Easy,0,Binary Tree | Data Structures,https://leetcode.com/problems/vertical-order-traversal-of-a-binary-tree/,https://www.codingninjas.com/studio/problems/vertical-order-traversal_3622711,https://www.geeksforgeeks.org/problems/print-a-binary-tree-in-vertical-order/0,https://www.youtube.com/watch?v=q_a6lpbKJdw,https://takeuforward.org/data-structure/vertical-order-traversal-of-binary-tree/,https://takeuforward.org/plus/dsa/problems/vertical-order-traversal,https://takeuforward.org/plus/dsa/problems/vertical-order-traversal?tab=editorial,,https://www.codingninjas.com/studio/problems/vertical-order-traversal_3622711?utm_source=striver&utm_medium=website&utm_campaign=a_zcoursetuf,https://bit.ly/3pqu1er,https://youtu.be/q_a6lpbKJdw,,,,gfg:bitly_expanded_destination_unverified
296,13,"Binary Trees [Traversals, Medium and Hard Problems]",2,Medium Problems,9,9,tpviwfbinrytr,Top View of Binary Tree,Easy,0,Binary Tree | Data Structures,https://practice.geeksforgeeks.org/problems/top-view-of-binary-tree/1,https://www.codingninjas.com/studio/problems/top-view-of-binary-tree_799401,https://www.geeksforgeeks.org/problems/top-view-of-binary-tree/1,https://www.youtube.com/watch?v=Et9OCDNvJ78,https://takeuforward.org/data-structure/top-view-of-a-binary-tree/,https://takeuforward.org/plus/dsa/problems/top-view-of-bt,https://takeuforward.org/plus/dsa/problems/top-view-of-bt?tab=editorial,,https://www.codingninjas.com/studio/problems/top-view-of-binary-tree_799401?utm_source=striver&utm_medium=website&utm_campaign=a_zcoursetuf,https://bit.ly/3PsvE5T,https://youtu.be/Et9OCDNvJ78,,,,leetcode:domain_mismatch:geeksforgeeks; gfg:bitly_expanded_destination_unverified
297,13,"Binary Trees [Traversals, Medium and Hard Problems]",2,Medium Problems,10,10,bttmviwfbinrytr,Bottom View of Binary Tree,Medium,1,Binary Tree | Data Structures,https://practice.geeksforgeeks.org/problems/bottom-view-of-binary-tree/1,https://www.codingninjas.com/studio/problems/bottom-view-of-binary-tree_893110,https://www.geeksforgeeks.org/problems/bottom-view-of-binary-tree/1,https://www.youtube.com/watch?v=0FtVY6I4pB8,https://takeuforward.org/data-structure/bottom-view-of-a-binary-tree/,https://takeuforward.org/plus/dsa/problems/bottom-view-of-bt,https://takeuforward.org/plus/dsa/problems/bottom-view-of-bt?tab=editorial,,https://www.codingninjas.com/studio/problems/bottom-view-of-binary-tree_893110?utm_source=striver&utm_medium=website&utm_campaign=a_zcoursetuf,https://bit.ly/3Asftl0,https://youtu.be/0FtVY6I4pB8,,,,leetcode:domain_mismatch:geeksforgeeks; gfg:bitly_expanded_destination_unverified
298,13,"Binary Trees [Traversals, Medium and Hard Problems]",2,Medium Problems,11,11,rightlftviwfbinrytr,Right/Left View of Binary Tree,Medium,1,Binary Tree | Data Structures,https://leetcode.com/problems/binary-tree-right-side-view/,https://www.codingninjas.com/studio/problems/left-view-of-binary-tree_625707,https://www.geeksforgeeks.org/problems/left-view-of-binary-tree/1,https://www.youtube.com/watch?v=KV4mRzTjlAk,https://takeuforward.org/data-structure/right-left-view-of-binary-tree/,https://takeuforward.org/plus/dsa/problems/right-left-view-of-bt,https://takeuforward.org/plus/dsa/problems/right-left-view-of-bt?tab=editorial,,https://www.codingninjas.com/studio/problems/left-view-of-binary-tree_625707?utm_source=striver&utm_medium=website&utm_campaign=a_zcoursetuf,https://bit.ly/3PCqyE9,https://youtu.be/KV4mRzTjlAk,,,,gfg:bitly_expanded_destination_unverified
299,13,"Binary Trees [Traversals, Medium and Hard Problems]",2,Medium Problems,12,12,symmtricbinrytr,Symmetric Binary Tree,Medium,1,Binary Tree | Data Structures,https://leetcode.com/problems/symmetric-tree/,https://www.codingninjas.com/studio/problems/symmetric-tree_981177,https://www.geeksforgeeks.org/problems/symmetric-tree/1,https://www.youtube.com/watch?v=nKggiEpBE,https://takeuforward.org/data-structure/check-for-symmetrical-binary-tree/,https://takeuforward.org/plus/dsa/problems/check-for-symmetrical-bts,https://takeuforward.org/plus/dsa/problems/check-for-symmetrical-bts?tab=editorial,,https://www.codingninjas.com/studio/problems/symmetric-tree_981177?utm_source=striver&utm_medium=website&utm_campaign=a_zcoursetuf,https://bit.ly/3PCqBzP,https://youtu.be/nKggiEpBE,,,,gfg:bitly_expanded_destination_unverified
300,13,"Binary Trees [Traversals, Medium and Hard Problems]",3,Hard Problems,1,1,rttndpthinbinrytr,Root to Node Path in Binary Tree,Medium,1,Binary Tree | Data Structures,,https://www.codingninjas.com/studio/problems/all-root-to-leaf-paths-in-binary-tree._983599,https://www.geeksforgeeks.org/problems/root-to-leaf-paths/1,https://www.youtube.com/watch?v=fmflMqVOC7k,https://takeuforward.org/data-structure/print-root-to-node-path-in-a-binary-tree/,https://takeuforward.org/plus/dsa/problems/print-root-to-note-path-in-bt,https://takeuforward.org/plus/dsa/problems/print-root-to-note-path-in-bt?tab=editorial,,https://www.codingninjas.com/studio/problems/all-root-to-leaf-paths-in-binary-tree._983599?utm_source=striver&utm_medium=website&utm_campaign=a_zcoursetuf,https://bit.ly/3QA600D,https://youtu.be/fmflMqVOC7k,,,,gfg:bitly_expanded_destination_unverified
301,13,"Binary Trees [Traversals, Medium and Hard Problems]",3,Hard Problems,2,2,lcinbinrytr,LCA in Binary Tree,Medium,1,Binary Search Tree | Data Structures,https://leetcode.com/problems/lowest-common-ancestor-of-a-binary-tree/,https://www.codingninjas.com/studio/problems/lca-of-binary-tree_920541,https://www.geeksforgeeks.org/problems/lowest-common-ancestor-in-a-binary-tree/1,https://www.youtube.com/watch?v=_-QHfMDde90,https://takeuforward.org/data-structure/lowest-common-ancestor-for-two-given-nodes/,https://takeuforward.org/plus/dsa/problems/lca-in-bt,https://takeuforward.org/plus/dsa/problems/lca-in-bt?tab=editorial,,https://www.codingninjas.com/studio/problems/lca-of-binary-tree_920541?utm_source=striver&utm_medium=website&utm_campaign=a_zcoursetuf,https://bit.ly/3popvgG,https://youtu.be/_-QHfMDde90,,,,gfg:bitly_expanded_destination_unverified
302,13,"Binary Trees [Traversals, Medium and Hard Problems]",3,Hard Problems,3,3,mximmwidthfbinrytr,Maximum width of a Binary Tree,Medium,1,Binary Tree | Data Structures,https://leetcode.com/problems/maximum-width-of-binary-tree/,https://www.codingninjas.com/studio/problems/maximum-width-in-binary-tree_763671,https://www.geeksforgeeks.org/problems/maximum-width-of-tree/1,https://www.youtube.com/watch?v=ZbybYvcVLks,https://takeuforward.org/data-structure/maximum-width-of-a-binary-tree/,https://takeuforward.org/plus/dsa/problems/maximum-width-of-bt,https://takeuforward.org/plus/dsa/problems/maximum-width-of-bt?tab=editorial,,https://www.codingninjas.com/studio/problems/maximum-width-in-binary-tree_763671?utm_source=striver&utm_medium=website&utm_campaign=a_zcoursetuf,https://bit.ly/3dxUfZP,https://youtu.be/ZbybYvcVLks,,,,gfg:bitly_expanded_destination_unverified
303,13,"Binary Trees [Traversals, Medium and Hard Problems]",3,Hard Problems,4,4,chckfrchildrnsmprprty,Check for Children Sum Property,Hard,2,Binary Tree | Data Structures,,https://www.codingninjas.com/studio/problems/children-sum-property_8357239,https://www.geeksforgeeks.org/problems/children-sum-parent/1,https://www.youtube.com/watch?v=fnmisPM6cVo,https://takeuforward.org/data-structure/check-for-children-sum-property-in-a-binary-tree/,,,,https://www.codingninjas.com/studio/problems/children-sum-property_8357239?utm_source=striver&utm_medium=website&utm_campaign=a_zcoursetuf,https://bit.ly/3dEr73g,https://youtu.be/fnmisPM6cVo,,,,gfg:bitly_expanded_destination_unverified
304,13,"Binary Trees [Traversals, Medium and Hard Problems]",3,Hard Problems,5,5,printllthndstdistncfkinbinrytr,Print all the Nodes at a distance of K in a Binary Tree,Medium,1,Binary Tree | Data Structures,https://leetcode.com/problems/all-nodes-distance-k-in-binary-tree/,https://www.codingninjas.com/studio/problems/print-nodes-at-distance-k-from-a-given-node_842560,https://www.geeksforgeeks.org/problems/nodes-at-given-distance-in-binary-tree/1,https://www.youtube.com/watch?v=i9ORlEy6EsI,,https://takeuforward.org/plus/dsa/problems/print-all-nodes-at-a-distance-of-k-in-bt,https://takeuforward.org/plus/dsa/problems/print-all-nodes-at-a-distance-of-k-in-bt?tab=editorial,,https://www.codingninjas.com/studio/problems/print-nodes-at-distance-k-from-a-given-node_842560?utm_source=striver&utm_medium=website&utm_campaign=a_zcoursetuf,https://bit.ly/3QytIu6,https://youtu.be/i9ORlEy6EsI,,,,gfg:bitly_expanded_destination_unverified
305,13,"Binary Trees [Traversals, Medium and Hard Problems]",3,Hard Problems,6,6,minimmtimtkntbrnthbinrytrfrmnd,Minimum time taken to BURN the Binary Tree from a Node,Hard,2,Binary Tree | Data Structures,,https://www.codingninjas.com/studio/problems/time-to-burn-tree_1469067,https://www.geeksforgeeks.org/problems/burning-tree/1,https://www.youtube.com/watch?v=2r5wLmQfD6g,,https://takeuforward.org/plus/dsa/problems/minimum-time-taken-to-burn-the-bt-from-a-given-node,https://takeuforward.org/plus/dsa/problems/minimum-time-taken-to-burn-the-bt-from-a-given-node?tab=editorial,,https://www.codingninjas.com/studio/problems/time-to-burn-tree_1469067?utm_source=striver&utm_medium=website&utm_campaign=a_zcoursetuf,https://bit.ly/3wcg7k1,https://youtu.be/2r5wLmQfD6g,,,,gfg:bitly_expanded_destination_unverified
306,13,"Binary Trees [Traversals, Medium and Hard Problems]",3,Hard Problems,7,7,cntttlndsincmpltbinrytr,Count total Nodes in a COMPLETE Binary Tree,Medium,1,Binary Tree | Data Structures,https://leetcode.com/problems/count-complete-tree-nodes/,https://www.codingninjas.com/studio/problems/nodes-in-complete-binary-tree_1281151,https://www.geeksforgeeks.org/problems/count-number-of-nodes-in-a-binary-tree/1,https://www.youtube.com/watch?v=u-yWemKGWO0,https://takeuforward.org/binary-tree/count-number-of-nodes-in-a-binary-tree/,https://takeuforward.org/plus/dsa/problems/count-total-nodes-in-a-complete-bt,https://takeuforward.org/plus/dsa/problems/count-total-nodes-in-a-complete-bt?tab=editorial,,https://www.codingninjas.com/studio/problems/nodes-in-complete-binary-tree_1281151?utm_source=striver&utm_medium=website&utm_campaign=a_zcoursetuf,https://bit.ly/3EoPFXM,https://youtu.be/u-yWemKGWO0,,,,gfg:bitly_expanded_destination_unverified
307,13,"Binary Trees [Traversals, Medium and Hard Problems]",3,Hard Problems,8,8,rqirmntsnddtcnstrctniqbinrytrthry,Requirements needed to construct a Unique Binary Tree | Theory,Medium,1,Binary Tree | Data Structures,,https://www.codingninjas.com/studio/problems/unique-binary-tree_8180906,https://www.geeksforgeeks.org/problems/unique-binary-tree-requirements/1,https://www.youtube.com/watch?v=9GMECGQgWrQ,,https://takeuforward.org/plus/dsa/problems/requirements-needed-to-construct-a-unique-bt,https://takeuforward.org/plus/dsa/problems/requirements-needed-to-construct-a-unique-bt?tab=editorial,,https://www.codingninjas.com/studio/problems/unique-binary-tree_8180906?utm_source=striver&utm_medium=website&utm_campaign=a_zcoursetuf,https://bit.ly/3UVCR1U,https://youtu.be/9GMECGQgWrQ,,,,gfg:bitly_expanded_destination_unverified
308,13,"Binary Trees [Traversals, Medium and Hard Problems]",3,Hard Problems,9,9,cnstrctbinrytrfrminrdrndprrdr,Construct Binary Tree from inorder and preorder,Hard,2,Binary Tree | Data Structures,https://leetcode.com/problems/construct-binary-tree-from-preorder-and-inorder-traversal/,https://www.codingninjas.com/studio/problems/construct-binary-tree-from-inorder-and-preorder-traversal_920539,https://www.geeksforgeeks.org/problems/construct-tree-1/1,https://www.youtube.com/watch?v=aZNaLrVebKQ,https://takeuforward.org/data-structure/construct-a-binary-tree-from-inorder-and-preorder-traversal/,https://takeuforward.org/plus/dsa/problems/construct-a-bt-from-preorder-and-inorder,https://takeuforward.org/plus/dsa/problems/construct-a-bt-from-preorder-and-inorder?tab=editorial,,https://www.codingninjas.com/studio/problems/construct-binary-tree-from-inorder-and-preorder-traversal_920539?utm_source=striver&utm_medium=website&utm_campaign=a_zcoursetuf,https://bit.ly/3AoZ4N5,https://youtu.be/aZNaLrVebKQ,,,,gfg:bitly_expanded_destination_unverified
309,13,"Binary Trees [Traversals, Medium and Hard Problems]",3,Hard Problems,10,10,cnstrctthbinrytrfrmpstrdrndinrdrtrvrsl,Construct the Binary Tree from Postorder and Inorder Traversal,Hard,2,Binary Tree | Data Structures,https://leetcode.com/problems/construct-binary-tree-from-inorder-and-postorder-traversal/,https://www.codingninjas.com/studio/problems/construct-binary-tree-from-inorder-and-postorder-traversal_1266106,https://www.geeksforgeeks.org/problems/tree-from-postorder-and-inorder/1,https://www.youtube.com/watch?v=LgLRTaEMRVc,https://takeuforward.org/data-structure/construct-binary-tree-from-inorder-and-postorder-traversal/,https://takeuforward.org/plus/dsa/problems/construct-a-bt-from-postorder-and-inorder,https://takeuforward.org/plus/dsa/problems/construct-a-bt-from-postorder-and-inorder?tab=editorial,,https://www.codingninjas.com/studio/problems/construct-binary-tree-from-inorder-and-postorder-traversal_1266106?utm_source=striver&utm_medium=website&utm_campaign=a_zcoursetuf,https://bit.ly/3wbFiTI,https://youtu.be/LgLRTaEMRVc,,,,gfg:bitly_expanded_destination_unverified
310,13,"Binary Trees [Traversals, Medium and Hard Problems]",3,Hard Problems,11,11,sriliznddsrilizbinrytr,Serialize and deserialize Binary Tree,Hard,2,Binary Tree | Data Structures,https://leetcode.com/problems/serialize-and-deserialize-binary-tree/,https://www.codingninjas.com/studio/problems/serialize-and-deserialize-binary-tree_920328,https://www.geeksforgeeks.org/problems/serialize-and-deserialize-a-binary-tree/1,https://www.youtube.com/watch?v=-YbXySKJsX8,https://takeuforward.org/data-structure/serialize-and-deserialize-a-binary-tree/,https://takeuforward.org/plus/dsa/problems/serialize-and-de-serialize-bt,https://takeuforward.org/plus/dsa/problems/serialize-and-de-serialize-bt?tab=editorial,,https://www.codingninjas.com/studio/problems/serialize-and-deserialize-binary-tree_920328?utm_source=striver&utm_medium=website&utm_campaign=a_zcoursetuf,https://bit.ly/3PqPDSE,https://youtu.be/-YbXySKJsX8,,,,gfg:bitly_expanded_destination_unverified
311,13,"Binary Trees [Traversals, Medium and Hard Problems]",3,Hard Problems,12,12,mrrisprrdrtrvrslfbinrytr,Morris Preorder Traversal of a Binary Tree,Medium,1,Binary Tree | Data Structures,https://leetcode.com/problems/binary-tree-inorder-traversal/,https://www.codingninjas.com/studio/problems/preorder-binary-tree_5948,https://www.geeksforgeeks.org/problems/preorder-traversal/1,https://www.youtube.com/watch?v=80Zug6D1_r4,https://takeuforward.org/data-structure/morris-preorder-traversal-of-a-binary-tree/,https://takeuforward.org/plus/dsa/problems/morris-preorder-traversal-,https://takeuforward.org/plus/dsa/problems/morris-preorder-traversal-?tab=editorial,,https://www.codingninjas.com/studio/problems/preorder-binary-tree_5948?utm_source=striver&utm_medium=website&utm_campaign=a_zcoursetuf,https://bit.ly/3EORTB9,https://youtu.be/80Zug6D1_r4,,,,gfg:bitly_expanded_destination_unverified
312,13,"Binary Trees [Traversals, Medium and Hard Problems]",3,Hard Problems,13,13,mrrisinrdrtrvrslfbinrytr,Morris Inorder Traversal of a Binary Tree,Medium,1,Binary Tree | Data Structures,https://leetcode.com/problems/binary-tree-inorder-traversal/,https://www.codingninjas.com/studio/problems/inorder-traversal_3839605,https://www.geeksforgeeks.org/problems/inorder-traversal/1,https://www.youtube.com/watch?v=80Zug6D1_r4,https://takeuforward.org/data-structure/morris-inorder-traversal-of-a-binary-tree/,https://takeuforward.org/plus/dsa/problems/morris-inorder-traversal-,https://takeuforward.org/plus/dsa/problems/morris-inorder-traversal-?tab=editorial,,https://www.codingninjas.com/studio/problems/inorder-traversal_3839605?utm_source=striver&utm_medium=website&utm_campaign=a_zcoursetuf,https://bit.ly/3tJQiGk,https://youtu.be/80Zug6D1_r4,,,,gfg:bitly_expanded_destination_unverified
313,13,"Binary Trees [Traversals, Medium and Hard Problems]",3,Hard Problems,14,14,flttnbinrytrtlinkdlist,Flatten Binary Tree to LinkedList,Hard,2,Binary Tree | Linked List | Data Structures,https://leetcode.com/problems/flatten-binary-tree-to-linked-list/,https://www.codingninjas.com/studio/problems/flatten-binary-tree-to-linked-list_1112615,https://www.geeksforgeeks.org/problems/flatten-binary-tree-to-linked-list/1,https://www.youtube.com/watch?v=sWf7k1x9XR4,https://takeuforward.org/data-structure/flatten-binary-tree-to-linked-list/,,,,https://www.codingninjas.com/studio/problems/flatten-binary-tree-to-linked-list_1112615?utm_source=striver&utm_medium=website&utm_campaign=a_zcoursetuf,https://bit.ly/3PFzwko,https://youtu.be/sWf7k1x9XR4,,,,gfg:bitly_expanded_destination_unverified
314,14,Binary Search Trees [Concept and Problems],1,Concepts,1,1,intrdctintbinrysrchtr,Introduction to Binary Search Tree,Easy,0,Binary Search Tree,,https://www.codingninjas.com/studio/problems/binary-search-trees_8160443,https://www.geeksforgeeks.org/problems/binary-search-trees/1,https://www.youtube.com/watch?v=p7-9UvDQZ3w,https://takeuforward.org/binary-search-tree/introduction-to-binary-search-trees/,,https://takeuforward.org/plus/dsa/problems/introduction-to-bst,,https://www.codingninjas.com/studio/problems/binary-search-trees_8160443?utm_source=striver&utm_medium=website&utm_campaign=a_zcoursetuf,https://bit.ly/3gprRLk,https://youtu.be/p7-9UvDQZ3w,,,,gfg:bitly_expanded_destination_unverified
315,14,Binary Search Trees [Concept and Problems],1,Concepts,2,2,srchinbinrysrchtr,Search in a Binary Search Tree,Easy,0,Binary Search Tree | Data Structures,https://leetcode.com/problems/search-in-a-binary-search-tree/,https://www.codingninjas.com/studio/problems/search-in-bst_1402878,https://practice.geeksforgeeks.org/problems/search-a-node-in-bst/1,https://www.youtube.com/watch?v=KcNt6v_56cc,https://takeuforward.org/data-structure/search-in-a-binary-search-tree-2/,https://takeuforward.org/plus/dsa/problems/search-in-bst,https://takeuforward.org/plus/dsa/problems/search-in-bst?tab=editorial,,https://www.codingninjas.com/studio/problems/search-in-bst_1402878?utm_source=striver&utm_medium=website&utm_campaign=a_zcoursetuf,,https://youtu.be/KcNt6v_56cc,,,,
316,14,Binary Search Trees [Concept and Problems],1,Concepts,3,3,findminmxinbst,Find Min/Max in BST,Medium,1,Binary Search Tree | Data Structures,,https://www.codingninjas.com/studio/problems/minimum-element-in-bst_8160462,https://practice.geeksforgeeks.org/problems/minimum-element-in-bst/1,,,,,,https://www.codingninjas.com/studio/problems/minimum-element-in-bst_8160462?utm_source=striver&utm_medium=website&utm_campaign=a_zcoursetuf,,,,,,
317,14,Binary Search Trees [Concept and Problems],2,Practice Problems,1,1,cilinbinrysrchtr,Ceil in a Binary Search Tree,Easy,0,Binary Search Tree | Data Structures,,https://www.codingninjas.com/studio/problems/ceil-from-bst_920464,https://practice.geeksforgeeks.org/problems/implementing-ceil-in-bst/1,https://www.youtube.com/watch?v=KSsk8AhdOZA,https://takeuforward.org/binary-search-tree/ceil-in-a-binary-search-tree/,https://takeuforward.org/plus/dsa/problems/floor-and-ceil-in-a-bst,https://takeuforward.org/plus/dsa/problems/floor-and-ceil-in-a-bst?tab=editorial,,https://www.codingninjas.com/studio/problems/ceil-from-bst_920464?utm_source=striver&utm_medium=website&utm_campaign=a_zcoursetuf,,https://youtu.be/KSsk8AhdOZA,,,,
318,14,Binary Search Trees [Concept and Problems],2,Practice Problems,2,2,flrinbinrysrchtr,Floor in a Binary Search Tree,Easy,0,Binary Search Tree | Data Structures,,https://www.codingninjas.com/codestudio/problems/floor-from-bst_625868,https://www.geeksforgeeks.org/problems/floor-in-bst/1,https://www.youtube.com/watch?v=xm_W1ub-K-w,https://takeuforward.org/binary-search-tree/floor-in-a-binary-search-tree/,https://takeuforward.org/plus/dsa/problems/floor-and-ceil-in-a-bst,https://takeuforward.org/plus/dsa/problems/floor-and-ceil-in-a-bst?tab=editorial,,https://www.codingninjas.com/codestudio/problems/floor-from-bst_625868?utm_source=striver&utm_medium=website&utm_campaign=a_zcoursetuf,https://bit.ly/3TSbXXE,https://youtu.be/xm_W1ub-K-w,,,,gfg:bitly_expanded_destination_unverified
319,14,Binary Search Trees [Concept and Problems],2,Practice Problems,3,3,insrtgivnndinbinrysrchtr,Insert a given Node in Binary Search Tree,Easy,0,Binary Search Tree | Data Structures,https://leetcode.com/problems/insert-into-a-binary-search-tree/,https://www.codingninjas.com/studio/problems/insert-into-a-binary-search-tree_1279913,https://practice.geeksforgeeks.org/problems/insert-a-node-in-a-bst/1,https://www.youtube.com/watch?v=FiFiNvM29ps,,https://takeuforward.org/plus/dsa/problems/insert-a-given-node-in-bst,https://takeuforward.org/plus/dsa/problems/insert-a-given-node-in-bst?tab=editorial,,https://www.codingninjas.com/studio/problems/insert-into-a-binary-search-tree_1279913?utm_source=striver&utm_medium=website&utm_campaign=a_zcoursetuf,,https://youtu.be/FiFiNvM29ps,,,,
320,14,Binary Search Trees [Concept and Problems],2,Practice Problems,4,4,dltndinbinrysrchtr,Delete a Node in Binary Search Tree,Medium,1,Binary Search Tree | Data Structures,https://leetcode.com/problems/delete-node-in-a-bst/,https://www.codingninjas.com/studio/problems/delete-node-in-bst_920381,https://practice.geeksforgeeks.org/problems/delete-a-node-from-bst/1,https://www.youtube.com/watch?v=kouxiP_H5WE,,https://takeuforward.org/plus/dsa/problems/delete-a-node-in-bst,https://takeuforward.org/plus/dsa/problems/delete-a-node-in-bst?tab=editorial,,https://www.codingninjas.com/studio/problems/delete-node-in-bst_920381?utm_source=striver&utm_medium=website&utm_campaign=a_zcoursetuf,,https://youtu.be/kouxiP_H5WE,,,,
321,14,Binary Search Trees [Concept and Problems],2,Practice Problems,5,5,findkthsmllstlrgstlmntinbst,Find K-th smallest/largest element in BST,Medium,1,Binary Search Tree | Data Structures,https://leetcode.com/problems/kth-smallest-element-in-a-bst/,https://www.codingninjas.com/studio/problems/kth-smallest-node-in-bst_920441,https://practice.geeksforgeeks.org/problems/find-k-th-smallest-element-in-bst/1,https://www.youtube.com/watch?v=9TJYWh0adfk,https://takeuforward.org/data-structure/kth-largest-smallest-element-in-binary-search-tree/,https://takeuforward.org/plus/dsa/problems/kth-smallest-and-largest-element-in-bst,https://takeuforward.org/plus/dsa/problems/kth-smallest-and-largest-element-in-bst?tab=editorial,,https://www.codingninjas.com/studio/problems/kth-smallest-node-in-bst_920441?utm_source=striver&utm_medium=website&utm_campaign=a_zcoursetuf,"https://practice.geeksforgeeks.org/problems/find-k-th-smallest-element-in-bst/1#:~:text=Find%20the%20Kth%20Smallest%20element%20in%20the%20BST.&text=Your%20Task%3A,such%20element%20exists%20return%20%2D1.",https://youtu.be/9TJYWh0adfk,,,,
322,14,Binary Search Trees [Concept and Problems],2,Practice Problems,6,6,chckiftrisbstrbt,Check if a tree is a BST or BT,Medium,1,Binary Tree | Data Structures,https://leetcode.com/problems/validate-binary-search-tree/,https://www.codingninjas.com/studio/problems/check-bst_5975,https://www.geeksforgeeks.org/problems/check-for-bst/1,https://www.youtube.com/watch?v=f-sj7I5oXEI,,https://takeuforward.org/plus/dsa/problems/check-if-a-tree-is-a-bst-or-not,https://takeuforward.org/plus/dsa/problems/check-if-a-tree-is-a-bst-or-not?tab=editorial,,https://www.codingninjas.com/studio/problems/check-bst_5975?utm_source=striver&utm_medium=website&utm_campaign=a_zcoursetuf,https://bit.ly/3poHDqN,https://youtu.be/f-sj7I5oXEI,,,,gfg:bitly_expanded_destination_unverified
323,14,Binary Search Trees [Concept and Problems],2,Practice Problems,7,7,lcinbinrysrchtr,LCA in Binary Search Tree,Medium,1,Binary Search Tree | Data Structures,https://leetcode.com/problems/lowest-common-ancestor-of-a-binary-search-tree/,,https://practice.geeksforgeeks.org/problems/lowest-common-ancestor-in-a-bst/1,https://www.youtube.com/watch?v=cX_kPV_foZc,,https://takeuforward.org/plus/dsa/problems/lca-in-bst,https://takeuforward.org/plus/dsa/problems/lca-in-bst?tab=editorial,,,,https://youtu.be/cX_kPV_foZc,,,,
324,14,Binary Search Trees [Concept and Problems],2,Practice Problems,8,8,cnstrctbstfrmprrdrtrvrsl,Construct a BST from a preorder traversal,Medium,1,Binary Search Tree | Data Structures,https://leetcode.com/problems/construct-binary-search-tree-from-preorder-traversal/,https://www.codingninjas.com/studio/problems/construct-bst-from-preorder-traversal_2689307,https://practice.geeksforgeeks.org/problems/preorder-to-postorder4423/1,https://www.youtube.com/watch?v=UmJT3j26t1I,,https://takeuforward.org/plus/dsa/problems/construct-a-bst-from-a-preorder-traversal,https://takeuforward.org/plus/dsa/problems/construct-a-bst-from-a-preorder-traversal?tab=editorial,,https://www.codingninjas.com/studio/problems/construct-bst-from-preorder-traversal_2689307?utm_source=striver&utm_medium=website&utm_campaign=a_zcoursetuf,,https://youtu.be/UmJT3j26t1I,,,,
325,14,Binary Search Trees [Concept and Problems],2,Practice Problems,9,9,inrdrsccssrprdcssrinbst,Inorder Successor/Predecessor in BST,Medium,1,Binary Search Tree | Data Structures,https://leetcode.com/problems/inorder-successor-in-bst/,https://www.codingninjas.com/studio/problems/predecessor-and-successor-in-bst_893049,https://practice.geeksforgeeks.org/problems/predecessor-and-successor/1,https://www.youtube.com/watch?v=SXKAD2svfmI,,https://takeuforward.org/plus/dsa/problems/inorder-successor-and-predecessor-in-bst,https://takeuforward.org/plus/dsa/problems/inorder-successor-and-predecessor-in-bst?tab=editorial,,https://www.codingninjas.com/studio/problems/predecessor-and-successor-in-bst_893049?utm_source=striver&utm_medium=website&utm_campaign=a_zcoursetuf,,https://youtu.be/SXKAD2svfmI,,,,
326,14,Binary Search Trees [Concept and Problems],2,Practice Problems,10,10,mrg2bsts,Merge 2 BST's,Hard,2,Binary Search Tree | Hashing | Data Structures,https://leetcode.com/problems/binary-search-tree-iterator/,https://www.codingninjas.com/studio/problems/merge-two-bsts_920474,https://practice.geeksforgeeks.org/problems/merge-two-bst-s/1,https://www.youtube.com/watch?v=D2jMcmxU4bs,,https://takeuforward.org/plus/dsa/problems/bst-iterator,https://takeuforward.org/plus/dsa/problems/bst-iterator?tab=editorial,,https://www.codingninjas.com/studio/problems/merge-two-bsts_920474?utm_source=striver&utm_medium=website&utm_campaign=a_zcoursetuf,,https://youtu.be/D2jMcmxU4bs,,,,
327,14,Binary Search Trees [Concept and Problems],2,Practice Problems,11,11,twsminbstchckifthrxistspirwithsmk,Two Sum In BST | Check if there exists a pair with Sum K,Medium,1,Two Pointer | Binary Search Tree | Data Structures,https://leetcode.com/problems/two-sum-iv-input-is-a-bst/,https://www.codingninjas.com/studio/problems/pair-sum-in-bst._920493,https://practice.geeksforgeeks.org/problems/find-a-pair-with-given-target-in-bst/1,https://www.youtube.com/watch?v=ssL3sHwPeb4,,https://takeuforward.org/plus/dsa/problems/two-sum-in-bst,https://takeuforward.org/plus/dsa/problems/two-sum-in-bst?tab=editorial,,https://www.codingninjas.com/studio/problems/pair-sum-in-bst._920493?utm_source=striver&utm_medium=website&utm_campaign=a_zcoursetuf,,https://youtu.be/ssL3sHwPeb4,,,,
328,14,Binary Search Trees [Concept and Problems],2,Practice Problems,12,12,rcvrbstcrrctbstwithtwndsswppd,Recover BST | Correct BST with two nodes swapped,Hard,2,Binary Search Tree | Data Structures,https://leetcode.com/problems/recover-binary-search-tree/,https://www.codingninjas.com/studio/problems/fix-bst_873137,https://www.geeksforgeeks.org/problems/fixed-two-nodes-of-a-bst/1,https://www.youtube.com/watch?v=ZWGW7FminDM,,https://takeuforward.org/plus/dsa/problems/correct-bst-with-two-nodes-swapped,https://takeuforward.org/plus/dsa/problems/correct-bst-with-two-nodes-swapped?tab=editorial,,https://www.codingninjas.com/studio/problems/fix-bst_873137?utm_source=striver&utm_medium=website&utm_campaign=a_zcoursetuf,https://bit.ly/3PBJwea,https://youtu.be/ZWGW7FminDM,,,,gfg:bitly_expanded_destination_unverified
329,14,Binary Search Trees [Concept and Problems],2,Practice Problems,13,13,lrgstbstinbinrytr,Largest BST in Binary Tree,Hard,2,Binary Search Tree | Binary Tree | Data Structures,,https://www.codingninjas.com/studio/problems/size-of-largest-bst-in-binary-tree_893103,https://practice.geeksforgeeks.org/problems/largest-bst/1,https://www.youtube.com/watch?v=X0oXMdtUDwo,,https://takeuforward.org/plus/dsa/problems/largest-bst-in-binary-tree,https://takeuforward.org/plus/dsa/problems/largest-bst-in-binary-tree?tab=editorial,,https://www.codingninjas.com/studio/problems/size-of-largest-bst-in-binary-tree_893103?utm_source=striver&utm_medium=website&utm_campaign=a_zcoursetuf,,https://youtu.be/X0oXMdtUDwo,,,,
330,15,Graphs [Concepts & Problems],1,Learning,1,1,grphndtyps,Graph and Types,Easy,0,Graph | Data Structures,,https://www.codingninjas.com/studio/problems/counting-graphs_8357237,https://www.geeksforgeeks.org/problems/graph-and-vertices/1,https://www.youtube.com/watch?v=M3_pLsDdeuU,https://takeuforward.org/graph/introduction-to-graph/,,https://takeuforward.org/plus/dsa/problems/introduction-to-graph?tab=editorial,,https://www.codingninjas.com/studio/problems/counting-graphs_8357237?utm_source=striver&utm_medium=website&utm_campaign=a_zcoursetuf,https://bit.ly/3gpY19t,https://youtu.be/M3_pLsDdeuU,,,,gfg:bitly_expanded_destination_unverified
331,15,Graphs [Concepts & Problems],1,Learning,2,2,grphrprsnttinc,Graph Representation | C++,Easy,0,Graph | Data Structures,,https://www.codingninjas.com/studio/problems/creating-and-printing_1214551,https://www.geeksforgeeks.org/problems/print-adjacency-list-1587115620/1,https://www.youtube.com/watch?v=3oI-34aPMWM,https://takeuforward.org/graph/graph-representation-in-c/,,https://takeuforward.org/plus/dsa/problems/introduction-to-graph?tab=editorial,,https://www.codingninjas.com/studio/problems/creating-and-printing_1214551?utm_source=striver&utm_medium=website&utm_campaign=a_zcoursetuf,https://bit.ly/3dGuwyv,https://youtu.be/3oI-34aPMWM,,,,gfg:bitly_expanded_destination_unverified
332,15,Graphs [Concepts & Problems],1,Learning,3,3,grphrprsnttinjv,Graph Representation | Java,Easy,0,Graph | Data Structures,,https://www.codingninjas.com/studio/problems/creating-and-printing_1214551,https://www.geeksforgeeks.org/problems/print-adjacency-list-1587115620/1,https://www.youtube.com/watch?v=3oI-34aPMWM,,,https://takeuforward.org/plus/dsa/problems/introduction-to-graph?tab=editorial,,https://www.codingninjas.com/studio/problems/creating-and-printing_1214551?utm_source=striver&utm_medium=website&utm_campaign=a_zcoursetuf,https://bit.ly/3dGuwyv,https://youtu.be/3oI-34aPMWM,,,,gfg:bitly_expanded_destination_unverified
333,15,Graphs [Concepts & Problems],1,Learning,4,4,cnnctdcmpnntslgicxplntin,Connected Components | Logic Explanation,Hard,2,Graph | Data Structures,https://leetcode.com/problems/number-of-connected-components-in-an-undirected-graph/,https://www.codingninjas.com/studio/problems/find-the-number-of-states_1377943,https://www.geeksforgeeks.org/problems/number-of-provinces/1,https://www.youtube.com/watch?v=lea-Wl_uWXY,https://takeuforward.org/graph/connected-components-in-graphs/,https://takeuforward.org/plus/dsa/problems/connected-components,https://takeuforward.org/plus/dsa/problems/connected-components?tab=editorial,,https://www.codingninjas.com/studio/problems/find-the-number-of-states_1377943?utm_source=striver&utm_medium=website&utm_campaign=a_zcoursetuf,https://bit.ly/3AxzhDG,https://youtu.be/lea-Wl_uWXY,,,,gfg:bitly_expanded_destination_unverified
334,15,Graphs [Concepts & Problems],1,Learning,5,5,bfs,BFS,Medium,1,Arrays | Graph | Data Structures,https://practice.geeksforgeeks.org/problems/bfs-traversal-of-graph/1,https://www.codingninjas.com/studio/problems/bfs-in-graph_973002,https://practice.geeksforgeeks.org/problems/bfs-traversal-of-graph/1,https://www.youtube.com/watch?v=-tgVpUgsQ5k,https://takeuforward.org/graph/breadth-first-search-bfs-level-order-traversal/,https://takeuforward.org/plus/dsa/problems/traversal-techniques,https://takeuforward.org/plus/dsa/problems/traversal-techniques?tab=editorial,,https://www.codingninjas.com/studio/problems/bfs-in-graph_973002?utm_source=striver&utm_medium=website&utm_campaign=a_zcoursetuf,https://practice.geeksforgeeks.org/problems/bfs-traversal-of-graph/1?utm_source=youtube&utm_medium=collab_striver_ytdescription&utm_campaign=bfs_of_graph,https://youtu.be/-tgVpUgsQ5k,,,,leetcode:domain_mismatch:geeksforgeeks
335,15,Graphs [Concepts & Problems],1,Learning,6,6,dfs,DFS,Hard,2,Graph | Data Structures,https://practice.geeksforgeeks.org/problems/depth-first-traversal-for-a-graph/1,https://www.codingninjas.com/studio/problems/dfs-traversal_630462,https://practice.geeksforgeeks.org/problems/depth-first-traversal-for-a-graph/1,https://www.youtube.com/watch?v=Qzf1a--rhp8,https://takeuforward.org/data-structure/depth-first-search-dfs/,https://takeuforward.org/plus/dsa/problems/traversal-techniques,https://takeuforward.org/plus/dsa/problems/traversal-techniques?tab=editorial,,https://www.codingninjas.com/studio/problems/dfs-traversal_630462?utm_source=striver&utm_medium=website&utm_campaign=a_zcoursetuf,https://practice.geeksforgeeks.org/problems/depth-first-traversal-for-a-graph/1?utm_source=youtube&utm_medium=collab_striver_ytdescription&utm_campaign=dfs_of_graph,https://youtu.be/Qzf1a--rhp8,,,,leetcode:domain_mismatch:geeksforgeeks
336,15,Graphs [Concepts & Problems],2,Problems on BFS/DFS,1,1,nmbrfprvincsltcd,Number of provinces (leetcode),Medium,1,Graph | Data Structures,https://leetcode.com/problems/number-of-provinces/,https://www.codingninjas.com/studio/problems/find-the-number-of-states_1377943,https://practice.geeksforgeeks.org/problems/number-of-provinces/1,https://www.youtube.com/watch?v=ACzkVtewUYA,https://takeuforward.org/data-structure/number-of-provinces/,https://takeuforward.org/plus/dsa/problems/number-of-provinces,https://takeuforward.org/plus/dsa/problems/number-of-provinces?tab=editorial,"https://leetcode.com/problems/number-of-provinces/#:~:text=A%20province%20is%20a%20group,the%20total%20number%20of%20provinces.",https://www.codingninjas.com/studio/problems/find-the-number-of-states_1377943?utm_source=striver&utm_medium=website&utm_campaign=a_zcoursetuf,https://practice.geeksforgeeks.org/problems/number-of-provinces/1?utm_source=youtube&utm_medium=collab_striver_ytdescription&utm_campaign=number_of_provinces,https://youtu.be/ACzkVtewUYA,,,,
337,15,Graphs [Concepts & Problems],2,Problems on BFS/DFS,2,2,cnnctdcmpnntsprblminmtrix,Connected Components Problem in Matrix,Hard,2,Graph | Data Structures,,https://www.codingninjas.com/studio/problems/find-the-number-of-states_1377943,https://www.geeksforgeeks.org/problems/number-of-provinces/1,,,,,,https://www.codingninjas.com/studio/problems/find-the-number-of-states_1377943?utm_source=striver&utm_medium=website&utm_campaign=a_zcoursetuf,https://bit.ly/3AxzhDG,,,,,gfg:bitly_expanded_destination_unverified
338,15,Graphs [Concepts & Problems],2,Problems on BFS/DFS,3,3,rttnrngs,Rotten Oranges,Medium,1,Stack | Graph | Data Structures,https://leetcode.com/problems/rotting-oranges/,https://www.codingninjas.com/studio/problems/rotting-oranges_701655,https://www.geeksforgeeks.org/problems/rotten-oranges2536/1,https://www.youtube.com/watch?v=yf3oUhkvqA0,https://takeuforward.org/data-structure/rotten-oranges-min-time-to-rot-all-oranges-bfs/,https://takeuforward.org/plus/dsa/problems/rotten-oranges,https://takeuforward.org/plus/dsa/problems/rotten-oranges?tab=editorial,,https://www.codingninjas.com/studio/problems/rotting-oranges_701655?utm_source=striver&utm_medium=website&utm_campaign=a_zcoursetuf,https://bit.ly/3R4htWb,,,,,gfg:bitly_expanded_destination_unverified
339,15,Graphs [Concepts & Problems],2,Problems on BFS/DFS,4,4,fldfill,Flood fill,Hard,2,Graph | Data Structures,https://leetcode.com/problems/flood-fill/,https://www.codingninjas.com/studio/problems/flood-fill-_1082141,https://practice.geeksforgeeks.org/problems/flood-fill-algorithm1856/1,https://www.youtube.com/watch?v=C-2_uSRli8o,https://takeuforward.org/graph/flood-fill-algorithm-graphs/,https://takeuforward.org/plus/dsa/problems/flood-fill-algorithm,https://takeuforward.org/plus/dsa/problems/flood-fill-algorithm?tab=editorial,,https://www.codingninjas.com/studio/problems/flood-fill-_1082141?utm_source=striver&utm_medium=website&utm_campaign=a_zcoursetuf,https://practice.geeksforgeeks.org/problems/flood-fill-algorithm1856/1?utm_source=youtube&utm_medium=collab_striver_ytdescription&utm_campaign=flood-fill-algorithm,https://youtu.be/C-2_uSRli8o,,,,
340,15,Graphs [Concepts & Problems],2,Problems on BFS/DFS,5,5,cycldtctininnirctdgrphbfs,Cycle Detection in unirected Graph (bfs),Hard,2,Graph | Data Structures,,https://www.codingninjas.com/studio/problems/detect-cycle-in-an-undirected-graph-_758967,https://practice.geeksforgeeks.org/problems/detect-cycle-in-an-undirected-graph/1,https://www.youtube.com/watch?v=BPlrALf1LDU,https://takeuforward.org/data-structure/detect-cycle-in-an-undirected-graph-using-bfs/,https://takeuforward.org/plus/dsa/problems/detect-a-cycle-in-an-undirected-graph,https://takeuforward.org/plus/dsa/problems/detect-a-cycle-in-an-undirected-graph?tab=editorial,,https://www.codingninjas.com/studio/problems/detect-cycle-in-an-undirected-graph-_758967?utm_source=striver&utm_medium=website&utm_campaign=a_zcoursetuf,https://practice.geeksforgeeks.org/problems/detect-cycle-in-an-undirected-graph/1?utm_source=youtube&utm_medium=collab_striver_ytdescription&utm_campaign=detect-cycle-in-an-undirected-graph,https://youtu.be/BPlrALf1LDU,,,,
341,15,Graphs [Concepts & Problems],2,Problems on BFS/DFS,6,6,cycldtctininndirctdgrphdfs,Cycle Detection in undirected Graph (dfs),Hard,2,Data Structures | Graph,,https://www.codingninjas.com/studio/problems/detect-cycle-in-an-undirected-graph-_758967,https://practice.geeksforgeeks.org/problems/detect-cycle-in-an-undirected-graph/1,https://www.youtube.com/watch?v=zQ3zgFypzX4,https://takeuforward.org/data-structure/detect-cycle-in-an-undirected-graph-using-dfs/,https://takeuforward.org/plus/dsa/problems/detect-a-cycle-in-an-undirected-graph,https://takeuforward.org/plus/dsa/problems/detect-a-cycle-in-an-undirected-graph?tab=editorial,,https://www.codingninjas.com/studio/problems/detect-cycle-in-an-undirected-graph-_758967?utm_source=striver&utm_medium=website&utm_campaign=a_zcoursetuf,https://practice.geeksforgeeks.org/problems/detect-cycle-in-an-undirected-graph/1?utm_source=youtube&utm_medium=collab_striver_ytdescription&utm_campaign=detect-cycle-in-an-undirected-graph,https://youtu.be/zQ3zgFypzX4,,,,
342,15,Graphs [Concepts & Problems],2,Problems on BFS/DFS,7,7,01mtrixbfsprblm,0/1 Matrix (Bfs Problem),Medium,1,Arrays | Graph | Data Structures,https://leetcode.com/problems/01-matrix/,https://www.codingninjas.com/studio/problems/distance-of-nearest-cell-having-1-in-a-binary-matrix_1169913,https://practice.geeksforgeeks.org/problems/distance-of-nearest-cell-having-1-1587115620/1,https://www.youtube.com/watch?v=edXdVwkYHF8,https://takeuforward.org/graph/distance-of-nearest-cell-having-1/,https://takeuforward.org/plus/dsa/problems/distance-of-nearest-cell-having-one,https://takeuforward.org/plus/dsa/problems/distance-of-nearest-cell-having-one?tab=editorial,,https://www.codingninjas.com/studio/problems/distance-of-nearest-cell-having-1-in-a-binary-matrix_1169913?utm_source=striver&utm_medium=website&utm_campaign=a_zcoursetuf,,https://youtu.be/edXdVwkYHF8,,,,
343,15,Graphs [Concepts & Problems],2,Problems on BFS/DFS,8,8,srrnddrginsdfs,Surrounded Regions (dfs),Hard,2,Graph | Data Structures,https://leetcode.com/problems/surrounded-regions/,https://www.codingninjas.com/studio/problems/replace-‘o’-with-‘x’_630517,https://www.geeksforgeeks.org/problems/replace-os-with-xs0052/1,https://www.youtube.com/watch?v=BtdgAys4yMk,https://takeuforward.org/graph/surrounded-regions-replace-os-with-xs/,https://takeuforward.org/plus/dsa/problems/surrounded-regions,https://takeuforward.org/plus/dsa/problems/surrounded-regions?tab=editorial,,https://www.codingninjas.com/studio/problems/replace-‘o’-with-‘x’_630517?utm_source=striver&utm_medium=website&utm_campaign=a_zcoursetuf,https://bit.ly/3T3oDLR,https://youtu.be/BtdgAys4yMk,,,,gfg:bitly_expanded_destination_unverified
344,15,Graphs [Concepts & Problems],2,Problems on BFS/DFS,9,9,nmbrfnclvsfldfillimplmnttinmltisrc,Number of Enclaves [flood fill implementation - multisource],Hard,2,Graph | Data Structures,https://leetcode.com/problems/number-of-enclaves/,https://www.codingninjas.com/studio/problems/matrix-traps_8365440,https://practice.geeksforgeeks.org/problems/number-of-enclaves/1,https://www.youtube.com/watch?v=rxKcepXQgU4,https://takeuforward.org/graph/number-of-enclaves/,https://takeuforward.org/plus/dsa/problems/number-of-enclaves,https://takeuforward.org/plus/dsa/problems/number-of-enclaves?tab=editorial,,https://www.codingninjas.com/studio/problems/matrix-traps_8365440?utm_source=striver&utm_medium=website&utm_campaign=a_zcoursetuf,,https://youtu.be/rxKcepXQgU4,,,,
345,15,Graphs [Concepts & Problems],2,Problems on BFS/DFS,10,10,wrdlddr1,Word ladder - 1,Hard,2,Hashing | Data Structures | String,https://leetcode.com/problems/word-ladder/,https://www.codingninjas.com/studio/problems/word-ladder_1102319,https://practice.geeksforgeeks.org/problems/word-ladder/1,https://www.youtube.com/watch?v=tRPda0rcf8E,https://takeuforward.org/graph/word-ladder-i-g-29/,https://takeuforward.org/plus/dsa/problems/word-ladder-i,https://takeuforward.org/plus/dsa/problems/word-ladder-i?tab=editorial,,https://www.codingninjas.com/studio/problems/word-ladder_1102319?utm_source=striver&utm_medium=website&utm_campaign=a_zcoursetuf,,https://youtu.be/tRPda0rcf8E,,,,
346,15,Graphs [Concepts & Problems],2,Problems on BFS/DFS,11,11,wrdlddr2,Word ladder - 2,Hard,2,Hashing | String | Data Structures,https://leetcode.com/problems/word-ladder-ii/,https://www.codingninjas.com/codestudio/problems/shortest-transition-paths_8391015,https://practice.geeksforgeeks.org/problems/word-ladder-ii/1,https://www.youtube.com/watch?v=tRPda0rcf8E,https://takeuforward.org/graph/g-30-word-ladder-ii/,https://takeuforward.org/plus/dsa/problems/word-ladder-ii,https://takeuforward.org/plus/dsa/problems/word-ladder-ii?tab=editorial,,https://www.codingninjas.com/codestudio/problems/shortest-transition-paths_8391015?utm_source=striver&utm_medium=website&utm_campaign=a_zcoursetuf,,https://youtu.be/tRPda0rcf8E,,,,
347,15,Graphs [Concepts & Problems],2,Problems on BFS/DFS,12,12,nmbrfdistinctislndsdfsmltisrc,Number of Distinct Islands [dfs multisource],Hard,2,Graph | Data Structures,https://leetcode.com/problems/number-of-distinct-islands-ii/,https://www.codingninjas.com/studio/problems/distinct-islands_630460,https://practice.geeksforgeeks.org/problems/number-of-distinct-islands/1,https://www.youtube.com/watch?v=muncqlKJrH0,https://takeuforward.org/data-structure/number-of-islands/,https://takeuforward.org/plus/dsa/problems/number-of-distinct-islands,https://takeuforward.org/plus/dsa/problems/number-of-distinct-islands?tab=editorial,,https://www.codingninjas.com/studio/problems/distinct-islands_630460?utm_source=striver&utm_medium=website&utm_campaign=a_zcoursetuf,,https://youtu.be/muncqlKJrH0,,,,
348,15,Graphs [Concepts & Problems],2,Problems on BFS/DFS,13,13,biprtitgrphdfs,Bipartite Graph (DFS),Medium,1,Arrays | Graph | Data Structures,https://leetcode.com/problems/is-graph-bipartite/,https://www.codingninjas.com/studio/problems/check-bipartite-graph-_920551,https://practice.geeksforgeeks.org/problems/bipartite-graph/1,https://www.youtube.com/watch?v=KG5YFfR0j8A,https://takeuforward.org/graph/bipartite-graph-dfs-implementation/,https://takeuforward.org/plus/dsa/problems/bipartite-graph,https://takeuforward.org/plus/dsa/problems/bipartite-graph?tab=editorial,,https://www.codingninjas.com/studio/problems/check-bipartite-graph-_920551?utm_source=striver&utm_medium=website&utm_campaign=a_zcoursetuf,,https://youtu.be/KG5YFfR0j8A,,,,
349,15,Graphs [Concepts & Problems],2,Problems on BFS/DFS,14,14,cycldtctinindirctdgrphdfs,Cycle Detection in Directed Graph (DFS),Hard,2,Data Structures | Graph,https://leetcode.com/problems/course-schedule-ii/discuss/293048/detecting-cycle-in-directed-graph-problem,https://www.codingninjas.com/studio/problems/detect-cycle-in-a-directed-graph-_920545,https://practice.geeksforgeeks.org/problems/detect-cycle-in-a-directed-graph/1,https://www.youtube.com/watch?v=9twcmtQj4DU,https://takeuforward.org/data-structure/detect-cycle-in-a-directed-graph-using-dfs-g-19/,https://takeuforward.org/plus/dsa/problems/detect-a-cycle-in-a-directed-graph,https://takeuforward.org/plus/dsa/problems/detect-a-cycle-in-a-directed-graph?tab=editorial,,https://www.codingninjas.com/studio/problems/detect-cycle-in-a-directed-graph-_920545?utm_source=striver&utm_medium=website&utm_campaign=a_zcoursetuf,,https://youtu.be/9twcmtQj4DU,,,,
350,15,Graphs [Concepts & Problems],3,Topo Sort and Problems,1,1,tpsrt,Topo Sort,Hard,2,Graph | Data Structures,,https://www.codingninjas.com/studio/problems/topological-sorting_973003,https://practice.geeksforgeeks.org/problems/topological-sort/1,https://www.youtube.com/watch?v=5lZ0iJMrUMk,https://takeuforward.org/data-structure/topological-sort-algorithm-dfs-g-21/,https://takeuforward.org/plus/dsa/problems/topological-sort-or-kahns-algorithm,https://takeuforward.org/plus/dsa/problems/topological-sort-or-kahns-algorithm?tab=editorial,,https://www.codingninjas.com/studio/problems/topological-sorting_973003?utm_source=striver&utm_medium=website&utm_campaign=a_zcoursetuf,,https://youtu.be/5lZ0iJMrUMk,,,,
351,15,Graphs [Concepts & Problems],3,Topo Sort and Problems,2,2,khnslgrithm,Kahn's Algorithm,Hard,2,Graph | Data Structures,,https://www.codingninjas.com/studio/problems/topological-sorting_973003,https://www.geeksforgeeks.org/problems/topological-sort/1,https://www.youtube.com/watch?v=73sneFXuTEg,https://takeuforward.org/data-structure/kahns-algorithm-topological-sort-algorithm-bfs-g-22/,https://takeuforward.org/plus/dsa/problems/topological-sort-or-kahns-algorithm,https://takeuforward.org/plus/dsa/problems/topological-sort-or-kahns-algorithm?tab=editorial,,https://www.codingninjas.com/studio/problems/topological-sorting_973003?utm_source=striver&utm_medium=website&utm_campaign=a_zcoursetuf,https://bit.ly/3c690mm,https://youtu.be/73sneFXuTEg,,,,gfg:bitly_expanded_destination_unverified
352,15,Graphs [Concepts & Problems],3,Topo Sort and Problems,3,3,cycldtctinindirctdgrphbfs,Cycle Detection in Directed Graph (BFS),Hard,2,Data Structures | Graph,,https://www.codingninjas.com/studio/problems/detect-cycle-in-a-directed-graph_1062626,https://practice.geeksforgeeks.org/problems/detect-cycle-in-a-directed-graph/1,https://www.youtube.com/watch?v=iTBaI90lpDQ,,https://takeuforward.org/plus/dsa/problems/detect-a-cycle-in-a-directed-graph,https://takeuforward.org/plus/dsa/problems/detect-a-cycle-in-a-directed-graph?tab=editorial,,https://www.codingninjas.com/studio/problems/detect-cycle-in-a-directed-graph_1062626?utm_source=striver&utm_medium=website&utm_campaign=a_zcoursetuf,,https://youtu.be/iTBaI90lpDQ,,,,
353,15,Graphs [Concepts & Problems],3,Topo Sort and Problems,4,4,crsschdli,Course Schedule - I,Hard,2,Graph | Data Structures,https://leetcode.com/problems/course-schedule/,https://www.codingninjas.com/studio/problems/course-schedule-ii_1069243,https://practice.geeksforgeeks.org/problems/course-schedule/1,https://www.youtube.com/watch?v=WAOfKpxYHR8,https://takeuforward.org/data-structure/course-schedule-i-and-ii-pre-requisite-tasks-topological-sort-g-24/,https://takeuforward.org/plus/dsa/problems/course-schedule-i,https://takeuforward.org/plus/dsa/problems/course-schedule-i?tab=editorial,,https://www.codingninjas.com/studio/problems/course-schedule-ii_1069243?utm_source=striver&utm_medium=website&utm_campaign=a_zcoursetuf,,https://youtu.be/WAOfKpxYHR8,,,,
354,15,Graphs [Concepts & Problems],3,Topo Sort and Problems,5,5,crsschdlii,Course Schedule - II,Hard,2,Graph | Data Structures,https://leetcode.com/problems/course-schedule-ii/,https://www.codingninjas.com/studio/problems/course-schedule-ii_1069243,https://www.geeksforgeeks.org/problems/course-schedule/1,https://www.youtube.com/watch?v=WAOfKpxYHR8,https://takeuforward.org/data-structure/course-schedule-i-and-ii-pre-requisite-tasks-topological-sort-g-24/,https://takeuforward.org/plus/dsa/problems/course-schedule-ii,https://takeuforward.org/plus/dsa/problems/course-schedule-ii?tab=editorial,,https://www.codingninjas.com/studio/problems/course-schedule-ii_1069243?utm_source=striver&utm_medium=website&utm_campaign=a_zcoursetuf,https://bit.ly/3w8ZBBl,https://youtu.be/WAOfKpxYHR8,,,,gfg:bitly_expanded_destination_unverified
355,15,Graphs [Concepts & Problems],3,Topo Sort and Problems,6,6,findvntlsfstts,Find eventual safe states,Hard,2,Graph | Data Structures,https://leetcode.com/problems/find-eventual-safe-states/,https://www.codingninjas.com/studio/problems/safe-nodes-in-the-graph_1376703,https://practice.geeksforgeeks.org/problems/eventual-safe-states/1,https://www.youtube.com/watch?v=2gtg3VsDGyc,https://takeuforward.org/data-structure/find-eventual-safe-states-bfs-topological-sort-g-25/,https://takeuforward.org/plus/dsa/problems/find-eventual-safe-states,https://takeuforward.org/plus/dsa/problems/find-eventual-safe-states?tab=editorial,,https://www.codingninjas.com/studio/problems/safe-nodes-in-the-graph_1376703?utm_source=striver&utm_medium=website&utm_campaign=a_zcoursetuf,,https://youtu.be/2gtg3VsDGyc,,,,
356,15,Graphs [Concepts & Problems],3,Topo Sort and Problems,7,7,lindictinry,Alien dictionary,Hard,2,String | Data Structures,https://leetcode.com/problems/alien-dictionary/solution/,https://www.codingninjas.com/studio/problems/alien-dictionary_630423,https://practice.geeksforgeeks.org/problems/alien-dictionary/1,https://www.youtube.com/watch?v=U3N_je7tWAs,https://takeuforward.org/data-structure/alien-dictionary-topological-sort-g-26/,https://takeuforward.org/plus/dsa/problems/alient-dictionary,https://takeuforward.org/plus/dsa/problems/alient-dictionary?tab=editorial,,https://www.codingninjas.com/studio/problems/alien-dictionary_630423?utm_source=striver&utm_medium=website&utm_campaign=a_zcoursetuf,,https://youtu.be/U3N_je7tWAs,,,,
357,15,Graphs [Concepts & Problems],4,Shortest Path Algorithms and Problems,1,1,shrtstpthingwithnitwights,Shortest Path in UG with unit weights,Hard,2,Graph | Data Structures,,https://www.codingninjas.com/codestudio/problems/single-source-shortest-path_8416371,https://www.geeksforgeeks.org/problems/shortest-path-in-undirected-graph-having-unit-distance/1,https://www.youtube.com/watch?v=C4gxoTaI71U,https://takeuforward.org/data-structure/shortest-path-in-undirected-graph-with-unit-distance-g-28/,https://takeuforward.org/plus/dsa/problems/shortest-path-in-undirected-graph-with-unit-weights,https://takeuforward.org/plus/dsa/problems/shortest-path-in-undirected-graph-with-unit-weights?tab=editorial,,https://www.codingninjas.com/codestudio/problems/single-source-shortest-path_8416371?utm_source=striver&utm_medium=website&utm_campaign=a_zcoursetuf,https://bit.ly/3UVQD4C,https://www.youtube.com/watch?v=C4gxoTaI71U&list=PLgUwDviBIf0oE3gA41TKO2H5bHpPd7fzn&index=28,,,,gfg:bitly_expanded_destination_unverified
358,15,Graphs [Concepts & Problems],4,Shortest Path Algorithms and Problems,2,2,shrtstpthindg,Shortest Path in DAG,Hard,2,Graph | Data Structures,,https://www.codingninjas.com/codestudio/problems/shortest-path-in-dag_8381897,https://www.geeksforgeeks.org/problems/shortest-path-in-undirected-graph/1,https://www.youtube.com/watch?v=ZUFQfFaU-8U,https://takeuforward.org/data-structure/shortest-path-in-directed-acyclic-graph-topological-sort-g-27/,https://takeuforward.org/plus/dsa/problems/shortest-path-in-dag,https://takeuforward.org/plus/dsa/problems/shortest-path-in-dag?tab=editorial,,https://www.codingninjas.com/codestudio/problems/shortest-path-in-dag_8381897?utm_source=striver&utm_medium=website&utm_campaign=a_zcoursetuf,https://bit.ly/3Eo1mhq,https://www.youtube.com/watch?v=ZUFQfFaU-8U&list=PLgUwDviBIf0oE3gA41TKO2H5bHpPd7fzn&index=27,,,,gfg:bitly_expanded_destination_unverified
359,15,Graphs [Concepts & Problems],4,Shortest Path Algorithms and Problems,3,3,djisktrslgrithm,Djisktra's Algorithm,Hard,2,Graph | Data Structures,,https://www.codingninjas.com/studio/problems/dijkstra's-shortest-path_985358,https://practice.geeksforgeeks.org/problems/implementing-dijkstra-set-1-adjacency-matrix/1,https://www.youtube.com/watch?v=rp1SMw7HSO8,https://takeuforward.org/data-structure/dijkstras-algorithm-using-set-g-33/,https://takeuforward.org/plus/dsa/problems/dijkstra's-algorithm,https://takeuforward.org/plus/dsa/problems/dijkstra's-algorithm?tab=editorial,,https://www.codingninjas.com/studio/problems/dijkstra's-shortest-path_985358?utm_source=striver&utm_medium=website&utm_campaign=a_zcoursetuf,,https://www.youtube.com/watch?v=rp1SMw7HSO8&list=PLgUwDviBIf0oE3gA41TKO2H5bHpPd7fzn&index=35,,,,
360,15,Graphs [Concepts & Problems],4,Shortest Path Algorithms and Problems,4,4,whyprirityqissdindjisktrslgrithm,Why priority Queue is used in Djisktra's Algorithm,Medium,1,Graph | Data Structures,,https://www.codingninjas.com/studio/problems/dijkstra's-shortest-path_985358,https://www.geeksforgeeks.org/problems/implementing-dijkstra-set-1-adjacency-matrix/1,https://www.youtube.com/watch?v=rp1SMw7HSO8,https://takeuforward.org/data-structure/dijkstras-algorithm-using-priority-queue-g-32/,https://takeuforward.org/plus/dsa/problems/dijkstra's-algorithm,https://takeuforward.org/plus/dsa/problems/dijkstra's-algorithm?tab=editorial,,https://www.codingninjas.com/studio/problems/dijkstra's-shortest-path_985358?utm_source=striver&utm_medium=website&utm_campaign=a_zcoursetuf,https://bit.ly/3Et6alk,https://www.youtube.com/watch?v=rp1SMw7HSO8&list=PLgUwDviBIf0oE3gA41TKO2H5bHpPd7fzn&index=35,,,,gfg:bitly_expanded_destination_unverified
361,15,Graphs [Concepts & Problems],4,Shortest Path Algorithms and Problems,5,5,shrtstpthinbinrymz,Shortest path in a binary maze,Medium,1,Arrays | Graph | Data Structures,https://leetcode.com/problems/shortest-path-in-binary-matrix/,https://www.codingninjas.com/studio/problems/shortest-path-in-a-binary-maze_893065,https://www.geeksforgeeks.org/problems/shortest-path-in-a-binary-maze-1655453161/1,https://www.youtube.com/watch?v=U5Mw4eyUmw4,https://takeuforward.org/data-structure/g-36-shortest-distance-in-a-binary-maze/,https://takeuforward.org/plus/dsa/problems/shortest-path-with-minimum-effort,https://takeuforward.org/plus/dsa/problems/shortest-path-with-minimum-effort?tab=editorial,,https://www.codingninjas.com/studio/problems/shortest-path-in-a-binary-maze_893065?utm_source=striver&utm_medium=website&utm_campaign=a_zcoursetuf,https://bit.ly/3ArrkzD,https://www.youtube.com/watch?v=U5Mw4eyUmw4&list=PLgUwDviBIf0oE3gA41TKO2H5bHpPd7fzn&index=36,,,,gfg:bitly_expanded_destination_unverified
362,15,Graphs [Concepts & Problems],4,Shortest Path Algorithms and Problems,6,6,pthwithminimmffrt,Path with minimum effort,Medium,1,Arrays | Binary Search | Heap | Graph | Data Structures,https://leetcode.com/problems/path-with-minimum-effort/,https://www.codingninjas.com/studio/problems/path-with-minimum-effort_1380958,https://www.geeksforgeeks.org/problems/path-with-minimum-effort/1,https://www.youtube.com/watch?v=0ytpZyiZFhA,https://takeuforward.org/data-structure/g-37-path-with-minimum-effort/,https://takeuforward.org/plus/dsa/problems/path-with-minimum-effort,https://takeuforward.org/plus/dsa/problems/path-with-minimum-effort?tab=editorial,,https://www.codingninjas.com/studio/problems/path-with-minimum-effort_1380958?utm_source=striver&utm_medium=website&utm_campaign=a_zcoursetuf,https://bit.ly/3OpIfbh,https://youtu.be/0ytpZyiZFhA,,,,gfg:bitly_expanded_destination_unverified
363,15,Graphs [Concepts & Problems],4,Shortest Path Algorithms and Problems,7,7,chpstflightswithinkstps,Cheapest flights within k stops,Hard,2,Graph | Data Structures,https://leetcode.com/problems/cheapest-flights-within-k-stops/,https://www.codingninjas.com/studio/problems/saving-money_1171195,https://www.geeksforgeeks.org/problems/cheapest-flights-within-k-stops/1,https://www.youtube.com/watch?v=9XybHVqTHcQ,https://takeuforward.org/data-structure/g-38-cheapest-flights-within-k-stops/,https://takeuforward.org/plus/dsa/problems/cheapest-flight-within-k-stops,https://takeuforward.org/plus/dsa/problems/cheapest-flight-within-k-stops?tab=editorial,,https://www.codingninjas.com/studio/problems/saving-money_1171195?utm_source=striver&utm_medium=website&utm_campaign=a_zcoursetuf,https://bit.ly/3OnPWi4,https://youtu.be/9XybHVqTHcQ,,,,gfg:bitly_expanded_destination_unverified
364,15,Graphs [Concepts & Problems],4,Shortest Path Algorithms and Problems,8,8,ntwrkdlytim,Network Delay time,Medium,1,Graph | Data Structures,https://leetcode.com/problems/network-delay-time/,https://www.codingninjas.com/studio/problems/network-delay-time_1382215,https://www.geeksforgeeks.org/problems/alex-travelling/1,,,,,,https://www.codingninjas.com/studio/problems/network-delay-time_1382215?utm_source=striver&utm_medium=website&utm_campaign=a_zcoursetuf,https://bit.ly/3pr6ObZ,,,,,gfg:bitly_expanded_destination_unverified
365,15,Graphs [Concepts & Problems],4,Shortest Path Algorithms and Problems,9,9,nmbrfwystrrivtdstintin,Number of ways to arrive at destination,Medium,1,Graph | Data Structures,https://leetcode.com/problems/number-of-ways-to-arrive-at-destination/,https://www.codingninjas.com/studio/problems/number-of-ways_8360639,https://practice.geeksforgeeks.org/problems/number-of-ways-to-arrive-at-destination/1,https://www.youtube.com/watch?v=_-0mx0SmYxA,https://takeuforward.org/data-structure/g-40-number-of-ways-to-arrive-at-destination/,https://takeuforward.org/plus/dsa/problems/number-of-ways-to-arrive-at-destination,https://takeuforward.org/plus/dsa/problems/number-of-ways-to-arrive-at-destination?tab=editorial,,https://www.codingninjas.com/studio/problems/number-of-ways_8360639?utm_source=striver&utm_medium=website&utm_campaign=a_zcoursetuf,,https://youtu.be/_-0mx0SmYxA,,,,
366,15,Graphs [Concepts & Problems],4,Shortest Path Algorithms and Problems,10,10,minimmstpstrchndfrmstrtbyprfrmingmltiplictinndmdprtinswithrrylmnts,Minimum steps to reach end from start by performing multiplication and mod operations with array elements,Hard,2,Graph | Data Structures,,https://www.codingninjas.com/studio/problems/minimum-operations_8360665,https://www.geeksforgeeks.org/problems/minimum-multiplications-to-reach-end/1,https://www.youtube.com/watch?v=_BvEJ3VIDWw,https://takeuforward.org/graph/g-39-minimum-multiplications-to-reach-end/,https://takeuforward.org/plus/dsa/problems/minimum-multiplications-to-reach-end,https://takeuforward.org/plus/dsa/problems/minimum-multiplications-to-reach-end?tab=editorial,,https://www.codingninjas.com/studio/problems/minimum-operations_8360665?utm_source=striver&utm_medium=website&utm_campaign=a_zcoursetuf,https://bit.ly/3QAEsrY,https://www.youtube.com/watch?v=_BvEJ3VIDWw&list=PLgUwDviBIf0oE3gA41TKO2H5bHpPd7fzn&index=39,,,,gfg:bitly_expanded_destination_unverified
367,15,Graphs [Concepts & Problems],4,Shortest Path Algorithms and Problems,11,11,bllmnfrdlgrithm,Bellman Ford Algorithm,Hard,2,Graph | Data Structures,,https://www.codingninjas.com/studio/problems/bellman-ford_2041977,https://practice.geeksforgeeks.org/problems/distance-from-the-source-bellman-ford-algorithm/1,https://www.youtube.com/watch?v=0vVofAhAYjc,https://takeuforward.org/data-structure/bellman-ford-algorithm-g-41/,https://takeuforward.org/plus/dsa/problems/bellman-ford-algorithm,https://takeuforward.org/plus/dsa/problems/bellman-ford-algorithm?tab=editorial,,https://www.codingninjas.com/studio/problems/bellman-ford_2041977?utm_source=striver&utm_medium=website&utm_campaign=a_zcoursetuf,,https://youtu.be/0vVofAhAYjc,,,,
368,15,Graphs [Concepts & Problems],4,Shortest Path Algorithms and Problems,12,12,flydwrshllgrithm,Floyd Warshal Algorithm,Hard,2,Graph | Data Structures,,https://www.codingninjas.com/studio/problems/floyd-warshall_2041979,https://practice.geeksforgeeks.org/problems/implementing-floyd-warshall2042/1,https://www.youtube.com/watch?v=YbY8cVwWAvw,https://takeuforward.org/data-structure/floyd-warshall-algorithm-g-42/,https://takeuforward.org/plus/dsa/problems/floyd-warshall-algorithm,https://takeuforward.org/plus/dsa/problems/floyd-warshall-algorithm?tab=editorial,,https://www.codingninjas.com/studio/problems/floyd-warshall_2041979?utm_source=striver&utm_medium=website&utm_campaign=a_zcoursetuf,,https://youtu.be/YbY8cVwWAvw,,,,
369,15,Graphs [Concepts & Problems],4,Shortest Path Algorithms and Problems,13,13,findthcitywiththsmllstnmbrfnighbrsinthrshlddistnc,Find the city with the smallest number of neighbors in a threshold distance,Hard,2,Graph | Data Structures,https://leetcode.com/problems/find-the-city-with-the-smallest-number-of-neighbors-at-a-threshold-distance/,https://www.codingninjas.com/studio/problems/find-the-city-with-the-smallest-number-of-neighbors-at-a-threshold-distance_1264289,https://practice.geeksforgeeks.org/problems/city-with-the-smallest-number-of-neighbors-at-a-threshold-distance/0/,https://www.youtube.com/watch?v=9XybHVqTHcQ,https://takeuforward.org/data-structure/find-the-city-with-the-smallest-number-of-neighbours-at-a-threshold-distance-g-43/,https://takeuforward.org/plus/dsa/problems/find-the-city-with-the-smallest-number-of-neighbors,https://takeuforward.org/plus/dsa/problems/find-the-city-with-the-smallest-number-of-neighbors?tab=editorial,,https://www.codingninjas.com/studio/problems/find-the-city-with-the-smallest-number-of-neighbors-at-a-threshold-distance_1264289?utm_source=striver&utm_medium=website&utm_campaign=a_zcoursetuf,https://practice.geeksforgeeks.org/problems/city-with-the-smallest-number-of-neighbors-at-a-threshold-distance/0/?category[]=Shortest%20Path&category[]=Shortest%20Path&page=1&query=category[]Shortest%20Pathpage1category[]Shortest%20Path,https://youtu.be/9XybHVqTHcQ,,,,
370,15,Graphs [Concepts & Problems],5,MinimumSpanningTree/Disjoint Set and Problems,1,1,minimmspnningtr,Minimum Spanning Tree,Hard,2,Graph | Data Structures,,https://www.codingninjas.com/studio/problems/minimum-spanning-tree_631769,https://practice.geeksforgeeks.org/problems/minimum-spanning-tree/1,https://www.youtube.com/watch?v=ZSPjZuZWCME,https://takeuforward.org/data-structure/minimum-spanning-tree-theory-g-44/,https://takeuforward.org/plus/dsa/problems/mst-theory,https://takeuforward.org/plus/dsa/problems/mst-theory?tab=editorial,,https://www.codingninjas.com/studio/problems/minimum-spanning-tree_631769?utm_source=striver&utm_medium=website&utm_campaign=a_zcoursetuf,,https://youtu.be/ZSPjZuZWCME,,,,
371,15,Graphs [Concepts & Problems],5,MinimumSpanningTree/Disjoint Set and Problems,2,2,primslgrithm,Prim's Algorithm,Hard,2,Graph | Data Structures,,https://www.codingninjas.com/studio/problems/minimum-spanning-tree_631769,https://practice.geeksforgeeks.org/problems/minimum-spanning-tree/1,https://www.youtube.com/watch?v=mJcZjjKzeqk,https://takeuforward.org/data-structure/prims-algorithm-minimum-spanning-tree-c-and-java-g-45/,https://takeuforward.org/plus/dsa/problems/find-the-mst-weight,https://takeuforward.org/plus/dsa/problems/find-the-mst-weight?tab=editorial,,https://www.codingninjas.com/studio/problems/minimum-spanning-tree_631769?utm_source=striver&utm_medium=website&utm_campaign=a_zcoursetuf,,https://youtu.be/mJcZjjKzeqk,,,,
372,15,Graphs [Concepts & Problems],5,MinimumSpanningTree/Disjoint Set and Problems,3,3,disjintstninbyrnk,Disjoint Set [Union by Rank],Hard,2,Graph | Data Structures,,https://www.codingninjas.com/studio/problems/data-stream-as-disjoint-intervals_1382362,https://www.geeksforgeeks.org/problems/disjoint-set-union-find/1,https://www.youtube.com/watch?v=aBxjDBC4M1U,https://takeuforward.org/data-structure/disjoint-set-union-by-rank-union-by-size-path-compression-g-46/,https://takeuforward.org/plus/dsa/problems/disjoint-set-,https://takeuforward.org/plus/dsa/problems/disjoint-set-?tab=editorial,,https://www.codingninjas.com/studio/problems/data-stream-as-disjoint-intervals_1382362?utm_source=striver&utm_medium=website&utm_campaign=a_zcoursetuf,https://bit.ly/3QSGvHz,https://youtu.be/aBxjDBC4M1U,,,,gfg:bitly_expanded_destination_unverified
373,15,Graphs [Concepts & Problems],5,MinimumSpanningTree/Disjoint Set and Problems,4,4,disjintstninbysiz,Disjoint Set [Union by Size],Hard,2,Graph | Data Structures,,https://www.codingninjas.com/studio/problems/data-stream-as-disjoint-intervals_1382362,https://www.geeksforgeeks.org/problems/disjoint-set-union-find/1,https://www.youtube.com/watch?v=aBxjDBC4M1U,https://takeuforward.org/data-structure/disjoint-set-union-by-rank-union-by-size-path-compression-g-46/,https://takeuforward.org/plus/dsa/problems/disjoint-set-,https://takeuforward.org/plus/dsa/problems/disjoint-set-?tab=editorial,,https://www.codingninjas.com/studio/problems/data-stream-as-disjoint-intervals_1382362?utm_source=striver&utm_medium=website&utm_campaign=a_zcoursetuf,https://bit.ly/3QSGvHz,https://youtu.be/aBxjDBC4M1U,,,,gfg:bitly_expanded_destination_unverified
374,15,Graphs [Concepts & Problems],5,MinimumSpanningTree/Disjoint Set and Problems,5,5,krsklslgrithm,Kruskal's Algorithm,Hard,2,Graph | Data Structures,,https://www.codingninjas.com/studio/problems/kruskal’s-minimum-spanning-tree-algorithm_1082553,https://practice.geeksforgeeks.org/problems/minimum-spanning-tree/1,https://www.youtube.com/watch?v=DMnDM_sxVig,https://takeuforward.org/data-structure/kruskals-algorithm-minimum-spanning-tree-g-47/,https://takeuforward.org/plus/dsa/problems/find-the-mst-weight,https://takeuforward.org/plus/dsa/problems/find-the-mst-weight?tab=editorial,,https://www.codingninjas.com/studio/problems/kruskal’s-minimum-spanning-tree-algorithm_1082553?utm_source=striver&utm_medium=website&utm_campaign=a_zcoursetuf,,https://youtu.be/DMnDM_sxVig,,,,
375,15,Graphs [Concepts & Problems],5,MinimumSpanningTree/Disjoint Set and Problems,6,6,nmbrfprtinstmkntwrkcnnctd,Number of operations to make network connected,Medium,1,Graph | Data Structures,https://leetcode.com/problems/number-of-operations-to-make-network-connected/,https://www.codingninjas.com/studio/problems/number-of-operations-to-make-graph-connected._1385179,https://www.geeksforgeeks.org/problems/connecting-the-graph/1,https://www.youtube.com/watch?v=FYrl7iz9_ZU,https://takeuforward.org/data-structure/number-of-operations-to-make-network-connected-dsu-g-49/,https://takeuforward.org/plus/dsa/problems/number-of-operations-to-make-network-connected,https://takeuforward.org/plus/dsa/problems/number-of-operations-to-make-network-connected?tab=editorial,,https://www.codingninjas.com/studio/problems/number-of-operations-to-make-graph-connected._1385179?utm_source=striver&utm_medium=website&utm_campaign=a_zcoursetuf,https://bit.ly/3Esuzrd,https://youtu.be/FYrl7iz9_ZU,,,,gfg:bitly_expanded_destination_unverified
376,15,Graphs [Concepts & Problems],5,MinimumSpanningTree/Disjoint Set and Problems,7,7,mststnsrmvdwithsmrwsrclmns,Most stones removed with same rows or columns,Medium,1,Arrays | Data Structures | Graph,https://leetcode.com/problems/most-stones-removed-with-same-row-or-column/,https://www.codingninjas.com/studio/problems/-most-stones-removed-with-same-row-or-column_1376597,https://www.geeksforgeeks.org/problems/maximum-stone-removal-1662179442/1,https://www.youtube.com/watch?v=OwMNX8SPavM,https://takeuforward.org/data-structure/most-stones-removed-with-same-row-or-column-dsu-g-53/,https://takeuforward.org/plus/dsa/problems/most-stones-removed-with-same-row-or-column,https://takeuforward.org/plus/dsa/problems/most-stones-removed-with-same-row-or-column?tab=editorial,,https://www.codingninjas.com/studio/problems/-most-stones-removed-with-same-row-or-column_1376597?utm_source=striver&utm_medium=website&utm_campaign=a_zcoursetuf,https://bit.ly/3Ep4Tfo,https://youtu.be/OwMNX8SPavM,,,,gfg:bitly_expanded_destination_unverified
377,15,Graphs [Concepts & Problems],5,MinimumSpanningTree/Disjoint Set and Problems,8,8,ccntsmrg,Accounts merge,Hard,2,Graph | Data Structures,https://leetcode.com/problems/accounts-merge/,https://www.codingninjas.com/studio/problems/accounts-merge_1089558,https://practice.geeksforgeeks.org/problems/merging-details/1,https://www.youtube.com/watch?v=FMwpt_aQOGw,https://takeuforward.org/data-structure/accounts-merge-dsu-g-50/,https://takeuforward.org/plus/dsa/problems/accounts-merge,https://takeuforward.org/plus/dsa/problems/accounts-merge?tab=editorial,,https://www.codingninjas.com/studio/problems/accounts-merge_1089558?utm_source=striver&utm_medium=website&utm_campaign=a_zcoursetuf,,https://youtu.be/FMwpt_aQOGw,,,,
378,15,Graphs [Concepts & Problems],5,MinimumSpanningTree/Disjoint Set and Problems,9,9,nmbrfislndii,Number of island II,Hard,2,Graph | Data Structures,https://leetcode.com/problems/number-of-islands-ii/,https://www.codingninjas.com/studio/problems/largest-island_840701,https://www.geeksforgeeks.org/problems/find-the-number-of-islands/1,https://www.youtube.com/watch?v=Rn6B-Q4SNyA,https://takeuforward.org/graph/number-of-islands-ii-online-queries-dsu-g-51/,https://takeuforward.org/plus/dsa/problems/number-of-islands-ii,https://takeuforward.org/plus/dsa/problems/number-of-islands-ii?tab=editorial,,https://www.codingninjas.com/studio/problems/largest-island_840701?utm_source=striver&utm_medium=website&utm_campaign=a_zcoursetuf,https://bit.ly/3A7BofH,https://youtu.be/Rn6B-Q4SNyA,,,,gfg:bitly_expanded_destination_unverified
379,15,Graphs [Concepts & Problems],5,MinimumSpanningTree/Disjoint Set and Problems,10,10,mkinglrgislnd,Making a Large Island,Hard,2,Graph | Data Structures,https://leetcode.com/problems/making-a-large-island/,https://www.codingninjas.com/studio/problems/making-the-largest-island_1381282,https://www.geeksforgeeks.org/problems/maximum-connected-group/1,https://www.youtube.com/watch?v=lgiz0Oup6gM,https://takeuforward.org/data-structure/making-a-large-island-dsu-g-52/,https://takeuforward.org/plus/dsa/problems/making-a-large-island,https://takeuforward.org/plus/dsa/problems/making-a-large-island?tab=editorial,,https://www.codingninjas.com/studio/problems/making-the-largest-island_1381282?utm_source=striver&utm_medium=website&utm_campaign=a_zcoursetuf,https://bit.ly/3i1yOmk,https://youtu.be/lgiz0Oup6gM,,,,gfg:bitly_expanded_destination_unverified
380,15,Graphs [Concepts & Problems],5,MinimumSpanningTree/Disjoint Set and Problems,11,11,swiminrisingwtr,Swim in rising water,Hard,2,Arrays | Binary Search | Graph | Heap,https://leetcode.com/problems/swim-in-rising-water/,https://www.codingninjas.com/studio/problems/minimum-time_8360128,https://www.geeksforgeeks.org/problems/minimum-travel-time/1,,,,,,https://www.codingninjas.com/studio/problems/minimum-time_8360128?utm_source=striver&utm_medium=website&utm_campaign=a_zcoursetuf,https://bit.ly/3VftZ7i,,,,,gfg:bitly_expanded_destination_unverified
381,15,Graphs [Concepts & Problems],6,Other Algorithms,1,1,bridgsingrph,Bridges in Graph,Hard,2,Graph | Data Structures,https://leetcode.com/problems/critical-connections-in-a-network/discuss/382385/find-bridges-in-a-graph,https://www.codingninjas.com/studio/problems/bridges-in-a-graph_893026,https://www.geeksforgeeks.org/problems/bridge-edge-in-graph/1,https://www.youtube.com/watch?v=qrAub5z8FeA,https://takeuforward.org/graph/bridges-in-graph-using-tarjans-algorithm-of-time-in-and-low-time-g-55/,https://takeuforward.org/plus/dsa/problems/bridges-in-graph,https://takeuforward.org/plus/dsa/problems/bridges-in-graph?tab=editorial,,https://www.codingninjas.com/studio/problems/bridges-in-a-graph_893026?utm_source=striver&utm_medium=website&utm_campaign=a_zcoursetuf,https://bit.ly/3dFdvVe,https://youtu.be/qrAub5z8FeA,,,,gfg:bitly_expanded_destination_unverified
382,15,Graphs [Concepts & Problems],6,Other Algorithms,2,2,rticltinpint,Articulation Point,Hard,2,Graph | Data Structures,,https://www.codingninjas.com/codestudio/problems/articulation-point_840708,https://www.geeksforgeeks.org/problems/articulation-point-1/1,https://www.youtube.com/watch?v=j1QDfU21iZk,https://takeuforward.org/data-structure/articulation-point-in-graph-g-56/,https://takeuforward.org/plus/dsa/problems/articulation-point-in-graph,https://takeuforward.org/plus/dsa/problems/articulation-point-in-graph?tab=editorial,,https://www.codingninjas.com/codestudio/problems/articulation-point_840708?utm_source=striver&utm_medium=website&utm_campaign=a_zcoursetuf,https://bit.ly/3T2LPKu,https://youtu.be/j1QDfU21iZk,,,,gfg:bitly_expanded_destination_unverified
383,15,Graphs [Concepts & Problems],6,Other Algorithms,3,3,ksrjslgrithm,Kosaraju's Algorithm,Hard,2,Graph | Data Structures,,https://www.codingninjas.com/studio/problems/count-strongly-connected-components-(kosaraju’s-algorithm)_1171151,https://www.geeksforgeeks.org/problems/strongly-connected-components-kosarajus-algo/1,https://www.youtube.com/watch?v=R6uoSjZ2imo,https://takeuforward.org/graph/strongly-connected-components-kosarajus-algorithm-g-54/,https://takeuforward.org/plus/dsa/problems/kosaraju's-algorithm,https://takeuforward.org/plus/dsa/problems/kosaraju's-algorithm?tab=editorial,,https://www.codingninjas.com/studio/problems/count-strongly-connected-components-(kosaraju’s-algorithm)_1171151?utm_source=striver&utm_medium=website&utm_campaign=a_zcoursetuf,https://bit.ly/3TbvByL,https://youtu.be/R6uoSjZ2imo,,,,gfg:bitly_expanded_destination_unverified
384,16,Dynamic Programming [Patterns and Problems],1,Introduction to DP,1,1,dynmicprgrmmingintrdctin,Dynamic Programming Introduction,Medium,1,Dynamic Programming,,https://www.codingninjas.com/studio/problems/nth-fibonacci-number_74156,https://www.geeksforgeeks.org/problems/introduction-to-dp/1,https://www.youtube.com/watch?v=tyB0ztf0DNY,https://takeuforward.org/data-structure/dynamic-programming-introduction/,https://takeuforward.org/plus/dsa/problems/introduction-to-dp,https://takeuforward.org/plus/dsa/problems/introduction-to-dp,,https://www.codingninjas.com/studio/problems/nth-fibonacci-number_74156?utm_source=striver&utm_medium=website&utm_campaign=a_zcoursetuf,https://bit.ly/3UWkWrS,https://youtu.be/tyB0ztf0DNY,,,,gfg:bitly_expanded_destination_unverified
385,16,Dynamic Programming [Patterns and Problems],2,1D DP,1,1,climbingstrs,Climbing Stars,Medium,1,Arrays | Dynamic Programming | Data Structures | Recursion,https://leetcode.com/problems/climbing-stairs/,https://www.codingninjas.com/studio/problems/count-ways-to-reach-the-n-th-stairs_798650,https://practice.geeksforgeeks.org/problems/count-ways-to-reach-the-nth-stair-1587115620/1,https://www.youtube.com/watch?v=mLfjzJsN8us,https://takeuforward.org/data-structure/dynamic-programming-climbing-stairs/,https://takeuforward.org/plus/dsa/problems/climbing-stairs,https://takeuforward.org/plus/dsa/problems/climbing-stairs?tab=editorial,,https://www.codingninjas.com/studio/problems/count-ways-to-reach-the-n-th-stairs_798650?utm_source=striver&utm_medium=website&utm_campaign=a_zcoursetuf,,https://youtu.be/mLfjzJsN8us,,,,
386,16,Dynamic Programming [Patterns and Problems],2,1D DP,2,2,frgjmpdp3,Frog Jump(DP-3),Medium,1,Dynamic Programming | Arrays | Recursion | Data Structures,,https://www.codingninjas.com/studio/problems/frog-jump_3621012,https://www.geeksforgeeks.org/problems/geek-jump/1,https://www.youtube.com/watch?v=EgG3jsGoPvQ,https://takeuforward.org/data-structure/dynamic-programming-frog-jump-dp-3/,https://takeuforward.org/plus/dsa/problems/frog-jump,https://takeuforward.org/plus/dsa/problems/frog-jump?tab=editorial,,https://www.codingninjas.com/studio/problems/frog-jump_3621012?utm_source=striver&utm_medium=website&utm_campaign=a_zcoursetuf,https://bit.ly/3Xn0Kkw,,,,,gfg:bitly_expanded_destination_unverified; tuf_plus_editorial:whitespace_trimmed
387,16,Dynamic Programming [Patterns and Problems],2,1D DP,3,3,frgjmpwithkdistncsdp4,Frog Jump with k distances(DP-4),Medium,1,Arrays | Dynamic Programming | Recursion | Data Structures,,https://www.codingninjas.com/studio/problems/minimal-cost_8180930,https://www.geeksforgeeks.org/problems/minimal-cost/1,https://www.youtube.com/watch?v=Kmh3rhyEtB8,https://takeuforward.org/data-structure/dynamic-programming-frog-jump-with-k-distances-dp-4/,https://takeuforward.org/plus/dsa/problems/frog-jump-with-k-distances,https://takeuforward.org/plus/dsa/problems/frog-jump-with-k-distances?tab=editorial,,https://www.codingninjas.com/studio/problems/minimal-cost_8180930?utm_source=striver&utm_medium=website&utm_campaign=a_zcoursetuf,https://bit.ly/3GyNRya,,,,,gfg:bitly_expanded_destination_unverified
388,16,Dynamic Programming [Patterns and Problems],2,1D DP,4,4,mximmsmfnndjcntlmntsdp5,Maximum sum of non-adjacent elements (DP 5),Medium,1,Arrays | Recursion | Data Structures | Dynamic Programming,https://leetcode.com/problems/house-robber/,https://www.codingninjas.com/studio/problems/maximum-sum-of-non-adjacent-elements_843261,https://www.geeksforgeeks.org/problems/max-sum-without-adjacents2430/1,https://www.youtube.com/watch?v=GrMBfJNk_NY,https://takeuforward.org/data-structure/maximum-sum-of-non-adjacent-elements-dp-5/,https://takeuforward.org/plus/dsa/problems/maximum-sum-of-non-adjacent-elements,https://takeuforward.org/plus/dsa/problems/maximum-sum-of-non-adjacent-elements?tab=editorial,,https://www.codingninjas.com/studio/problems/maximum-sum-of-non-adjacent-elements_843261?utm_source=striver&utm_medium=website&utm_campaign=a_zcoursetuf,https://bit.ly/3QOMRs1,,,,,gfg:bitly_expanded_destination_unverified
389,16,Dynamic Programming [Patterns and Problems],2,1D DP,5,5,hsrbbrdp6,House Robber (DP 6),Medium,1,Arrays | Dynamic Programming | Recursion | Data Structures,https://leetcode.com/problems/house-robber-ii/,https://www.codingninjas.com/studio/problems/house-robber-ii_839733,https://www.geeksforgeeks.org/problems/stickler-theif-1587115621/1,https://www.youtube.com/watch?v=3WaxQMELSkw,https://takeuforward.org/data-structure/dynamic-programming-house-robber-dp-6/,https://takeuforward.org/plus/dsa/problems/house-robber,https://takeuforward.org/plus/dsa/problems/house-robber?tab=editorial,,https://www.codingninjas.com/studio/problems/house-robber-ii_839733?utm_source=striver&utm_medium=website&utm_campaign=a_zcoursetuf,https://bit.ly/3QCCpDQ,,,,,gfg:bitly_expanded_destination_unverified
390,16,Dynamic Programming [Patterns and Problems],3,2D/3D DP and DP on Grids,1,1,ninjstriningdp7,Ninja's Training (DP 7),Medium,1,Arrays | Dynamic Programming | Data Structures | Recursion,,https://www.codingninjas.com/studio/problems/ninja’s-training_3621003,https://www.geeksforgeeks.org/problems/geeks-training/1,https://www.youtube.com/watch?v=AE39gJYuRog,https://takeuforward.org/data-structure/dynamic-programming-ninjas-training-dp-7/,https://takeuforward.org/plus/dsa/problems/ninja's-training,https://takeuforward.org/plus/dsa/problems/ninja's-training?tab=editorial,,https://www.codingninjas.com/studio/problems/ninja’s-training_3621003?utm_source=striver&utm_medium=website&utm_campaign=a_zcoursetuf,https://bit.ly/3glc9kp,,,,,gfg:bitly_expanded_destination_unverified
391,16,Dynamic Programming [Patterns and Problems],3,2D/3D DP and DP on Grids,2,2,gridniqpthsdpngridsdp8,Grid Unique Paths : DP on Grids (DP8),Medium,1,Arrays | Recursion | Dynamic Programming | Data Structures,https://leetcode.com/problems/unique-paths/,https://www.codingninjas.com/studio/problems/unique-paths_1081470,https://practice.geeksforgeeks.org/problems/number-of-unique-paths/0,https://www.youtube.com/watch?v=sdE0A2Oxofw,https://takeuforward.org/data-structure/grid-unique-paths-dp-on-grids-dp8/,https://takeuforward.org/plus/dsa/problems/grid-unique-paths,https://takeuforward.org/plus/dsa/problems/grid-unique-paths?tab=editorial,,https://www.codingninjas.com/studio/problems/unique-paths_1081470?utm_source=striver&utm_medium=website&utm_campaign=a_zcoursetuf,,,,,,
392,16,Dynamic Programming [Patterns and Problems],3,2D/3D DP and DP on Grids,3,3,gridniqpths2dp9,Grid Unique Paths 2 (DP 9),Medium,1,Arrays | Recursion | Dynamic Programming | Data Structures,https://leetcode.com/problems/unique-paths-ii/,https://www.codingninjas.com/studio/problems/unique-paths-ii_977241,https://www.geeksforgeeks.org/problems/grid-path-2/1,https://www.youtube.com/watch?v=TmhpgXScLyY,https://takeuforward.org/data-structure/grid-unique-paths-2-dp-9/,https://takeuforward.org/plus/dsa/problems/unique-paths-ii,https://takeuforward.org/plus/dsa/problems/unique-paths-ii?tab=editorial,,https://www.codingninjas.com/studio/problems/unique-paths-ii_977241?utm_source=striver&utm_medium=website&utm_campaign=a_zcoursetuf,https://bit.ly/3tNYlBU,,,,,gfg:bitly_expanded_destination_unverified
393,16,Dynamic Programming [Patterns and Problems],3,2D/3D DP and DP on Grids,4,4,minimmpthsmingriddp10,Minimum path sum in Grid (DP 10),Medium,1,Arrays | Recursion | Dynamic Programming | Data Structures,https://leetcode.com/problems/minimum-path-sum/,https://www.codingninjas.com/studio/problems/minimum-path-sum_985349,https://www.geeksforgeeks.org/problems/minimum-cost-path3833/1,https://www.youtube.com/watch?v=_rgTlyky1uQ,https://takeuforward.org/data-structure/minimum-path-sum-in-a-grid-dp-10/,https://takeuforward.org/plus/dsa/problems/minimum-path-sum-in-grid,https://takeuforward.org/plus/dsa/problems/minimum-path-sum-in-grid?tab=editorial,,https://www.codingninjas.com/studio/problems/minimum-path-sum_985349?utm_source=striver&utm_medium=website&utm_campaign=a_zcoursetuf,https://bit.ly/3c1H9Uf,,,,,gfg:bitly_expanded_destination_unverified
394,16,Dynamic Programming [Patterns and Problems],3,2D/3D DP and DP on Grids,5,5,minimmpthsmintringlrgriddp11,Minimum path sum in Triangular Grid (DP 11),Medium,1,Arrays | Dynamic Programming | Data Structures | Recursion,https://leetcode.com/problems/triangle/,https://www.codingninjas.com/studio/problems/triangle_1229398,https://www.geeksforgeeks.org/problems/minimum-cost-path3833/1,https://www.youtube.com/watch?v=SrP-PiLSYC0,https://takeuforward.org/data-structure/minimum-path-sum-in-triangular-grid-dp-11/,https://takeuforward.org/plus/dsa/problems/triangle,https://takeuforward.org/plus/dsa/problems/triangle?tab=editorial,,https://www.codingninjas.com/studio/problems/triangle_1229398?utm_source=striver&utm_medium=website&utm_campaign=a_zcoursetuf,https://bit.ly/3c1H9Uf,,,,,gfg:bitly_expanded_destination_unverified
395,16,Dynamic Programming [Patterns and Problems],3,2D/3D DP and DP on Grids,6,6,minimmmximmfllingpthsmdp12,Minimum/Maximum Falling Path Sum (DP-12),Medium,1,Arrays | Recursion | Dynamic Programming | Data Structures,https://leetcode.com/problems/minimum-falling-path-sum/,https://www.codingninjas.com/studio/problems/maximum-path-sum-in-the-matrix_797998,https://www.geeksforgeeks.org/problems/path-in-matrix3805/1,https://www.youtube.com/watch?v=N_aJ5qQbYA0,https://takeuforward.org/data-structure/minimum-maximum-falling-path-sum-dp-12/,,,,https://www.codingninjas.com/studio/problems/maximum-path-sum-in-the-matrix_797998?utm_source=striver&utm_medium=website&utm_campaign=a_zcoursetuf,https://bit.ly/3PwqvtO,,,,,gfg:bitly_expanded_destination_unverified
396,16,Dynamic Programming [Patterns and Problems],3,2D/3D DP and DP on Grids,7,7,3ddpninjndhisfrindsdp13,3-d DP : Ninja and his friends (DP-13),Medium,1,Arrays | Recursion | Data Structures | Dynamic Programming,,https://www.codingninjas.com/studio/problems/chocolate-pickup_3125885,https://www.geeksforgeeks.org/problems/chocolates-pickup/1,https://www.youtube.com/watch?v=QGfn7JeXK54,https://takeuforward.org/data-structure/3-d-dp-ninja-and-his-friends-dp-13/,,,,https://www.codingninjas.com/studio/problems/chocolate-pickup_3125885?utm_source=striver&utm_medium=website&utm_campaign=a_zcoursetuf,https://bit.ly/3U9k6XT,,,,,gfg:bitly_expanded_destination_unverified
397,16,Dynamic Programming [Patterns and Problems],4,DP on Subsequences,1,1,sbstsmqlttrgtdp14,Subset sum equal to target (DP- 14),Medium,1,Arrays | Data Structures | Dynamic Programming | Recursion,,https://www.codingninjas.com/studio/problems/subset-sum-equal-to-k_1550954,https://practice.geeksforgeeks.org/problems/subset-sum-problem-1611555638/1,https://www.youtube.com/watch?v=fWX9xDmIzRI,https://takeuforward.org/data-structure/subset-sum-equal-to-target-dp-14/,https://takeuforward.org/plus/dsa/problems/subset-sum-equals-to-target,https://takeuforward.org/plus/dsa/problems/subset-sum-equals-to-target?tab=editorial,,https://www.codingninjas.com/studio/problems/subset-sum-equal-to-k_1550954?utm_source=striver&utm_medium=website&utm_campaign=a_zcoursetuf,,,,,,
398,16,Dynamic Programming [Patterns and Problems],4,DP on Subsequences,2,2,prtitinqlsbstsmdp15,Partition Equal Subset Sum (DP- 15),Medium,1,Arrays | Dynamic Programming | Recursion | Data Structures,https://leetcode.com/problems/partition-equal-subset-sum/,https://www.codingninjas.com/studio/problems/partition-equal-subset-sum-_892980,https://practice.geeksforgeeks.org/problems/subset-sum-problem2014/1,https://www.youtube.com/watch?v=7win3dcgo3k,https://takeuforward.org/data-structure/partition-equal-subset-sum-dp-15/,https://takeuforward.org/plus/dsa/problems/partition-equal-subset-sum,https://takeuforward.org/plus/dsa/problems/partition-equal-subset-sum?tab=editorial,,https://www.codingninjas.com/studio/problems/partition-equal-subset-sum-_892980?utm_source=striver&utm_medium=website&utm_campaign=a_zcoursetuf,,,,,,tuf_plus_editorial:whitespace_trimmed
399,16,Dynamic Programming [Patterns and Problems],4,DP on Subsequences,3,3,prtitinstint2sbstswithminbsltsmdiffdp16,Partition Set Into 2 Subsets With Min Absolute Sum Diff (DP- 16),Medium,1,Arrays | Dynamic Programming | Data Structures | Recursion,https://leetcode.com/problems/partition-array-into-two-arrays-to-minimize-sum-difference/,https://www.codingninjas.com/studio/problems/partition-a-set-into-two-subsets-such-that-the-difference-of-subset-sums-is-minimum._842494,https://practice.geeksforgeeks.org/problems/minimum-sum-partition3317/1,https://www.youtube.com/watch?v=GS_OqZb2CWc,https://takeuforward.org/data-structure/partition-set-into-2-subsets-with-min-absolute-sum-diff-dp-16/,https://takeuforward.org/plus/dsa/problems/partition-a-set-into-two-subsets-with-minimum-absolute-sum-difference,https://takeuforward.org/plus/dsa/problems/partition-a-set-into-two-subsets-with-minimum-absolute-sum-difference?tab=editorial,,https://www.codingninjas.com/studio/problems/partition-a-set-into-two-subsets-such-that-the-difference-of-subset-sums-is-minimum._842494?utm_source=striver&utm_medium=website&utm_campaign=a_zcoursetuf,,,,,,
400,16,Dynamic Programming [Patterns and Problems],4,DP on Subsequences,4,4,cntsbstswithsmkdp17,Count Subsets with Sum K (DP - 17),Medium,1,Arrays | Recursion | Data Structures | Dynamic Programming,,https://www.codingninjas.com/studio/problems/count-subsets-with-sum-k_3952532,https://www.geeksforgeeks.org/problems/perfect-sum-problem5633/1,https://www.youtube.com/watch?v=ZHyb-A2Mte4,https://takeuforward.org/data-structure/count-subsets-with-sum-k-dp-17/,https://takeuforward.org/plus/dsa/problems/count-subsets-with-sum-k,https://takeuforward.org/plus/dsa/problems/count-subsets-with-sum-k?tab=editorial,,https://www.codingninjas.com/studio/problems/count-subsets-with-sum-k_3952532?utm_source=striver&utm_medium=website&utm_campaign=a_zcoursetuf,https://bit.ly/3AwVr8I,,,,,gfg:bitly_expanded_destination_unverified
401,16,Dynamic Programming [Patterns and Problems],4,DP on Subsequences,5,5,cntprtitinswithgivndiffrncdp18,Count Partitions with Given Difference (DP - 18),Medium,1,Arrays | Recursion | Dynamic Programming | Data Structures,,https://www.codingninjas.com/studio/problems/partitions-with-given-difference_3751628,https://www.geeksforgeeks.org/problems/partitions-with-given-difference/1,https://www.youtube.com/watch?v=zoilQD1kYSg,https://takeuforward.org/data-structure/count-partitions-with-given-difference-dp-18/,https://takeuforward.org/plus/dsa/problems/count-partitions-with-given-difference,https://takeuforward.org/plus/dsa/problems/count-partitions-with-given-difference?tab=editorial,,https://www.codingninjas.com/studio/problems/partitions-with-given-difference_3751628?utm_source=striver&utm_medium=website&utm_campaign=a_zcoursetuf,https://bit.ly/3gkAM0s,,,,,gfg:bitly_expanded_destination_unverified
402,16,Dynamic Programming [Patterns and Problems],4,DP on Subsequences,6,6,01knpsckdp19,Assign Cookies,Hard,2,Arrays | Dynamic Programming | Recursion | Data Structures,https://leetcode.com/problems/assign-cookies/,https://www.codingninjas.com/codestudio/problems/assign-cookies_8390826,https://practice.geeksforgeeks.org/problems/0-1-knapsack-problem0945/1,https://www.youtube.com/watch?v=DIX2p7vb9co,,https://takeuforward.org/plus/dsa/problems/assign-cookies,https://takeuforward.org/plus/dsa/problems/assign-cookies?tab=editorial,,https://www.codingninjas.com/codestudio/problems/assign-cookies_8390826?utm_source=striver&utm_medium=website&utm_campaign=a_zcoursetuf,,https://youtu.be/DIX2p7vb9co?si=6G7JzMZ2TSP_LWSG,,,,duplicate_title; review:title_and_5_links_duplicate_row_12.1.1;id_and_gfg_link_suggest_0/1_knapsack_DP-19
403,16,Dynamic Programming [Patterns and Problems],4,DP on Subsequences,7,7,minimmcinsdp20,Minimum Coins (DP - 20),Hard,2,Recursion | Arrays | Dynamic Programming | Data Structures,https://leetcode.com/problems/coin-change/,https://www.codingninjas.com/studio/problems/minimum-elements_3843091,https://practice.geeksforgeeks.org/problems/-minimum-number-of-coins4426/1,https://www.youtube.com/watch?v=myPeWb3Y68A,https://takeuforward.org/data-structure/minimum-coins-dp-20/,https://takeuforward.org/plus/dsa/problems/minimum-coins,https://takeuforward.org/plus/dsa/problems/minimum-coins?tab=editorial,,https://www.codingninjas.com/studio/problems/minimum-elements_3843091?utm_source=striver&utm_medium=website&utm_campaign=a_zcoursetuf,,,,,,
404,16,Dynamic Programming [Patterns and Problems],4,DP on Subsequences,8,8,trgtsmdp21,Target Sum (DP - 21),Medium,1,Dynamic Programming | Data Structures | Arrays | Recursion,https://leetcode.com/problems/target-sum/,https://www.codingninjas.com/studio/problems/target-sum_4127362,https://practice.geeksforgeeks.org/problems/target-sum-1626326450/1,https://www.youtube.com/watch?v=b3GD8263-PQ,https://takeuforward.org/data-structure/target-sum-dp-21/,https://takeuforward.org/plus/dsa/problems/target-sum,https://takeuforward.org/plus/dsa/problems/target-sum?tab=editorial,,https://www.codingninjas.com/studio/problems/target-sum_4127362?utm_source=striver&utm_medium=website&utm_campaign=a_zcoursetuf,,,,,,
405,16,Dynamic Programming [Patterns and Problems],4,DP on Subsequences,9,9,cinchng2dp22,Coin Change 2 (DP - 22),Hard,2,Arrays | Dynamic Programming | Data Structures | Recursion,https://leetcode.com/problems/coin-change-2/,https://www.codingninjas.com/studio/problems/ways-to-make-coin-change_630471,https://www.geeksforgeeks.org/problems/coin-change2448/1,https://www.youtube.com/watch?v=HgyouUi11zk,https://takeuforward.org/data-structure/coin-change-2-dp-22/,https://takeuforward.org/plus/dsa/problems/coin-change-ii,https://takeuforward.org/plus/dsa/problems/coin-change-ii?tab=editorial,,https://www.codingninjas.com/studio/problems/ways-to-make-coin-change_630471?utm_source=striver&utm_medium=website&utm_campaign=a_zcoursetuf,https://bit.ly/3SZJWOl,,,,,gfg:bitly_expanded_destination_unverified
406,16,Dynamic Programming [Patterns and Problems],4,DP on Subsequences,10,10,nbnddknpsckdp23,Unbounded Knapsack (DP - 23),Hard,2,Arrays | Data Structures | Dynamic Programming | Recursion,,https://www.codingninjas.com/studio/problems/unbounded-knapsack_1215029,https://www.geeksforgeeks.org/problems/knapsack-with-duplicate-items4201/1,https://www.youtube.com/watch?v=OgvOZ6OrJoY,https://takeuforward.org/data-structure/unbounded-knapsack-dp-23/,https://takeuforward.org/plus/dsa/problems/unbounded-knapsack,https://takeuforward.org/plus/dsa/problems/unbounded-knapsack?tab=editorial,,https://www.codingninjas.com/studio/problems/unbounded-knapsack_1215029?utm_source=striver&utm_medium=website&utm_campaign=a_zcoursetuf,https://bit.ly/3Cbc5fz,https://youtu.be/OgvOZ6OrJoY,,,,gfg:bitly_expanded_destination_unverified
407,16,Dynamic Programming [Patterns and Problems],4,DP on Subsequences,11,11,rdcttingprblmdp24,Rod Cutting Problem | (DP - 24),Hard,2,Arrays | Dynamic Programming | Data Structures | Recursion,,https://www.codingninjas.com/studio/problems/rod-cutting-problem_800284,https://practice.geeksforgeeks.org/problems/rod-cutting0840/1,https://www.youtube.com/watch?v=mO8XpGoJwuo,https://takeuforward.org/data-structure/rod-cutting-problem-dp-24/,https://takeuforward.org/plus/dsa/problems/rod-cutting-problem,https://takeuforward.org/plus/dsa/problems/rod-cutting-problem?tab=editorial,,https://www.codingninjas.com/studio/problems/rod-cutting-problem_800284?utm_source=striver&utm_medium=website&utm_campaign=a_zcoursetuf,,https://youtu.be/mO8XpGoJwuo,,,,
408,16,Dynamic Programming [Patterns and Problems],5,DP on Strings,1,1,lngstcmmnsbsqncdp25,Longest Common Subsequence | (DP - 25),Hard,2,Dynamic Programming | Arrays | Recursion | Data Structures,https://leetcode.com/problems/longest-common-subsequence/,https://www.codingninjas.com/studio/problems/longest-common-subsequence_624879,https://practice.geeksforgeeks.org/problems/longest-common-subsequence-1587115620/1,https://www.youtube.com/watch?v=NPZn9jBrX8U,https://takeuforward.org/data-structure/longest-common-subsequence-dp-25/,,,,https://www.codingninjas.com/studio/problems/longest-common-subsequence_624879?utm_source=striver&utm_medium=website&utm_campaign=a_zcoursetuf,,https://youtu.be/NPZn9jBrX8U,,,,
409,16,Dynamic Programming [Patterns and Problems],5,DP on Strings,2,2,printlngstcmmnsbsqncdp26,Print Longest Common Subsequence | (DP - 26),Hard,2,Arrays | Data Structures | Dynamic Programming | Recursion,,https://www.codingninjas.com/codestudio/problems/print-longest-common-subsequence_8416383,https://www.geeksforgeeks.org/problems/print-all-lcs-sequences3413/1,https://www.youtube.com/watch?v=-zI4mrF2Pb4,https://takeuforward.org/data-structure/print-longest-common-subsequence-dp-26/,,,,https://www.codingninjas.com/codestudio/problems/print-longest-common-subsequence_8416383?utm_source=striver&utm_medium=website&utm_campaign=a_zcoursetuf,https://bit.ly/3T1Va4U,https://youtu.be/-zI4mrF2Pb4,,,,gfg:bitly_expanded_destination_unverified
410,16,Dynamic Programming [Patterns and Problems],5,DP on Strings,3,3,lngstcmmnsbstringdp27,Longest Common Substring | (DP - 27),Hard,2,Arrays | Dynamic Programming | Recursion | Data Structures,,https://www.codingninjas.com/studio/problems/longest-common-substring_1235207,https://practice.geeksforgeeks.org/problems/longest-common-substring1452/1,https://www.youtube.com/watch?v=_wP9mWNPL5w,https://takeuforward.org/data-structure/longest-common-substring-dp-27/,https://takeuforward.org/plus/dsa/problems/longest-common-substring,https://takeuforward.org/plus/dsa/problems/longest-common-substring?tab=editorial,,https://www.codingninjas.com/studio/problems/longest-common-substring_1235207?utm_source=striver&utm_medium=website&utm_campaign=a_zcoursetuf,,https://youtu.be/_wP9mWNPL5w,,,,
411,16,Dynamic Programming [Patterns and Problems],5,DP on Strings,4,4,lngstplindrmicsbsqncdp28,Longest Palindromic Subsequence | (DP-28),Hard,2,Arrays | Recursion | Dynamic Programming | Data Structures,https://leetcode.com/problems/longest-palindromic-subsequence/,https://www.codingninjas.com/studio/problems/longest-palindromic-subsequence_842787,https://practice.geeksforgeeks.org/problems/longest-palindromic-subsequence-1612327878/1,https://www.youtube.com/watch?v=6i_T5kkfv4A,https://takeuforward.org/data-structure/longest-palindromic-subsequence-dp-28/,https://takeuforward.org/plus/dsa/problems/longest-palindromic-subsequence,https://takeuforward.org/plus/dsa/problems/longest-palindromic-subsequence?tab=editorial,,https://www.codingninjas.com/studio/problems/longest-palindromic-subsequence_842787?utm_source=striver&utm_medium=website&utm_campaign=a_zcoursetuf,,https://youtu.be/6i_T5kkfv4A,,,,
412,16,Dynamic Programming [Patterns and Problems],5,DP on Strings,5,5,minimminsrtinstmkstringplindrmdp29,Minimum insertions to make string palindrome | DP-29,Hard,2,Arrays | Recursion | Dynamic Programming | Data Structures,https://leetcode.com/problems/minimum-insertion-steps-to-make-a-string-palindrome/,https://www.codingninjas.com/studio/problems/minimum-insertions-to-make-a-string-palindrome_985293,https://practice.geeksforgeeks.org/problems/form-a-palindrome1455/1,https://www.youtube.com/watch?v=xPBLEj41rFU,https://takeuforward.org/data-structure/minimum-insertions-to-make-string-palindrome-dp-29/,https://takeuforward.org/plus/dsa/problems/minimum-insertions-to-make-string-palindrome,https://takeuforward.org/plus/dsa/problems/minimum-insertions-to-make-string-palindrome?tab=editorial,,https://www.codingninjas.com/studio/problems/minimum-insertions-to-make-a-string-palindrome_985293?utm_source=striver&utm_medium=website&utm_campaign=a_zcoursetuf,,,,,,
413,16,Dynamic Programming [Patterns and Problems],5,DP on Strings,6,6,minimminsrtinsdltinstcnvrtstringdp30,Minimum Insertions/Deletions to Convert String | (DP- 30),Hard,2,Arrays | Recursion | Dynamic Programming | Data Structures,https://leetcode.com/problems/delete-operation-for-two-strings/,https://www.codingninjas.com/studio/problems/minimum-number-of-deletions-and-insertions_4244510,https://practice.geeksforgeeks.org/problems/minimum-number-of-deletions-and-insertions0209/1,https://www.youtube.com/watch?v=yMnH0jrir0Q,https://takeuforward.org/data-structure/minimum-insertions-deletions-to-convert-string-dp-30/,https://takeuforward.org/plus/dsa/problems/minimum-insertions-or-deletions-to-convert-string-a-to-b,https://takeuforward.org/plus/dsa/problems/minimum-insertions-or-deletions-to-convert-string-a-to-b?tab=editorial,,https://www.codingninjas.com/studio/problems/minimum-number-of-deletions-and-insertions_4244510?utm_source=striver&utm_medium=website&utm_campaign=a_zcoursetuf,,,,,,
414,16,Dynamic Programming [Patterns and Problems],5,DP on Strings,7,7,shrtstcmmnsprsqncdp31,Shortest Common Supersequence | (DP - 31),Hard,2,Data Structures | Dynamic Programming | Recursion,https://leetcode.com/problems/shortest-common-supersequence/,https://www.codingninjas.com/studio/problems/shortest-common-supersequence_4244493,https://practice.geeksforgeeks.org/problems/shortest-common-supersequence0322/1,https://www.youtube.com/watch?v=xElxAuBcvsU,https://takeuforward.org/data-structure/shortest-common-supersequence-dp-31/,https://takeuforward.org/plus/dsa/problems/shortest-common-supersequence,https://takeuforward.org/plus/dsa/problems/shortest-common-supersequence?tab=editorial,,https://www.codingninjas.com/studio/problems/shortest-common-supersequence_4244493?utm_source=striver&utm_medium=website&utm_campaign=a_zcoursetuf,,https://youtu.be/xElxAuBcvsU,,,,
415,16,Dynamic Programming [Patterns and Problems],5,DP on Strings,8,8,distinctsbsqncsdp32,Distinct Subsequences| (DP-32),Hard,2,Arrays | Data Structures | Dynamic Programming | Recursion,https://leetcode.com/problems/distinct-subsequences/,https://www.codingninjas.com/studio/problems/subsequence-counting_3755256,https://practice.geeksforgeeks.org/problems/number-of-distinct-subsequences0909/1,https://www.youtube.com/watch?v=nVG7eTiD2bY,https://takeuforward.org/data-structure/distinct-subsequences-dp-32/,https://takeuforward.org/plus/dsa/problems/distinct-subsequences,https://takeuforward.org/plus/dsa/problems/distinct-subsequences?tab=editorial,,https://www.codingninjas.com/studio/problems/subsequence-counting_3755256?utm_source=striver&utm_medium=website&utm_campaign=a_zcoursetuf,,https://youtu.be/nVG7eTiD2bY,,,,
416,16,Dynamic Programming [Patterns and Problems],5,DP on Strings,9,9,ditdistncdp33,Edit Distance | (DP-33),Hard,2,Arrays | Data Structures | Dynamic Programming | Recursion,https://leetcode.com/problems/edit-distance/,https://www.codingninjas.com/studio/problems/shortest-common-supersequence_4244493,https://practice.geeksforgeeks.org/problems/edit-distance3702/1,https://www.youtube.com/watch?v=fJaKO8FbDdo,https://takeuforward.org/data-structure/edit-distance-dp-33/,https://takeuforward.org/plus/dsa/problems/edit-distance,https://takeuforward.org/plus/dsa/problems/edit-distance?tab=editorial,,https://www.codingninjas.com/studio/problems/shortest-common-supersequence_4244493?utm_source=striver&utm_medium=website&utm_campaign=a_zcoursetuf,,https://youtu.be/fJaKO8FbDdo,,,,
417,16,Dynamic Programming [Patterns and Problems],5,DP on Strings,10,10,wildcrdmtchingdp34,Wildcard Matching | (DP-34),Medium,1,Data Structures | Dynamic Programming | Arrays | Recursion,https://leetcode.com/problems/wildcard-matching/,https://www.codingninjas.com/studio/problems/wildcard-pattern-matching_701650,https://practice.geeksforgeeks.org/problems/wildcard-pattern-matching/1,https://www.youtube.com/watch?v=ZmlQ3vgAOMo,https://takeuforward.org/data-structure/wildcard-matching-dp-34/,https://takeuforward.org/plus/dsa/problems/wildcard-matching,https://takeuforward.org/plus/dsa/problems/wildcard-matchingtab=editorial,,https://www.codingninjas.com/studio/problems/wildcard-pattern-matching_701650?utm_source=striver&utm_medium=website&utm_campaign=a_zcoursetuf,,https://youtu.be/ZmlQ3vgAOMo,,,,
418,16,Dynamic Programming [Patterns and Problems],6,DP on Stocks,1,1,bsttimtbyndsllstckdp35,Best Time to Buy and Sell Stock |(DP-35),Hard,2,Arrays | Data Structures | Recursion | Dynamic Programming,https://leetcode.com/problems/best-time-to-buy-and-sell-stock/,https://www.codingninjas.com/studio/problems/best-time-to-buy-and-sell-stock_893405,https://practice.geeksforgeeks.org/problems/stock-buy-and-sell-1587115621/1,https://www.youtube.com/watch?v=excAOvwF_Wk,https://takeuforward.org/data-structure/stock-buy-and-sell-dp-35/,https://takeuforward.org/plus/dsa/problems/best-time-to-buy-and-sell-stock,https://takeuforward.org/plus/dsa/problems/best-time-to-buy-and-sell-stock?tab=editorial,,https://www.codingninjas.com/studio/problems/best-time-to-buy-and-sell-stock_893405?utm_source=striver&utm_medium=website&utm_campaign=a_zcoursetuf,,https://youtu.be/excAOvwF_Wk,,,,
419,16,Dynamic Programming [Patterns and Problems],6,DP on Stocks,2,2,byndsllstckiidp36,Buy and Sell Stock - II|(DP-36),Hard,2,Arrays | Dynamic Programming | Recursion | Data Structures,https://leetcode.com/problems/best-time-to-buy-and-sell-stock-ii/,https://www.codingninjas.com/studio/problems/best-time-to-buy-and-sell-stock-ii_630282,https://www.geeksforgeeks.org/problems/buy-stock-2/1,https://www.youtube.com/watch?v=nGJmxkUJQGs,https://takeuforward.org/data-structure/buy-and-sell-stock-ii-dp-36/,https://takeuforward.org/plus/dsa/problems/best-time-to-buy-and-sell-stock-ii,https://takeuforward.org/plus/dsa/problems/best-time-to-buy-and-sell-stock-ii?tab=editorial,,https://www.codingninjas.com/studio/problems/best-time-to-buy-and-sell-stock-ii_630282?utm_source=striver&utm_medium=website&utm_campaign=a_zcoursetuf,https://bit.ly/3gkV5en,https://youtu.be/nGJmxkUJQGs,,,,gfg:bitly_expanded_destination_unverified; tuf_plus_editorial:whitespace_trimmed
420,16,Dynamic Programming [Patterns and Problems],6,DP on Stocks,3,3,byndsllstcksiiidp37,Buy and Sell Stocks III|(DP-37),Hard,2,Dynamic Programming | Arrays | Recursion | Data Structures,https://leetcode.com/problems/best-time-to-buy-and-sell-stock-iii/description/,https://www.codingninjas.com/studio/problems/best-time-to-buy-and-sell-stock-iii_1071012,https://practice.geeksforgeeks.org/problems/buy-and-sell-a-share-at-most-twice/1,https://www.youtube.com/watch?v=-uQGzhYj8BQ,https://takeuforward.org/data-structure/buy-and-sell-stock-iii-dp-37/,https://takeuforward.org/plus/dsa/problems/best-time-to-buy-and-sell-stock-iii,https://takeuforward.org/plus/dsa/problems/best-time-to-buy-and-sell-stock-iii?tab=editorial,,https://www.codingninjas.com/studio/problems/best-time-to-buy-and-sell-stock-iii_1071012?utm_source=striver&utm_medium=website&utm_campaign=a_zcoursetuf,,https://youtu.be/-uQGzhYj8BQ,,,,
421,16,Dynamic Programming [Patterns and Problems],6,DP on Stocks,4,4,byndstcksllivdp38,Buy and Stock Sell IV |(DP-38),Hard,2,Arrays | Data Structures | Dynamic Programming | Recursion,https://leetcode.com/problems/best-time-to-buy-and-sell-stock-iv/,https://www.codingninjas.com/studio/problems/best-time-to-buy-and-sell-stock-iv_1080698,https://practice.geeksforgeeks.org/problems/maximum-profit4657/1,https://www.youtube.com/watch?v=IV1dHbk5CDc,https://takeuforward.org/data-structure/buy-and-sell-stock-iv-dp-38/,https://takeuforward.org/plus/dsa/problems/best-time-to-buy-and-sell-stock-iv,https://takeuforward.org/plus/dsa/problems/best-time-to-buy-and-sell-stock-iv?tab=editorial,,https://www.codingninjas.com/studio/problems/best-time-to-buy-and-sell-stock-iv_1080698?utm_source=striver&utm_medium=website&utm_campaign=a_zcoursetuf,,https://youtu.be/IV1dHbk5CDc,,,,
422,16,Dynamic Programming [Patterns and Problems],6,DP on Stocks,5,5,byndsllstckswithcldwndp39,Buy and Sell Stocks With Cooldown|(DP-39),Hard,2,Arrays | Data Structures | Recursion | Dynamic Programming,https://leetcode.com/problems/best-time-to-buy-and-sell-stock-with-cooldown/,https://www.codingninjas.com/studio/problems/best-time-to-buy-and-sell-stock-with-cooldown_3125969,https://www.geeksforgeeks.org/problems/buy-stock-with-cooldown/1,https://www.youtube.com/watch?v=IGIe46xw3YY,https://takeuforward.org/data-structure/buy-and-sell-stocks-with-cooldown-dp-39/,,,,https://www.codingninjas.com/studio/problems/best-time-to-buy-and-sell-stock-with-cooldown_3125969?utm_source=striver&utm_medium=website&utm_campaign=a_zcoursetuf,https://bit.ly/3GycvyA,https://youtu.be/IGIe46xw3YY,,,,gfg:bitly_expanded_destination_unverified
423,16,Dynamic Programming [Patterns and Problems],6,DP on Stocks,6,6,byndsllstckswithtrnsctinfdp40,Buy and Sell Stocks With Transaction Fee|(DP-40),Hard,2,Arrays | Data Structures | Recursion | Dynamic Programming,https://leetcode.com/problems/best-time-to-buy-and-sell-stock-with-transaction-fee/,https://www.codingninjas.com/studio/problems/best-time-to-buy-and-sell-stock-with-transaction-fee_3118974,https://www.geeksforgeeks.org/problems/buy-stock-with-transaction-fee/1,https://www.youtube.com/watch?v=k4eK-vEmnKg,https://takeuforward.org/data-structure/buy-and-sell-stocks-with-transaction-fees-dp-40/,https://takeuforward.org/plus/dsa/problems/best-time-to-buy-and-sell-stock-with-cooldown-and-transaction-fees,https://takeuforward.org/plus/dsa/problems/best-time-to-buy-and-sell-stock-with-cooldown-and-transaction-fees?tab=editorial,,https://www.codingninjas.com/studio/problems/best-time-to-buy-and-sell-stock-with-transaction-fee_3118974?utm_source=striver&utm_medium=website&utm_campaign=a_zcoursetuf,https://bit.ly/3AwUkpe,https://youtu.be/k4eK-vEmnKg,,,,gfg:bitly_expanded_destination_unverified
424,16,Dynamic Programming [Patterns and Problems],7,DP on LIS,1,1,lngstincrsingsbsqncdp41,Longest Increasing Subsequence |(DP-41),Hard,2,Arrays | Recursion | Dynamic Programming | Data Structures,https://leetcode.com/problems/longest-increasing-subsequence/,https://www.codingninjas.com/studio/problems/longest-increasing-subsequence_630459,https://practice.geeksforgeeks.org/problems/longest-increasing-subsequence-1587115620/1,https://www.youtube.com/watch?v=ekcwMsSIzVc,https://takeuforward.org/data-structure/longest-increasing-subsequence-dp-41/,https://takeuforward.org/plus/dsa/problems/longest-increasing-subsequence,https://takeuforward.org/plus/dsa/problems/longest-increasing-subsequence?tab=editorial,,https://www.codingninjas.com/studio/problems/longest-increasing-subsequence_630459?utm_source=striver&utm_medium=website&utm_campaign=a_zcoursetuf,,https://youtu.be/ekcwMsSIzVc,,,,
425,16,Dynamic Programming [Patterns and Problems],7,DP on LIS,2,2,printinglngstincrsingsbsqncdp42,Printing Longest Increasing Subsequence|(DP-42),Hard,2,Data Structures | Arrays | Dynamic Programming | Recursion,,https://www.codingninjas.com/studio/problems/printing-longest-increasing-subsequence_8360670,https://www.geeksforgeeks.org/problems/printing-longest-increasing-subsequence/1,https://www.youtube.com/watch?v=IFfYfonAFGc,https://takeuforward.org/data-structure/printing-longest-increasing-subsequence-dp-42/,https://takeuforward.org/plus/dsa/problems/print-longest-increasing-subsequence,https://takeuforward.org/plus/dsa/problems/print-longest-increasing-subsequence?tab=editorial,,https://www.codingninjas.com/studio/problems/printing-longest-increasing-subsequence_8360670?utm_source=striver&utm_medium=website&utm_campaign=a_zcoursetuf,https://bit.ly/3XiRbmG,https://youtu.be/IFfYfonAFGc,,,,gfg:bitly_expanded_destination_unverified
426,16,Dynamic Programming [Patterns and Problems],7,DP on LIS,3,3,lngstincrsingsbsqncdp43,Longest Increasing Subsequence |(DP-43),Hard,2,Arrays | Recursion | Dynamic Programming | Data Structures,,https://www.codingninjas.com/studio/problems/longest-increasing-subsequence_630459,https://www.geeksforgeeks.org/problems/longest-increasing-subsequence-1587115620/1,https://www.youtube.com/watch?v=on2hvxBXJH4,https://takeuforward.org/data-structure/longest-increasing-subsequence-binary-search-dp-43/,https://takeuforward.org/plus/dsa/problems/longest-increasing-subsequence,https://takeuforward.org/plus/dsa/problems/longest-increasing-subsequence?tab=editorial,,https://www.codingninjas.com/studio/problems/longest-increasing-subsequence_630459?utm_source=striver&utm_medium=website&utm_campaign=a_zcoursetuf,https://bit.ly/3Pxf84L,https://youtu.be/on2hvxBXJH4,,,,gfg:bitly_expanded_destination_unverified
427,16,Dynamic Programming [Patterns and Problems],7,DP on LIS,4,4,lrgstdivisiblsbstdp44,Largest Divisible Subset|(DP-44),Hard,2,Arrays | Recursion | Data Structures | Dynamic Programming,https://leetcode.com/problems/largest-divisible-subset/,https://www.codingninjas.com/studio/problems/divisible-set_3754960,https://www.geeksforgeeks.org/problems/largest-divisible-subset--170643/1,https://www.youtube.com/watch?v=gDuZwBW9VvM,https://takeuforward.org/data-structure/longest-divisible-subset-dp-44/,https://takeuforward.org/plus/dsa/problems/largest-divisible-subset,https://takeuforward.org/plus/dsa/problems/largest-divisible-subset?tab=editorial,,https://www.codingninjas.com/studio/problems/divisible-set_3754960?utm_source=striver&utm_medium=website&utm_campaign=a_zcoursetuf,https://bit.ly/3hYsWKC,https://youtu.be/gDuZwBW9VvM,,,,gfg:bitly_expanded_destination_unverified
428,16,Dynamic Programming [Patterns and Problems],7,DP on LIS,5,5,lngststringchindp45,Longest String Chain|(DP-45),Hard,2,String | Dynamic Programming | Data Structures | Recursion,https://leetcode.com/problems/longest-string-chain/,https://www.codingninjas.com/studio/problems/longest-string-chain_3752111,https://www.geeksforgeeks.org/problems/longest-string-chain/1,https://www.youtube.com/watch?v=YY8iBaYcc4g,https://takeuforward.org/data-structure/longest-string-chain-dp-45/,https://takeuforward.org/plus/dsa/problems/longest-string-chain,https://takeuforward.org/plus/dsa/problems/longest-string-chain?tab=editorial,,https://www.codingninjas.com/studio/problems/longest-string-chain_3752111?utm_source=striver&utm_medium=website&utm_campaign=a_zcoursetuf,https://bit.ly/3TSqOkS,https://youtu.be/YY8iBaYcc4g,,,,gfg:bitly_expanded_destination_unverified
429,16,Dynamic Programming [Patterns and Problems],7,DP on LIS,6,6,lngstbitnicsbsqncdp46,Longest Bitonic Subsequence |(DP-46),Hard,2,Arrays | Recursion | Data Structures | Dynamic Programming,,https://www.codingninjas.com/studio/problems/longest-bitonic-sequence_1062688,https://practice.geeksforgeeks.org/problems/longest-bitonic-subsequence0824/1,https://www.youtube.com/watch?v=y4vN0WNdrlg,https://takeuforward.org/data-structure/longest-bitonic-subsequence-dp-46/,https://takeuforward.org/plus/dsa/problems/longest-bitonic-subsequence,https://takeuforward.org/plus/dsa/problems/longest-bitonic-subsequence?tab=editorial,,https://www.codingninjas.com/studio/problems/longest-bitonic-sequence_1062688?utm_source=striver&utm_medium=website&utm_campaign=a_zcoursetuf,,https://youtu.be/y4vN0WNdrlg,,,,
430,16,Dynamic Programming [Patterns and Problems],7,DP on LIS,7,7,nmbrflngstincrsingsbsqncsdp47,Number of Longest Increasing Subsequences|(DP-47),Hard,2,Arrays | Dynamic Programming | Graph | Data Structures,https://leetcode.com/problems/number-of-longest-increasing-subsequence/,https://www.codingninjas.com/studio/problems/number-of-longest-increasing-subsequence_3751627,https://www.geeksforgeeks.org/problems/number-of-longest-increasing-subsequence/1,https://www.youtube.com/watch?v=cKVl1TFdNXg,https://takeuforward.org/data-structure/number-of-longest-increasing-subsequences-dp-47/,https://takeuforward.org/plus/dsa/problems/number-of-longest-increasing-subsequences,https://takeuforward.org/plus/dsa/problems/number-of-longest-increasing-subsequences?tab=editorial,,https://www.codingninjas.com/studio/problems/number-of-longest-increasing-subsequence_3751627?utm_source=striver&utm_medium=website&utm_campaign=a_zcoursetuf,https://bit.ly/3EohD60,https://youtu.be/cKVl1TFdNXg,,,,gfg:bitly_expanded_destination_unverified
431,16,Dynamic Programming [Patterns and Problems],8,MCM DP | Partition DP,1,1,mtrixchinmltiplictindp48,Matrix Chain Multiplication|(DP-48),Hard,2,Arrays | Dynamic Programming | Data Structures | Recursion,,https://www.codingninjas.com/studio/problems/matrix-chain-multiplication_624880,https://www.geeksforgeeks.org/problems/matrix-chain-multiplication0303/1,https://www.youtube.com/watch?v=vRVfmbCFW7Y,https://takeuforward.org/dynamic-programming/matrix-chain-multiplication-dp-48/,https://takeuforward.org/plus/dsa/problems/matrix-chain-multiplication,https://takeuforward.org/plus/dsa/problems/matrix-chain-multiplication?tab=editorial,,https://www.codingninjas.com/studio/problems/matrix-chain-multiplication_624880?utm_source=striver&utm_medium=website&utm_campaign=a_zcoursetuf,https://bit.ly/3Cgg36D,https://youtu.be/vRVfmbCFW7Y,,,,gfg:bitly_expanded_destination_unverified
432,16,Dynamic Programming [Patterns and Problems],8,MCM DP | Partition DP,2,2,mtrixchinmltiplictinbttmpdp49,Matrix Chain Multiplication | Bottom-Up|(DP-49),Hard,2,Arrays | Dynamic Programming | Recursion | Data Structures,,https://www.codingninjas.com/studio/problems/matrix-chain-multiplication_624880,https://www.geeksforgeeks.org/problems/matrix-chain-multiplication0303/1,https://www.youtube.com/watch?v=pDCXsbAw5Cg,https://takeuforward.org/data-structure/matrix-chain-multiplication-tabulation-method-dp-49/,https://takeuforward.org/plus/dsa/problems/matrix-chain-multiplication,https://takeuforward.org/plus/dsa/problems/matrix-chain-multiplication?tab=editorial,,https://www.codingninjas.com/studio/problems/matrix-chain-multiplication_624880?utm_source=striver&utm_medium=website&utm_campaign=a_zcoursetuf,https://bit.ly/3Cgg36D,https://youtu.be/pDCXsbAw5Cg,,,,gfg:bitly_expanded_destination_unverified
433,16,Dynamic Programming [Patterns and Problems],8,MCM DP | Partition DP,3,3,minimmcsttctthstickdp50,Minimum Cost to Cut the Stick|(DP-50),Hard,2,Arrays | Dynamic Programming | Data Structures | Recursion,https://leetcode.com/problems/minimum-cost-to-cut-a-stick/,https://www.codingninjas.com/studio/problems/rod-cutting-problem_800284,https://www.geeksforgeeks.org/problems/rod-cutting0840/1,https://www.youtube.com/watch?v=xwomavsC86c,https://takeuforward.org/data-structure/minimum-cost-to-cut-the-stick-dp-50/,https://takeuforward.org/plus/dsa/problems/minimum-cost-to-cut-the-stick,https://takeuforward.org/plus/dsa/problems/minimum-cost-to-cut-the-stick?tab=editorial,,https://www.codingninjas.com/studio/problems/rod-cutting-problem_800284?utm_source=striver&utm_medium=website&utm_campaign=a_zcoursetuf,https://bit.ly/3K3ItCE,https://youtu.be/xwomavsC86c,,,,gfg:bitly_expanded_destination_unverified
434,16,Dynamic Programming [Patterns and Problems],8,MCM DP | Partition DP,4,4,brstbllnsdp51,Burst Balloons|(DP-51),Hard,2,Arrays | Data Structures | Dynamic Programming | Recursion,https://leetcode.com/problems/burst-balloons/,https://www.codingninjas.com/codestudio/problems/burst-balloons_628471,https://www.geeksforgeeks.org/batch-problems/maximum-triple-product/1/,https://www.youtube.com/watch?v=Yz4LlDSlkns,https://takeuforward.org/data-structure/burst-balloons-partition-dp-dp-51/,https://takeuforward.org/plus/dsa/problems/burst-balloons,https://takeuforward.org/plus/dsa/problems/burst-balloons?tab=editorial,,https://www.codingninjas.com/codestudio/problems/burst-balloons_628471?utm_source=striver&utm_medium=website&utm_campaign=a_zcoursetuf,https://bit.ly/3A9LdKp,https://youtu.be/Yz4LlDSlkns,,,,gfg:bitly_expanded_destination_unverified
435,16,Dynamic Programming [Patterns and Problems],8,MCM DP | Partition DP,5,5,vltblnxprssinttrdp52,Evaluate Boolean Expression to True|(DP-52),Hard,2,String | Data Structures | Dynamic Programming | Recursion,https://leetcode.com/problems/parsing-a-boolean-expression/,https://www.codingninjas.com/studio/problems/boolean-evaluation_1214650,https://www.geeksforgeeks.org/problems/boolean-parenthesization5610/1,https://www.youtube.com/watch?v=MM7fXopgyjw,https://takeuforward.org/data-structure/evaluate-boolean-expression-to-true-partition-dp-dp-52/,,,,https://www.codingninjas.com/studio/problems/boolean-evaluation_1214650?utm_source=striver&utm_medium=website&utm_campaign=a_zcoursetuf,https://bit.ly/3QFAe2o,https://youtu.be/MM7fXopgyjw,,,,gfg:bitly_expanded_destination_unverified
436,16,Dynamic Programming [Patterns and Problems],8,MCM DP | Partition DP,6,6,plindrmprtitiningiidp53,Palindrome Partitioning - II|(DP-53),Hard,2,String | Data Structures | Dynamic Programming,https://leetcode.com/problems/palindrome-partitioning-ii/,https://www.codingninjas.com/studio/problems/palindrome-partitioning-ll_873266,https://www.geeksforgeeks.org/problems/palindromic-patitioning4845/1,https://www.youtube.com/watch?v=_H8V5hJUGd0,https://takeuforward.org/data-structure/palindrome-partitioning-ii-front-partition-dp-53/,https://takeuforward.org/plus/dsa/problems/palindrome-partitioning-ii-,https://takeuforward.org/plus/dsa/problems/palindrome-partitioning-ii-tab=editorial,,https://www.codingninjas.com/studio/problems/palindrome-partitioning-ll_873266?utm_source=striver&utm_medium=website&utm_campaign=a_zcoursetuf,https://bit.ly/3QP6gsc,https://youtu.be/_H8V5hJUGd0,,,,gfg:bitly_expanded_destination_unverified
437,16,Dynamic Programming [Patterns and Problems],8,MCM DP | Partition DP,7,7,prtitinrryfrmximmsmdp54,Partition Array for Maximum Sum|(DP-54),Hard,2,Arrays | Dynamic Programming | Recursion | Data Structures,https://leetcode.com/problems/partition-array-for-maximum-sum/,https://www.codingninjas.com/studio/problems/partition-array-for-maximum-sum_3755255,https://www.geeksforgeeks.org/problems/partition-array-for-maximum-sum/1,https://www.youtube.com/watch?v=PhWWJmaKfMc,https://takeuforward.org/data-structure/partition-array-for-maximum-sum-front-partition-dp-54/,,,,https://www.codingninjas.com/studio/problems/partition-array-for-maximum-sum_3755255?utm_source=striver&utm_medium=website&utm_campaign=a_zcoursetuf,https://bit.ly/3AUSIGj,https://youtu.be/PhWWJmaKfMc,,,,gfg:bitly_expanded_destination_unverified
438,16,Dynamic Programming [Patterns and Problems],9,DP on Squares,1,1,mximmrctnglrwithll1sdp55,Maximum Rectangle Area with all 1's|(DP-55),Hard,2,Arrays | Data Structures | Dynamic Programming | Recursion,https://leetcode.com/problems/maximal-rectangle/,,https://practice.geeksforgeeks.org/problems/max-rectangle/1,https://www.youtube.com/watch?v=tOylVCugy9k,https://takeuforward.org/data-structure/maximum-rectangle-area-with-all-1s-dp-on-rectangles-dp-55/,,,,,,https://youtu.be/tOylVCugy9k,,,,
439,16,Dynamic Programming [Patterns and Problems],9,DP on Squares,2,2,cntsqrsbmtricswithllnsdp56,Count Square Submatrices with All Ones|(DP-56),Hard,2,Arrays | Data Structures | Recursion | Dynamic Programming,https://leetcode.com/problems/count-square-submatrices-with-all-ones/,,https://www.geeksforgeeks.org/problems/count-square-submatrices-with-all-ones/1,https://www.youtube.com/watch?v=auS1fynpnjo,https://takeuforward.org/data-structure/count-square-submatrices-with-all-1s-dp-on-rectangles-dp-56/,,,,,https://bit.ly/3UW7u7o,https://youtu.be/auS1fynpnjo,,,,gfg:bitly_expanded_destination_unverified
440,17,Tries,1,Theory,1,1,implmnttriinsrtsrchstrtswith,Implement TRIE | INSERT | SEARCH | STARTSWITH,Hard,2,Trie | Data Structures,https://leetcode.com/problems/implement-trie-prefix-tree/,https://www.codingninjas.com/studio/problems/trie-implementation_1062581,https://www.geeksforgeeks.org/problems/trie-insert-and-search0651/1,https://www.youtube.com/watch?v=dBGUmUQhjaM,https://takeuforward.org/data-structure/implement-trie-1/,https://takeuforward.org/plus/dsa/problems/trie-implementation-and-operations,https://takeuforward.org/plus/dsa/problems/trie-implementation-and-operations?tab=editorial,,https://www.codingninjas.com/studio/problems/trie-implementation_1062581?utm_source=striver&utm_medium=website&utm_campaign=a_zcoursetuf,https://bit.ly/3pqacEj,https://www.youtube.com/watch?v=dBGUmUQhjaM&list=PLgUwDviBIf0pcIDCZnxhv0LkHf5KzG9zp,,,,gfg:bitly_expanded_destination_unverified
441,17,Tries,2,Problems,1,1,implmnttri2prfixtr,Implement Trie - 2 (Prefix Tree),Hard,2,Trie | Data Structures,https://www.naukri.com/code360/problems/implement-trie_1387095,https://www.codingninjas.com/studio/problems/trie-delete-operation_1062663,https://www.geeksforgeeks.org/problems/trie-delete/1,,https://takeuforward.org/data-structure/implement-trie-ii/,https://takeuforward.org/plus/dsa/problems/trie-implementation-and-advanced-operations,https://takeuforward.org/plus/dsa/problems/trie-implementation-and-advanced-operations?tab=editorial,https://bit.ly/3qwT4OL,https://www.codingninjas.com/studio/problems/trie-delete-operation_1062663?utm_source=striver&utm_medium=website&utm_campaign=a_zcoursetuf,https://bit.ly/3SUAiwJ,,,,,leetcode:domain_mismatch:naukri_code360; leetcode:bitly_expanded_destination_unverified; gfg:bitly_expanded_destination_unverified
442,17,Tries,2,Problems,2,2,lngststringwithllprfixs,Longest String with All Prefixes,Medium,1,String | Data Structures,https://www.naukri.com/code360/problems/complete-string_2687860,https://www.codingninjas.com/studio/problems/longest-common-prefix_2090383,https://www.geeksforgeeks.org/problems/longest-common-prefix-in-an-array5129/1,https://www.youtube.com/watch?v=AWnBa91lThI,,https://takeuforward.org/plus/dsa/problems/longest-word-with-all-prefixes,https://takeuforward.org/plus/dsa/problems/longest-word-with-all-prefixes?tab=editorial,https://bit.ly/3n3kedU,https://www.codingninjas.com/studio/problems/longest-common-prefix_2090383?utm_source=striver&utm_medium=website&utm_campaign=a_zcoursetuf,https://bit.ly/3Qx5AYB,https://www.youtube.com/watch?v=AWnBa91lThI&list=PLgUwDviBIf0pcIDCZnxhv0LkHf5KzG9zp&index=3,,,,leetcode:domain_mismatch:naukri_code360; leetcode:bitly_expanded_destination_unverified; gfg:bitly_expanded_destination_unverified
443,17,Tries,2,Problems,3,3,nmbrfdistinctsbstringsinstring,Number of Distinct Substrings in a String,Hard,2,String | Trie | Data Structures,https://www.naukri.com/code360/problems/count-distinct-substrings_985292,https://www.codingninjas.com/studio/problems/count-distinct-substrings_985292,https://practice.geeksforgeeks.org/problems/count-of-distinct-substrings/1,https://www.youtube.com/watch?v=RV0QeTyHZxo,https://takeuforward.org/data-structure/number-of-distinct-substrings-in-a-string-using-trie/,https://takeuforward.org/plus/dsa/problems/number-of-distinct-substrings-in-a-string,https://takeuforward.org/plus/dsa/problems/number-of-distinct-substrings-in-a-string?tab=editorial,https://bit.ly/3ocRQW0,https://www.codingninjas.com/studio/problems/count-distinct-substrings_985292?utm_source=striver&utm_medium=website&utm_campaign=a_zcoursetuf,,https://www.youtube.com/watch?v=RV0QeTyHZxo&list=PLgUwDviBIf0pcIDCZnxhv0LkHf5KzG9zp&index=4,,,,leetcode:domain_mismatch:naukri_code360; leetcode:bitly_expanded_destination_unverified
444,17,Tries,2,Problems,4,4,bitprrqisitsfrtriprblms,Bit PreRequisites for TRIE Problems,Hard,2,Trie | Data Structures,,https://www.codingninjas.com/codestudio/problems/bitwise-basic-operations_8382552,https://www.geeksforgeeks.org/problems/bits-basic-operations/1,https://www.youtube.com/watch?v=5iyuU4hQFrw,,,,,https://www.codingninjas.com/codestudio/problems/bitwise-basic-operations_8382552?utm_source=striver&utm_medium=website&utm_campaign=a_zcoursetuf,https://bit.ly/3Vw4XB1,https://youtu.be/5iyuU4hQFrw,,,,gfg:bitly_expanded_destination_unverified
445,17,Tries,2,Problems,5,5,mximmxrftwnmbrsinnrry,Maximum XOR of two numbers in an array,Medium,1,Arrays | Hashing | Bit Manipulation | Data Structures | Trie,https://leetcode.com/problems/maximum-xor-of-two-numbers-in-an-array/,https://www.codingninjas.com/codestudio/problems/maximum-xor_3119012,https://practice.geeksforgeeks.org/problems/maximum-xor-of-two-numbers-in-an-array/0,https://www.youtube.com/watch?v=EIhAwfHubE8,https://takeuforward.org/data-structure/maximum-xor-of-two-numbers-in-an-array/,https://takeuforward.org/plus/dsa/problems/maximum-xor-of-two-numbers-in-an-array,https://takeuforward.org/plus/dsa/problems/maximum-xor-of-two-numbers-in-an-array?tab=editorial,,https://www.codingninjas.com/codestudio/problems/maximum-xor_3119012?utm_source=striver&utm_medium=website&utm_campaign=a_zcoursetuf,,https://www.youtube.com/watch?v=EIhAwfHubE8&list=PLgUwDviBIf0pcIDCZnxhv0LkHf5KzG9zp&index=6,,,,
446,17,Tries,2,Problems,6,6,mximmxrwithnlmntfrmrry,Maximum XOR With an Element From Array,Hard,2,Arrays | Bit Manipulation | Trie | Data Structures,https://leetcode.com/problems/maximum-xor-with-an-element-from-array/,https://www.codingninjas.com/studio/problems/maximum-xor-with-an-element-from-array_1382020,https://www.geeksforgeeks.org/problems/maximum-xor-with-an-element-from-array/1,https://www.youtube.com/watch?v=Q8LhG9Pi5KM,https://takeuforward.org/trie/maximum-xor-queries-trie/,https://takeuforward.org/plus/dsa/problems/maximum-xor-with-an-element-from-an-array,https://takeuforward.org/plus/dsa/problems/maximum-xor-with-an-element-from-an-array?tab=editorial,,https://www.codingninjas.com/studio/problems/maximum-xor-with-an-element-from-array_1382020?utm_source=striver&utm_medium=website&utm_campaign=a_zcoursetuf,https://bit.ly/3tNYB3Y,https://www.youtube.com/watch?v=Q8LhG9Pi5KM&list=PLgUwDviBIf0pcIDCZnxhv0LkHf5KzG9zp&index=7,,,,gfg:bitly_expanded_destination_unverified
447,18,Strings,1,Hard Problems,1,1,minimmnmbrfbrcktrvrslsnddtmknxprssinblncd,Minimum number of bracket reversals needed to make an expression balanced,Medium,1,String | Stack | Two Pointer | Greedy,https://leetcode.com/problems/minimum-add-to-make-parentheses-valid/,https://www.codingninjas.com/studio/problems/minimum-cost-to-make-string-valid_1115770,https://practice.geeksforgeeks.org/problems/count-the-reversals0401/1,,,https://takeuforward.org/plus/dsa/problems/minimum-number-of-bracket-reversals-to-make-an-expression-balanced,https://takeuforward.org/plus/dsa/problems/minimum-number-of-bracket-reversals-to-make-an-expression-balanced?tab=editorial,,https://www.codingninjas.com/studio/problems/minimum-cost-to-make-string-valid_1115770?utm_source=striver&utm_medium=website&utm_campaign=a_zcoursetuf,,,,,,
448,18,Strings,1,Hard Problems,2,2,cntndsy,Count and say,Medium,1,String | Data Structures,https://leetcode.com/problems/count-and-say/,https://www.codingninjas.com/studio/problems/look-and-say-sequence_668478,https://www.geeksforgeeks.org/problems/decode-the-pattern1138/1,,,https://takeuforward.org/plus/dsa/problems/count-and-say,https://takeuforward.org/plus/dsa/problems/count-and-say?tab=editorial,,https://www.codingninjas.com/studio/problems/look-and-say-sequence_668478?utm_source=striver&utm_medium=website&utm_campaign=a_zcoursetuf,https://bit.ly/3AFdLwR,,,,,gfg:bitly_expanded_destination_unverified
449,18,Strings,1,Hard Problems,3,3,hshinginstringsthry,Hashing In Strings | Theory,Medium,1,Hashing | Data Structures,,https://www.codingninjas.com/codestudio/problems/first-occurence-of-a-pattern-in-a-text_8416393,https://www.geeksforgeeks.org/problems/index-of-the-first-occurrence-of-pattern-in-a-text/1,,,,,,https://www.codingninjas.com/codestudio/problems/first-occurence-of-a-pattern-in-a-text_8416393?utm_source=striver&utm_medium=website&utm_campaign=a_zcoursetuf,https://bit.ly/3glak75,,,,,gfg:bitly_expanded_destination_unverified
450,18,Strings,1,Hard Problems,4,4,rbinkrp,Rabin Karp,Hard,2,String | Data Structures,https://leetcode.com/problems/repeated-string-match/discuss/416144/Rabin-Karp-algorithm-C%2B%2B-implementation,https://www.codingninjas.com/codestudio/problems/stringmatch-rabincarp_1115738,https://practice.geeksforgeeks.org/problems/31272eef104840f7430ad9fd1d43b434a4b9596b/1,,,https://takeuforward.org/plus/dsa/problems/rabin-karp-algorithm,https://takeuforward.org/plus/dsa/problems/rabin-karp-algorithm?tab=editorial,,https://www.codingninjas.com/codestudio/problems/stringmatch-rabincarp_1115738?utm_source=striver&utm_medium=website&utm_campaign=a_zcoursetuf,,,,,,
451,18,Strings,1,Hard Problems,5,5,zfnctin,Z-Function,Easy,0,String | Data Structures,https://leetcode.com/problems/implement-strstr/,https://www.codingninjas.com/codestudio/problems/pattern-searching-using-z-algorithm_8395752,https://practice.geeksforgeeks.org/problems/8dcd25918295847b4ced54055eae35a8501181c1/1,,,https://takeuforward.org/plus/dsa/problems/z-function,https://takeuforward.org/plus/dsa/problems/z-function?tab=editorial,,https://www.codingninjas.com/codestudio/problems/pattern-searching-using-z-algorithm_8395752?utm_source=striver&utm_medium=website&utm_campaign=a_zcoursetuf,,,,,,
452,18,Strings,1,Hard Problems,6,6,kmplglpspirry,KMP algo / LPS(pi) array,Hard,2,String | Data Structures,https://leetcode.com/problems/implement-strstr/,https://www.codingninjas.com/codestudio/problems/search-pattern-kmp-algorithm_8416386,https://practice.geeksforgeeks.org/problems/search-pattern0205/1,,,https://takeuforward.org/plus/dsa/problems/kmp-algorithm-or-lps-array,https://takeuforward.org/plus/dsa/problems/kmp-algorithm-or-lps-array?tab=editorial,,https://www.codingninjas.com/codestudio/problems/search-pattern-kmp-algorithm_8416386?utm_source=striver&utm_medium=website&utm_campaign=a_zcoursetuf,,,,,,
453,18,Strings,1,Hard Problems,7,7,shrtstplindrm,Shortest Palindrome,Hard,2,String | Hashing | Data Structures,https://leetcode.com/problems/shortest-palindrome/,https://www.codingninjas.com/studio/problems/minimum-characters-for-palindrome_893000,https://www.geeksforgeeks.org/problems/minimum-characters-to-be-added-at-front-to-make-string-palindrome/1,,,https://takeuforward.org/plus/dsa/problems/shortest-palindrome,https://takeuforward.org/plus/dsa/problems/shortest-palindrome?tab=editorial,,https://www.codingninjas.com/studio/problems/minimum-characters-for-palindrome_893000?utm_source=striver&utm_medium=website&utm_campaign=a_zcoursetuf,https://bit.ly/3PxCaIE,,,,,gfg:bitly_expanded_destination_unverified
454,18,Strings,1,Hard Problems,8,8,lngsthppyprfix,Longest happy prefix,Hard,2,String | Hashing,https://leetcode.com/problems/longest-happy-prefix/,https://www.codingninjas.com/studio/problems/longest-prefix-which-is-suffix_3146849,https://www.geeksforgeeks.org/problems/longest-prefix-suffix2527/1,,,https://takeuforward.org/plus/dsa/problems/longest-happy-prefix,https://takeuforward.org/plus/dsa/problems/longest-happy-prefix?tab=editorial,,https://www.codingninjas.com/studio/problems/longest-prefix-which-is-suffix_3146849?utm_source=striver&utm_medium=website&utm_campaign=a_zcoursetuf,https://bit.ly/3ptCpKi,,,,,gfg:bitly_expanded_destination_unverified
455,18,Strings,1,Hard Problems,9,9,cntplindrmicsbsqncingivnstring,Count palindromic subsequence in given string,Hard,2,String | Dynamic Programming | Data Structures,,https://www.codingninjas.com/studio/problems/count-palindromic-subsequences_1062696,https://practice.geeksforgeeks.org/problems/count-palindromic-subsequences/1,,,,,,https://www.codingninjas.com/studio/problems/count-palindromic-subsequences_1062696?utm_source=striver&utm_medium=website&utm_campaign=a_zcoursetuf,"https://practice.geeksforgeeks.org/problems/count-palindromic-subsequences/1#:~:text=Given%20a%20string%20str%20of,formed%20from%20the%20string%20str.&text=Your%20Task%3A,read%20input%20or%20print%20anything.",,,,,
